facultad,indice,seccion,anio,titulo,primer_autor,autor_correspondencia,autor_uft,doi,en_universo_scopus,eid_scopus,anio_scopus
Facultad de Medicina y Salud,#001,Escuela de Medicina,2025.0,Unraveling the association between obesity and climacteric symptoms: a generalized structural equation modeling approach,"Aedo, Sócrates","Aedo, Sócrates","Aedo, Sócrates",10.1097/gme.0000000000002620,False,,
Facultad de Medicina y Salud,#002,Escuela de Medicina,2025.0,Risk of sarcopenia: A red flag for cognitive decline in postmenopause?,"Vallejo, María S.","Blümel, Juan E.","Aedo, Sócrates",10.1016/j.maturitas.2025.108193,True,2-s2.0-85215067709,2025.0
Facultad de Medicina y Salud,#003,Escuela de Medicina,2025.0,Severe obesity and menopause symptoms are associated with cognitive impairment in postmenopausal women from Latin America,"Blümel, Juan E.","Blümel, Juan E.","Aedo, Sócrates",10.1080/13697137.2025.2491637,True,2-s2.0-105003482174,2025.0
Facultad de Medicina y Salud,#004,Escuela de Medicina,2025.0,"Premorbid school performance trajectories in patients with treatment-resistant schizophrenia prescribed clozapine in the public health system in Chile: a case-control study, 2007–2020",José Conejeros-Pavez,Nicolás Crossley,Alfonso González-Valderrama,10.1017/s0033291725101062,True,2-s2.0-105011399576,2025.0
Facultad de Medicina y Salud,#005,Escuela de Medicina,2025.0,"Human development, inequality, and their associations with brain structure across 29 countries",Vicente Medel,Nicolás Crossley,Alfonso González-Valderrama,10.1192/j.eurpsy.2025.10060,True,2-s2.0-105010933575,2025.0
Facultad de Medicina y Salud,#006,Escuela de Medicina,2025.0,Longitudinal changes in striatocortical connectivity in firstepisode psychosis associated with the emergence of treatment resistance,Angeles Tepper,Nicolás Crossley,Alfonso González-Valderrama; Rubén Nachar,10.1038/s41537-025-00653-7,True,2-s2.0-105013392942,2025.0
Facultad de Medicina y Salud,#007,Escuela de Medicina,2025.0,Cognitive function at first episode in patients subsequently developing treatment-resistant schizophrenia,Juan M. Aguirre,Nicolás Crossley,Alfonso González-Valderrama; Rubén Nachar,10.1016/j.schres.2025.01.017,True,2-s2.0-85216599084,2025.0
Facultad de Medicina y Salud,#008,Escuela de Medicina,2025.0,Challenges in cerebral hemorrhage and liver cirrhosis. Bilateral ventricular shunt as a therapeutic alternative,"Arroyo, Antonio","Arroyo, Antonio","Arroyo, Antonio Ramos, Andrés Reccius, Andrés",10.1016/j.rmclc.2025.04.004,True,2-s2.0-105003572556,2025.0
Facultad de Medicina y Salud,#009,Escuela de Medicina,2025.0,Desafíos en hemorragia cerebral y cirrosis hepática. Derivación ventricular bilateral como alternativa terapéutica. [Challenges in cerebral hemorrhage and liver cirrhosis. Bilateral ventricular shunt as a therapeutic alternative],"Arroyo, Antonio","Arroyo, Antonio","Arroyo, Antonio Ramos, Andrés Reccius, Andrés",10.1016/j.rmclc.2025.04.004,True,2-s2.0-105003572556,2025.0
Facultad de Medicina y Salud,#010,Escuela de Medicina,2025.0,Síndrome de hipotensión intracraneal en paciente neurocrítico: reporte de caso,"Arroyo, Antonio","Arroyo, Antonio","Arroyo, Antonio Reccius, Andrés",10.1016/j.rmclc.2025.04.002,True,2-s2.0-105003736290,2025.0
Facultad de Medicina y Salud,#011,Escuela de Medicina,2025.0,Síndrome de hipotensión intracraneal en paciente neurocrítico: reporte de caso. [Intracranial hypotension syndrome in neurocritical patient: a case report],"Arroyo, Antonio","Arroyo, Antonio","Arroyo, Antonio Reccius, Andrés",10.1093/icvts/ivaf004,True,2-s2.0-85217580314,2025.0
Facultad de Medicina y Salud,#012,Escuela de Medicina,2025.0,Síndrome vasopléjico inducido por protamina. La importancia del ECLS con ECMO y protocolo CALS en casos complejos. [Protamine induced vasoplegic syndrome. The importance of ECLS with ECMO and CALS protocol in complex cases],"Arroyo, Antonio","Arroyo, Antonio","Arroyo, Antonio Zamorano, Anibal",10.1016/j.rmclc.2025.04.003,True,2-s2.0-105003571817,2025.0
Facultad de Medicina y Salud,#013,Escuela de Medicina,2025.0,Impact of Teleworking on Work-Related and Home-Related Stress at During the First Global Lockdown-The International COVISTRESS Study,"Couarraze, Sébastien","Couarraze, Sébastien","Avilès Dorlhiac, Raimundo",10.1002/brb3.70592,True,2-s2.0-105008048845,2025.0
Facultad de Medicina y Salud,#014,Escuela de Medicina,2025.0,Management of alcohol use disorder: a gastroenterology and hepatology-focused perspective,"Díaz, Luis Antonio","Arab, Juan Pablo","Ayares, Gustavo",10.1016/s2468-1253(24)00380-7,True,2-s2.0-86000364846,2025.0
Facultad de Medicina y Salud,#015,Escuela de Medicina,2025.0,MetALD: New Perspectives on an Old Overlooked Disease,"Ayares, Gustavo","Arrese, Marco","Ayares, Gustavo",10.1111/liv.70017,True,2-s2.0-105002132315,2025.0
Facultad de Medicina y Salud,#016,Escuela de Medicina,2025.0,Neurogastroenterology and motility disorders in patients with cirrhosis,"Idalsoaga, Francisco","Díaz, Luis Antonio","Ayares, Gustavo",10.1097/hc9.0000000000000622,True,2-s2.0-85214533457,2025.0
Facultad de Medicina y Salud,#017,Escuela de Medicina,2025.0,c-Abl/TFEB Pathway Activation as a Common Pathogenic Mechanism in Lysosomal Storage Diseases: Therapeutic Potential of c-Abl Inhibitors,"Guerra, Miguel V.","Zanlungo, Silvana","Balboa, Elisa",10.3390/antiox14050611,True,2-s2.0-105006560342,2025.0
Facultad de Medicina y Salud,#018,Escuela de Medicina,2025.0,Connexin hemichannels and early atrophic signaling in muscle during sepsis,"Balboa, Elisa","Balboa, Elisa","Balboa, Elisa",10.3389/fphys.2025.1514769,True,2-s2.0-105000057258,2025.0
Facultad de Medicina y Salud,#019,Escuela de Medicina,2025.0,Effect of trunk upward verticalization on pulmonary vascular resistance in ARDS,"Benites, Martín H.","Retamal, Jaime","Benites, Martín H.",10.1186/s13054-025-05313-x,True,2-s2.0-85219634773,2025.0
Facultad de Medicina y Salud,#020,Escuela de Medicina,2025.0,Ventilation-induced acute kidney injury in acute respiratory failure: Do PEEP levels matter?,"Benites, Martín H.","Retamal, Jaime","Benites, Martín H.",10.1186/s13054-025-05343-5,True,2-s2.0-105000547419,2025.0
Facultad de Medicina y Salud,#021,Escuela de Medicina,2025.0,Surgical management experience of pressure injuries during the COVID-19 pandemic,"Cárdenas Larenas, Juan Pablo","Guardia Castro, Daniela","Cárdenas Larenas, Juan Pablo Guardia Castro, Daniela Arauco Rodríguez, Daniela Beytia Osses, Ignacia Bencina Matus, Francisco Moraga Concha, Javier",10.35687/s2452-454920250032541,True,2-s2.0-105006493357,2025.0
Facultad de Medicina y Salud,#022,Escuela de Medicina,2025.0,"Epidemiological and microbiological characteristics of S. aureus pediatric infections in Colombia 2018–2021, a national multicenter study (Staphylored Colombia)","Gutierrez-Tobar, Ivan","Gutierrez-Tobar, Ivan","Carvajal, Cristobal",10.3389/fped.2024.1386310,True,2-s2.0-85196095290,2024.0
Facultad de Medicina y Salud,#023,Escuela de Medicina,2025.0,Patient and caregiver spinal muscular atrophy treatment attribute preferences in Latin America,"Saenz, Victoria","Nayara, Carlos","Castiglioni, Claudia",10.1177/22143602251320267,True,2-s2.0-105013525045,2025.0
Facultad de Medicina y Salud,#024,Escuela de Medicina,2025.0,"Mapping variants in thyroid hormone transporter MCT8 to disease severity by genomic, phenotypic, functional, structural and deep learning integration","Groeneweg, Stefan","Visser, W. Edward","Castiglioni, Claudia",10.1038/s41467-025-56628-w,True,2-s2.0-105000111424,2025.0
Facultad de Medicina y Salud,#025,Escuela de Medicina,2025.0,VMA21-X-linked myopathy in Peru: characterization of three families,"Martínez-Esteban, Peggy","Malfatti, Edoardo","Castiglioni, Claudia",10.1016/j.nmd.2025.105311,True,2-s2.0-85217742186,2025.0
Facultad de Medicina y Salud,#026,Escuela de Medicina,2025.0,Pharmacogenomics in Solid Tumors: A Comprehensive Review of Genetic Variability and Its Clinical Implications,"Sánchez-Bayona, Rodrigo","Sánchez-Bayona, Rodrigo","Catalán, Camila",10.3390/cancers17060913,True,2-s2.0-105001299109,2025.0
Facultad de Medicina y Salud,#027,Escuela de Medicina,2025.0,Pharmacogenomics in Solid Tumors: A Comprehensive Review of Genetic Variability and Its Clinical Implications,"Sánchez-Bayona, Rodrigo","Sánchez-Bayona, Rodrigo","Catalán, Camila",10.3390/cancers17060913,True,2-s2.0-105001299109,2025.0
Facultad de Medicina y Salud,#028,Escuela de Medicina,2025.0,BCGitis: Absceso pélvico por Mycobacterium bovis BCG posterior a inmunoterapia en cáncer de vejiga. Reporte de un caso.,"Cerda, Eduardo","Cerda, Eduardo","Cerda, Eduardo García de Urbina, Katerine Ferre, Andrés Dreyse, Jorge Giglio, Andrés Valenzuela, Rodolfo",10.1016/j.rmclc.2025.03.004,True,2-s2.0-105003546905,2025.0
Facultad de Medicina y Salud,#029,Escuela de Medicina,2025.0,Enhancing the Affinity of a Novel Selective scFv for Soluble ST2 through Computational Design,"Matthies, Douglas J.","Hermoso, Marcela A.","De la Fuente López, Marjorie Landskron, Glauben",10.1021/acs.jcim.4c02027,True,2-s2.0-105005943336,2025.0
Facultad de Medicina y Salud,#030,Escuela de Medicina,2025.0,Liver X receptor unlinks intestinal regeneration and tumorigenesis,"Das, Srustidhar","Villablanca, Eduardo J.","De la Fuente, Marjorie",10.1038/s41586-024-08247-6,True,2-s2.0-85209738764,2025.0
Facultad de Medicina y Salud,#031,Escuela de Medicina,2025.0,Análisis de la epidemia estacional por virus respiratorios y virus respiratorio sincicial (VRS) del año 2023 comparado con cohorte prepandemia (2015-2019) en Chile. [(RSV) in 2023 in Chile compared to the pre-pandemic cohort (2015-2019)],"Díaz, Franco","Díaz, Franco","Díaz, Franco",10.32641/andespediatr.v96i1.5306,True,2-s2.0-85219011365,2025.0
Facultad de Medicina y Salud,#032,Escuela de Medicina,2025.0,Functional echocardiography identifies association between early ventricular dysfunction and outcome in pediatric sepsis,"Reveco, Sonia","Barbagelata, Stella","Díaz, Franco",10.3389/fped.2025.1570519,True,2-s2.0-105008230374,2025.0
Facultad de Medicina y Salud,#033,Escuela de Medicina,2025.0,Pediatric fluid resuscitation: an oxymoron?,"Díaz, Franco","Díaz, Franco","Díaz, Franco",10.3389/fped.2025.1594336,True,2-s2.0-105009283774,2025.0
Facultad de Medicina y Salud,#034,Escuela de Medicina,2025.0,Critical Asthma in Infancy and Toddlers: How Can We Mechanically Discriminate From Critical Bronchiolitis?,"Cruces, Pablo","Cruces, Pablo","Díaz, Franco",10.1002/ppul.27386,True,2-s2.0-85208177034,2025.0
Facultad de Medicina y Salud,#035,Escuela de Medicina,2025.0,Risk factors and outcomes of pediatric non-invasive respiratory support failure in Latin America,"Escobar-Serna, Diana Paola","Vasquez-Hoyos, Pablo","Díaz, Franco",10.1016/j.jointm.2024.09.001,True,2-s2.0-105001330915,2025.0
Facultad de Medicina y Salud,#036,Escuela de Medicina,2025.0,Pharmacological Research Agenda on Adult Extracorporeal Membrane Oxygenation Using the Delphi Method: A Position Article of the Extracorporeal Membrane Oxygenation Pharmacology Network,"Morales Castro, Diana","Shekar, Kiran Dzierba, Amy L.","Ferre, Andres",10.1097/ccm.0000000000006806,True,2-s2.0-105012890637,2025.0
Facultad de Medicina y Salud,#037,Escuela de Medicina,2025.0,In situ simulation in the intensive care unit: A phenomenological study of staff experiences,"Ferre, Andres","Giglio, Andrés","Ferre, Andres**, Giglio, Andres*, Van Sint Jan, Nicolette ***, Benites, Martin**, Dreyse, Jorge**, Hasbun, Pablo**",10.1177/02676591241272058,True,2-s2.0-85200962404,2025.0
Facultad de Medicina y Salud,#038,Escuela de Medicina,2025.0,Reporte de caso: mioclonias inducidas por quetiapina. [Quetiapine-induced myoclonus: case report],"Franchello, Marcos","Franchello, Marcos","Franchello, Marcos",10.1016/j.rmclc.2025.03.005,True,2-s2.0-105003732653,2025.0
Facultad de Medicina y Salud,#039,Escuela de Medicina,2025.0,The shapeshifting landscape of academic publishing in pediatrics: focus on Open Access,Franco Díaz,Franco Díaz,Franco Díaz,10.32641/andespediatr.v96i6.5684,True,2-s2.0-105030927249,2025.0
Facultad de Medicina y Salud,#040,Escuela de Medicina,2025.0,Reducing variability and improving safety: the need for protocolized care in pediatric diabetic ketoacidosis],Franco Díaz,Franco Díaz,Franco Díaz,10.32641/andespediatr.v96i6.6008,True,2-s2.0-105026244514,2025.0
Facultad de Medicina y Salud,#041,Escuela de Medicina,2025.0,Kawasaki Disease and Pediatric Multisystem Inflammatory Syndrome in the Aftermath of the Pandemic],Franco Díaz,Franco Díaz,Franco Díaz,10.32641/andespediatr.v96i4.5361,True,2-s2.0-105011376001,2025.0
Facultad de Medicina y Salud,#042,Escuela de Medicina,2025.0,Pediatric fluid resuscitation: an oxymoron?,Franco Díaz,Franco Díaz,Franco Díaz,10.3389/fped.2025.1594336,True,2-s2.0-105009283774,2025.0
Facultad de Medicina y Salud,#043,Escuela de Medicina,2025.0,Functional echocardiography identifies association between early ventricular dysfunction and outcome in pediatric sepsis,Sonia Reveco,Stella Barbagelata,Franco Díaz,10.3389/fped.2025.1570519,True,2-s2.0-105008230374,2025.0
Facultad de Medicina y Salud,#044,Escuela de Medicina,2025.0,Risk factors and outcomes of pediatric non-invasive respiratory support failure in Latin America,Diana Paola Escobar-Serna,Pablo Vasquez-Hoyos,Franco Díaz,10.1016/j.jointm.2024.09.001,True,2-s2.0-105001330915,2025.0
Facultad de Medicina y Salud,#045,Escuela de Medicina,2025.0,Snapshot of a Decade Idiopathic Inflammatory Myopathies in Chile-A 10-Year Short Report,"Ramirez, Paulina","Giglio, Andrés","Giglio, Andrés",10.1097/rhu.0000000000002230,True,2-s2.0-105003371923,2025.0
Facultad de Medicina y Salud,#046,Escuela de Medicina,2025.0,Cost-effectiveness of dabigatran for thromboembolic events prevention in atrial fibrillation patients in Chile,"Abbot, Tomás","Espinoza, Manuel","Giglio, Andrés",10.1186/s12962-025-00642-8,True,2-s2.0-105010226179,2025.0
Facultad de Medicina y Salud,#047,Escuela de Medicina,2025.0,Very old patients in the ICU in Latin America: A narrative review [Pacientes muy mayores en las UCI de Latinoamérica: una revisión narrativa],"Giglio, Andrés","Salech, Felipe","Giglio, Andrés Barrientos, Javiera Ferre, Andrés",10.1016/j.regg.2024.101560,True,2-s2.0-85205816233,2025.0
Facultad de Medicina y Salud,#048,Escuela de Medicina,2025.0,Nasal myiasis: an infrequent cause of sinusitis in a critical care patient,"Giglio, Andrés","Giglio, Andrés","Giglio, Andres Ferre, Andres Dreyse, Jorge",10.1136/bcr-2024-263124,True,2-s2.0-85215072903,2025.0
Facultad de Medicina y Salud,#049,Escuela de Medicina,2025.0,Should we move beyond the concept of fluid responsiveness?,"Giglio, Andrés","Giglio, Andrés","Giglio, Andres Tovar, Weimar Pedreros, Cesar Ferre, Andres",10.1007/s00134-025-07787-3,True,2-s2.0-85217262308,2025.0
Facultad de Medicina y Salud,#050,Escuela de Medicina,2025.0,Optimal Arterial Pressure Transducer Positioning for Neurocritical Care Patients: A Review,"Giglio, Andrés","Giglio, Andrés","Giglio, Andrés* Ferre, Andrés** Hasbun, Pablo**",10.1089/neu.2024.0463,True,2-s2.0-105009929678,2025.0
Facultad de Medicina y Salud,#051,Escuela de Medicina,2025.0,Artificial Intelligence in Speech-Language Pathology and Dysphagia: A Review From Latin American Perspective and Pilot Test of LLMs for Rehabilitation Planning,"Gallano, Giuliano","Giglio, Andrés","Giglio, Andrés*, Ferre, Andrés**",10.1016/j.jvoice.2025.04.010,True,2-s2.0-105003932507,2025.0
Facultad de Medicina y Salud,#052,Escuela de Medicina,2025.0,"Human development, inequality, and their associations with brain structure across 29 countries","Medel, Vicente","Crossley, Nicolas A.","González-Valderrama, Alfonso",10.1192/j.eurpsy.2025.10060,True,2-s2.0-105010933575,2025.0
Facultad de Medicina y Salud,#053,Escuela de Medicina,2025.0,Cognitive function at first episode in patients subsequently developing treatment-resistant schizophrenia,"Aguirre, Juan M.","Crossley, Nicolas A.","González-Valderrama, Alfonso Nachar, Rubén",10.1016/j.schres.2025.01.017,True,2-s2.0-85216599084,2025.0
Facultad de Medicina y Salud,#054,Escuela de Medicina,2025.0,Sleep Restriction and Weekend Sleep Compensation Relate to Eating Behavior in School-Aged Children,"Chamorro, Rodrigo","Weisstaub, Gerardo","Gutierrez, Mariolly",10.2147/nss.s509636,True,2-s2.0-105012222866,2025.0
Facultad de Medicina y Salud,#055,Escuela de Medicina,2025.0,Acné grave de la infancia media tratado con isotretinoína. [Severe middle childhood acne treated with isotretinoin],"González, Ángelo","Darlic, Valentina","Hartmann Schatloff, Dan",10.1016/j.piel.2024.04.006,True,2-s2.0-85203202321,2025.0
Facultad de Medicina y Salud,#056,Escuela de Medicina,2025.0,Hamartoma neurocrístico con afectación extensa del cuero cabelludo: un tumor enigmático,"González, Ángelo","González, Ángelo","Hartmann Schatloff, Dan",10.1016/j.piel.2024.05.004,True,2-s2.0-85206632773,2025.0
Facultad de Medicina y Salud,#057,Escuela de Medicina,2025.0,Nevo de Hori [Hori&#x27;s Nevus],"González, Ángelo","González, Ángelo","Hartmann Schatloff, Dan",10.1016/j.piel.2024.03.020,True,2-s2.0-85200537072,2025.0
Facultad de Medicina y Salud,#058,Escuela de Medicina,2025.0,Facial pemphigus vegetans mimicking squamous cell carcinoma: when dermoscopy confuses the diagnosis,"Lobos, Nelson","Lobos, Nelson","Hartmann Schatloff, Dan",10.1016/j.abd.2024.05.009,True,2-s2.0-85215558913,2025.0
Facultad de Medicina y Salud,#059,Escuela de Medicina,2025.0,Glomangiosarcoma arising from traumatic lesion in the elbow,"Lobos, Nelson","Lobos, Nelson","Hartmann Schatloff, Dan",10.1016/j.abd.2024.05.010,True,2-s2.0-85214559954,2025.0
Facultad de Medicina y Salud,#060,Escuela de Medicina,2025.0,Enhancing crisis communication through visual CPR documentation,"Hasbun, Pablo","Ferre, Andrés","Hasbun, Pablo**, García, Javiera***, Ferre, Andrés**, Giglio, Andrés*",10.1016/j.resplu.2025.100915,True,2-s2.0-86000137197,2025.0
Facultad de Medicina y Salud,#061,Escuela de Medicina,2025.0,Chilean brush-tailed mouse (Octodon degus): a diurnal precocial rodent as a new model to study visual receptive field properties of superior colliculus neurons,"Márquez, Natalia I.","Pallas, Sarah L.","J Marín, Gonzalo",10.1152/jn.00128.2024,True,2-s2.0-85215558958,2025.0
Facultad de Medicina y Salud,#062,Escuela de Medicina,2025.0,Treatment of small intestinal bacterial overgrowth in Chilean patients with irritable bowel syndrome: A prospective and comparative study,"von Muhlenbrock, C.","Madrid, A.M.","Landskron, Glauben",10.1016/j.rgmxen.2024.08.003,False,,
Facultad de Medicina y Salud,#063,Escuela de Medicina,2025.0,Use of Radiofrequency in Robot-Assisted Partial Nephrectomy for Small Tumors: A Novel Technique+G68:G82,"Larrañaga, Matías","Velasco, Alfredo","Larranaga, Matias Ibanez, Helga",10.3390/curroncol32050246,True,2-s2.0-105006776695,2025.0
Facultad de Medicina y Salud,#064,Escuela de Medicina,2025.0,"Social Media and Plastic Surgery, the Good, the Bad, and Where are We Going?","Maldonado J., Daniela","Maldonado J., Daniela","Maldonado J., Daniela",10.1007/s00266-025-04748-5,True,2-s2.0-86000772886,2025.0
Facultad de Medicina y Salud,#065,Escuela de Medicina,2025.0,Seasonal transcriptome profile across three different tissues of the Andean Killifish Orestias ascotanensis,"Maldonado-Agurto, Rodrigo","Montecino, Martin","Maldonado-Agurto, Rodrigo",10.1038/s41597-025-05345-6,True,2-s2.0-105007903192,2025.0
Facultad de Medicina y Salud,#066,Escuela de Medicina,2025.0,The role of cellular senescence in endothelial dysfunction and vascular remodelling in arteriovenous fistula maturation,"González, Ignacia","Maldonado-Agurto, Rodrigo","Maldonado-Agurto, Rodrigo González, Ignacia",10.1113/jp287387,False,,
Facultad de Medicina y Salud,#067,Escuela de Medicina,2025.0,Transcriptional activation of genes associated with the matrisome is a common feature of senescent endothelial cells,"González, Ignacia","Maldonado-Agurto, Rodrigo","Maldonado-Agurto, Rodrigo González, Ignacia",10.1007/s10522-025-10191-5,True,2-s2.0-85218453368,2025.0
Facultad de Medicina y Salud,#068,Escuela de Medicina,2025.0,Evaluation of the evidence-based practices for the management of PCOS in the Latin America context: the consensus of the Latin American Association of Gynecological Endocrinology (ALEG),"Mara Spritzer, Poli","Manzur , Alejandro","Manzur , Alejandro",10.1080/09513590.2025.2456578,True,2-s2.0-85216338090,2025.0
Facultad de Medicina y Salud,#069,Escuela de Medicina,2025.0,"Hipertensión pulmonar y enfermedad del tejido conectivo, una grave presentación. [Pulmonary hypertension and connective tissue disease, a serious presentation]","Marrugo, Neguith","Giordanino, Elián","Marrugo, Neguith; Giordanino, Elián:; Palma, Gerardo; Venegas, Juan Carlos;.",10.1016/j.rmclc.2025.01.004,True,2-s2.0-85217941622,2025.0
Facultad de Medicina y Salud,#070,Escuela de Medicina,2025.0,Respiratory effects of trunk inclination in obese and non-obese patients mechanically ventilated for ARDS,Martín H. Benites,Jaime Retamal,Martín H. Benites,10.1186/s13054-025-05694-z,True,2-s2.0-105020199353,2025.0
Facultad de Medicina y Salud,#071,Escuela de Medicina,2025.0,Clinical association of the SCN5A c.2302A&gt;G variant (p.Ile768Val) with Brugada syndrome,"Kuzmicic Calderón, Boris","Kuzmicic, Jovan","Martínez Galdames, Bernardita",10.1016/j.rec.2024.12.014,False,,
Facultad de Medicina y Salud,#072,Escuela de Medicina,2025.0,Low Rectovaginal Fistula Repair: Full Cutaneous Martius Flap,"Pablo Baeza, M.D.1","Baeza, Pablo","Martinez-Mardones, Mónica",10.1097/dcr.0000000000003412,True,2-s2.0-85216717612,2025.0
Facultad de Medicina y Salud,#073,Escuela de Medicina,2025.0,Patient outcomes after surgery in 17 Latin American countries (LASOS): a 7 day prospective cohort study,Luciana C Stefani,Luciana C Stefani,"Martinez-Mardones, Mónica",10.1016/s2214-109x(24)00558-8,False,,
Facultad de Medicina y Salud,#074,Escuela de Medicina,2025.0,Pelvic Floor Prehabilitation for Prevention of Low Anterior Resection Syndrome: Insights From a Randomized Trial (CARRET Study),Cinara Sacomori,Cinara Sacomori,"Martinez-Mardones, Mónica",10.1111/ans.70520,False,,
Facultad de Medicina y Salud,#075,Escuela de Medicina,2025.0,Low Rectovaginal Fistula Repair: Full Cutaneous Martius Flap,"Baeza, Pablo","Baeza, Pablo","Martínez-Mardones, Mónica B.",10.1097/dcr.0000000000003412,True,2-s2.0-85216717612,2025.0
Facultad de Medicina y Salud,#076,Escuela de Medicina,2025.0,Sexual Dimorphism in the Atlas Vertebra of Normal and Overweight Patients with its Possible Surgical Implications,Nilgun Tuncel Cini,Marko Konschake,Mathias Orellana-Donoso,10.1016/j.wneu.2025.124531,True,2-s2.0-105020835214,2025.0
Facultad de Medicina y Salud,#077,Escuela de Medicina,2025.0,Comparison of the Mediterranean Diet and Other Therapeutic Strategies in Metabolic Syndrome: A Systematic Review and Meta-Analysis,"Bruna-Mejias, Alejandro",Juan José Valenzuela-Fuenzalida,Mathias Orellana-Donoso,10.3390/ijms26125887,True,2-s2.0-105009012247,2025.0
Facultad de Medicina y Salud,#078,Escuela de Medicina,2025.0,The Adverse Effects and Use of Bevacizumab in Patients with Glioblastoma: A Systematic Review and Meta-Analysis,"Bruna-Mejias, Alejandro",Juan José Valenzuela-Fuenzalida,Mathias Orellana-Donoso,10.3390/ph18060795,True,2-s2.0-105009026860,2025.0
Facultad de Medicina y Salud,#079,Escuela de Medicina,2025.0,Efficacy of Massage Therapy for Symptom Management in Cancer Patients: A Systematic Review and Meta-Analysis,Arda Uzunoglu,Jose E. León-Rojas,Mathias Orellana-Donoso,10.3390/healthcare13243268,True,2-s2.0-105026192250,2025.0
Facultad de Medicina y Salud,#080,Escuela de Medicina,2025.0,Prevalence of Radial Artery Variants and Their Relationship with Clinical Considerations of the Antebrachial Region: Systematic Review and Meta-Analysis,Juan Sanchis-Gimeno,Jose E. León-Rojas,Mathias Orellana-Donoso,10.3390/diagnostics15232984,True,2-s2.0-105024475536,2025.0
Facultad de Medicina y Salud,#081,Escuela de Medicina,2025.0,Arcuate Foramen of the Atlas Vertebra and its Correlation with Clinical Implications in the Craniocervical Region: A Systematic Review and Meta-analysis,Juan José Valenzuela-Fuenzalida,Marko Konchaske,Mathias Orellana-Donoso,10.1016/j.wneu.2025.124652,False,,
Facultad de Medicina y Salud,#082,Escuela de Medicina,2025.0,Prevalence of the Sphenoidal Emissary Foramen in a Chilean Osteological Sample: Anatomical and Surgical Implications,Juan José Valenzuela-Fuenzalida,Jose E. León-Rojas,Mathias Orellana-Donoso,10.3390/diagnostics15212800,True,2-s2.0-105021417953,2025.0
Facultad de Medicina y Salud,#083,Escuela de Medicina,2025.0,Unfused transverse foramen of the atlas vertebra in the Neandertal lineage fossils,Asier Gómez-Olivencia,Asier Gómez-Olivencia,Mathias Orellana-Donoso,10.1002/ar.70089,True,2-s2.0-105021234505,2025.0
Facultad de Medicina y Salud,#084,Escuela de Medicina,2025.0,The Effect of Diabetes Mellitus on Central Corneal Thickness Values: A Systematic Review and Meta-Analysis,Arda Uzunoglu,Juan José Valenzuela-Fuenzalida,Mathias Orellana-Donoso,10.3390/ijms26178695,True,2-s2.0-105015841990,2025.0
Facultad de Medicina y Salud,#085,Escuela de Medicina,2025.0,A Systematic Review of Anatomical Variations of the Inferior Thyroid Artery: Clinical and Surgical Considerations,"Bruna-Mejias, Alejandro",Mathias Orellana-Donoso,Mathias Orellana-Donoso,10.3390/diagnostics15151858,True,2-s2.0-105013309795,2025.0
Facultad de Medicina y Salud,#086,Escuela de Medicina,2025.0,"Internal carotid artery agenesis: a systematic review of prevalence, basal brain circulation variations, and associated pathologies",Mathias Orellana-Donoso,Mathias Orellana-Donoso,Mathias Orellana-Donoso,10.1007/s12565-025-00873-y,False,,
Facultad de Medicina y Salud,#087,Escuela de Medicina,2025.0,A Systematic Review with a Meta-Analysis of the Morphological Variants of the Corpus Callosum: Related Neurocognitive Clinical Implications,Juan José Valenzuela-Fuenzalida,Marko Konschake,Mathias Orellana-Donoso,10.1016/j.wneu.2025.124317,True,2-s2.0-105013783691,2025.0
Facultad de Medicina y Salud,#088,Escuela de Medicina,2025.0,Comparison of the Mediterranean Diet and Other Therapeutic Strategies in Metabolic Syndrome: A Systematic Review and Meta-Analysis,"Bruna-Mejias, Alejandro",Juan José Valenzuela-Fuenzalida,Mathias Orellana-Donoso,10.3390/ijms26125887,True,2-s2.0-105009012247,2025.0
Facultad de Medicina y Salud,#089,Escuela de Medicina,2025.0,Anatomical variants of the vertebral artery and their relationship with craniocervical disorders and surgical considerations: a systematic review and meta-analysis,Juan José Valenzuela-Fuenzalida,Juan José Valenzuela-Fuenzalida,Mathias Orellana-Donoso,10.1007/s12565-025-00855-0,False,,
Facultad de Medicina y Salud,#090,Escuela de Medicina,2025.0,The Gastric Vein Variants: An Evidence-Based Systematic Review of Prevalence and Clinical Considerations,Alejandro Bruna-Mejías,Juan José Valenzuela-Fuenzalida,Mathias Orellana-Donoso,10.3390/jcm14113630,True,2-s2.0-105007922570,2025.0
Facultad de Medicina y Salud,#091,Escuela de Medicina,2025.0,A Systematic Review and Meta-Analysis on the Prevalence of Variants in the Pancreaticobiliary Duct Junction and Its Association with Cancer,Juan José Valenzuela-Fuenzalida,Carlos Bastidas-Caldes,Mathias Orellana-Donoso,10.3390/biomedicines13051039,True,2-s2.0-105006772737,2025.0
Facultad de Medicina y Salud,#092,Escuela de Medicina,2025.0,Anatomical Variants in Pancreatic Irrigation and Their Clinical Considerations for the Pancreatic Approach and Surrounding Structures: A Systematic Review with Meta-Analysis,Juan José Valenzuela-Fuenzalida,Juan Sanchis-Gimeno,Mathias Orellana-Donoso,10.3390/medicina61040666,True,2-s2.0-105003554304,2025.0
Facultad de Medicina y Salud,#093,Escuela de Medicina,2025.0,"Unilateral Lung Agenesis: A Systematic Review of Prevalence, Anatomical Variants, and Clinical Implications",Mathias Orellana-Donoso,Juan José Valenzuela-Fuenzalida,"Mathias Orellana-Donoso, Mariano Barrenechea-Salvador, Joaquín Caro-Navarro, , Matías Cervela-Díaz, Cristian Chacón-Ortiz, Nicolás Claudet-Córdoba ,",10.3390/diagnostics15172272,True,2-s2.0-105016120982,2025.0
Facultad de Medicina y Salud,#094,Escuela de Medicina,2025.0,Absolute neutrophil count and adverse drug reaction monitoring during clozapine treatment: consensus guidelines from a global Delphi panel,"Siskind, Dan","Siskind, Dan","Mena, Cristián",10.1016/s2215-0366(25)00098-7,False,,
Facultad de Medicina y Salud,#095,Escuela de Medicina,2025.0,Myotendinous Junction Anesthesia: An Alternative Infiltration Site for Ultrasound-Guided Injections,"Rosales, Julio","Droppelmann, Guillermo","Molina, Claudio",10.1016/j.eats.2024.103195,True,2-s2.0-85202769941,2025.0
Facultad de Medicina y Salud,#096,Escuela de Medicina,2025.0,Immunomodulation and Immunotherapy for Patients with Prostate Cancer: An Up-to-Date Review,"Murray, Nigel P.","Murray, Nigel P.","Murray, Nigel P. (ya no estás para el 2026)",10.3390/biomedicines13051179,True,2-s2.0-105006749271,2025.0
Facultad de Medicina y Salud,#097,Escuela de Medicina,2025.0,Managing a Burning Face: Clinical Manifestations and Therapeutic Approaches for Neurogenic Rosacea,"Aedo, Gabriel","Aragón-Caqueo, Diego","Murray, Nigel P.Aedo, Sócrates*",10.3390/ijms26052366,True,2-s2.0-86000546568,2025.0
Facultad de Medicina y Salud,#098,Escuela de Medicina,2025.0,"Minimal Residual Disease in Breast Cancer: Tumour Microenvironment Interactions, Detection Methods and Therapeutic Approaches",Nigel P Murray,Nigel P Murray,"Nigel P Murray, Sócrates Aedo.",10.3390/ijms262311346,True,2-s2.0-105024621696,2025.0
Facultad de Medicina y Salud,#099,Escuela de Medicina,2025.0,Managing a Burning Face: Clinical Manifestations and Therapeutic Approaches for Neurogenic Rosacea,Gabriel Aedo,Sócrates Aedo,"Nigel P Murray, Sócrates Aedo.",10.3390/ijms26052366,True,2-s2.0-86000546568,2025.0
Facultad de Medicina y Salud,#100,Escuela de Medicina,2025.0,"Intravascular Lymphoma Presenting as Multiple Endocrine Failure, Transforming Into the Hemophagocytic Variant, and Relapsing as a Thrombotic Microangiopathy",Nigel P Murray,Nigel P Murray,Nigel P Murray.,10.1155/crh/5560781,False,,
Facultad de Medicina y Salud,#101,Escuela de Medicina,2025.0,Immunomodulation and Immunotherapy for Patients with Prostate Cancer: An Up-to-Date Review,Nigel P Murray,Nigel P Murray,Nigel P Murray.,10.3390/biomedicines13051179,True,2-s2.0-105006749271,2025.0
Facultad de Medicina y Salud,#102,Escuela de Medicina,2025.0,"La paradoja del plástico en la salud: herramienta vital, contaminante letal","Olive Castillo, Fernanda","Olive Castillo, Fernanda","Olive Castillo, Fernanda*** Giglio, Andrés* ,Ferre, Andrés** ,Sanhueza , María B.**",10.32457/scr.v5i1.2836,False,,
Facultad de Medicina y Salud,#103,Escuela de Medicina,2025.0,Analysis of household-like waste discarded by health institutions in Chile: A descriptive study,"Olive, Fernanda","Giglio, Andrés","Olive, Fernanda; *** Sanhueza, M. Bernardita**Giglio, Andres*; Ferre, Andres**,",10.1016/j.joclim.2025.100437,True,2-s2.0-105002338312,2025.0
Facultad de Medicina y Salud,#104,Escuela de Medicina,2025.0,Anatomical variants of the vertebral artery and their relationship with craniocervical disorders and surgical considerations: a systematic review and meta-analysis,"Valenzuela-Fuenzalida, Juan José","Valenzuela-Fuenzalida, Juan José","Orellana-Donoso, Mathias",10.1007/s12565-025-00855-0,False,,
Facultad de Medicina y Salud,#105,Escuela de Medicina,2025.0,Comparison of the Mediterranean Diet and Other Therapeutic Strategies in Metabolic Syndrome: A Systematic Review and Meta-Analysis,"Bruna-Mejias, Alejandro","Valenzuela-Fuenzalida, Juan José","Orellana-Donoso, Mathias",10.3390/ijms26125887,True,2-s2.0-105009012247,2025.0
Facultad de Medicina y Salud,#106,Escuela de Medicina,2025.0,The Adverse Effects and Use of Bevacizumab in Patients with Glioblastoma: A Systematic Review and Meta-Analysis,"Bruna-Mejias, Alejandro","Valenzuela-Fuenzalida, Juan José","Orellana-Donoso, Mathias",10.3390/ph18060795,True,2-s2.0-105009026860,2025.0
Facultad de Medicina y Salud,#107,Escuela de Medicina,2025.0,The Gastric Vein Variants: An Evidence-Based Systematic Review of Prevalence and Clinical Considerations,"Bruna-Mejias, Alejandro","Valenzuela-Fuenzalida, Juan José","Orellana-Donoso, Mathias",10.3390/jcm14113630,True,2-s2.0-105007922570,2025.0
Facultad de Medicina y Salud,#108,Escuela de Medicina,2025.0,"Internal carotid artery agenesis: a systematic review of prevalence, basal brain circulation variations, and associated pathologies","Orellana-Donoso, Mathias","Orellana-Donoso, Mathias","Orellana-Donoso, Mathias",10.1007/s12565-025-00873-y,False,,
Facultad de Medicina y Salud,#109,Escuela de Medicina,2025.0,A Systematic Review and Meta-Analysis on the Prevalence of Variants in the Pancreaticobiliary Duct Junction and Its Association with Cancer,"Valenzuela-Fuenzalida, Juan José","Bastidas-Caldes, Carlos","Orellana-Donoso, Mathias",10.3390/biomedicines13051039,True,2-s2.0-105006772737,2025.0
Facultad de Medicina y Salud,#110,Escuela de Medicina,2025.0,Anatomical Variants in Pancreatic Irrigation and Their Clinical Considerations for the Pancreatic Approach and Surrounding Structures: A Systematic Review with Meta-Analysis,"Valenzuela-Fuenzalida, Juan José","Sanchis-Gimeno, Juan","Orellana-Donoso, Mathias",10.3390/medicina61040666,True,2-s2.0-105003554304,2025.0
Facultad de Medicina y Salud,#111,Escuela de Medicina,2025.0,Clinical Characteristics of Neuropathic Pain and Its Relationship with Cancer in Different Corporal Areas—A Systematic Review,"Danés-López, Fernanda","Gutiérrez-Espinoza, Héctor","Orellana-Donoso, Mathias",10.3390/diagnostics15010116,True,2-s2.0-85214481964,2025.0
Facultad de Medicina y Salud,#112,Escuela de Medicina,2025.0,A systematic review with a meta-analysis of the morphological variants of the corpus callosum: Related neurocognitive clinical implications.,"Valenzuela-Fuenzalida, Juan José","Konschake, Marko","Orellana-Donoso, Mathias",10.1016/j.wneu.2025.124317,True,2-s2.0-105013783691,2025.0
Facultad de Medicina y Salud,#113,Escuela de Medicina,2025.0,Publisher Correction: A systematic review and meta-analysis: prevalence and clinical implications of anatomical variants of the hepatic portal vein (NO ES UN ARTÍCULO NUEVO),"Valenzuela-Fuenzalida, Juan José","Gutiérrez-Espinoza, Héctor","Orellana-Donoso, Mathias",10.1038/s41598-025-86692-7,False,,
Facultad de Medicina y Salud,#114,Escuela de Medicina,2025.0,When Ethics Meet Socrates in Critical Care (Letter to the Editor),"Pedreros, Cesar","Giglio, Andrés","Pedreros, Cesar **; Saenz, Angel*, Ferre, Andres**, Giglio, Andres*",10.1097/ccm.0000000000006634,True,2-s2.0-105007292368,2025.0
Facultad de Medicina y Salud,#115,Escuela de Medicina,2025.0,Hipofosfatemia en UCI. No todo es síndrome de realimentación. [Hypophosphatemia in ICU. It’s not all refeeding syndrome],"Gómez Lund, Oscar","Gómez Lund, Oscar","Reyes, Marco* Díaz, Franco**",10.32641/andespediatr.v96i2.5607,True,2-s2.0-105007196459,2025.0
Facultad de Medicina y Salud,#116,Escuela de Medicina,2025.0,Bosworth fracture dislocation: report of two cases with different results,"Cáceres, Andrés","Cid, Nicolás","Rojas, Juan Pablo; de Vos**, Víctor, Cid , Nicola***; Verschae, Gregorio***",10.1016/j.rmclc.2025.01.001,True,2-s2.0-85217907150,2025.0
Facultad de Medicina y Salud,#117,Escuela de Medicina,2025.0,Women with polycystic ovary syndrome (PCOS): Likelihood of cooccurring neuropsychiatric conditions and the dual hit hypothesis,"Del Río, Juan Pablo","Crisosto, Nicolás","Rojas-Costa, Gonzalo M.",10.1016/j.yfrne.2025.101188,True,2-s2.0-105001275073,2025.0
Facultad de Medicina y Salud,#118,Escuela de Medicina,2025.0,Manchester oxford foot questionnaire in foot and ankle Spanish patients: Transcultural adaption and validation,A. Gines-Cespedosa,"Ruiz-Riquelme, Pablo","Ruiz-Riquelme, Pablo",10.1016/j.fas.2025.04.006,True,2-s2.0-105003281114,2025.0
Facultad de Medicina y Salud,#119,Escuela de Medicina,2025.0,Hyperacute silicosis after bronchoscopy-induced melanoptysis in a lung transplant patient. A first report in literature,"Saenz, Angel","Giglio, Andrés","Saenz, Angel Dreyse, Jorge Giglio, Andrés",10.1093/icvts/ivaf004,True,2-s2.0-85217580314,2025.0
Facultad de Medicina y Salud,#120,Escuela de Medicina,2025.0,Severe obesity and menopause symptoms are associated with cognitive impairment in postmenopausal women from Latin America,Juan Enrique Blumel,Juan Enrique Blumel,Sócrates Aedo,10.1080/13697137.2025.2491637,True,2-s2.0-105003482174,2025.0
Facultad de Medicina y Salud,#121,Escuela de Medicina,2025.0,Risk of sarcopenia: A red flag for cognitive decline in postmenopause?,María S. Vallejo,Juan E. Blümel,Sócrates Aedo,10.1016/j.maturitas.2025.108193,True,2-s2.0-85215067709,2025.0
Facultad de Medicina y Salud,#122,Escuela de Medicina,2025.0,Renal and ureteral temperatures changes during ureteroscopic pulsed thulium: YAG laser lithotripsy: an in vitro analysis,"Urrea, Felipe","Salvadó, José Antonio","Urrea, Felipe Villena, José M Larrañaga, Matias",10.5173/ceju.2024.0177,True,2-s2.0-105002076440,2025.0
Facultad de Medicina y Salud,#123,Escuela de Medicina,2025.0,Drug-induced hypersensitivity syndrome associated with minocycline prescribed for acne treatment. Case report,"Valenzuela, Rodolfo","Valenzuela, Rodolfo","Valenzuela, Rodolfo Garcia, Katerine Cerda, Eduardo Ferre, Andrés",10.1016/j.rmclc.2025.03.003,True,2-s2.0-105003597806,2025.0
Facultad de Medicina y Salud,#124,Escuela de Medicina,2025.0,Infiltración vaginal para el alivio del dolor neuropático post histeropexia sacroespinosa: primer reporte exitoso a mediano plazo,"Vallejos Peñaloza, Gabriel","Velasco Galaza, María Trinidad","Velasco Galaza, María Trinidad Castillo Villarroel, Natalia Quiñones San Martin, Paula Andrea Carstens Landreau, Catalina Barria Candell, Marcelo",10.5867/medwave.2025.01.2958,True,2-s2.0-85216316930,2025.0
Facultad de Medicina y Salud,#125,Escuela de Medicina,2025.0,Vaginal infiltration for relief of neuropathic pain after sacrospinous hysteropexy: First successful mid-term report,"Vallejos Peñaloza, Gabriel","Velasco Galaza, María Trinidad","Velasco Galaza, María Trinidad Castillo Villarroela, Natalia Quiñones San Martina, Paula Andrea Carstens Landreaua, Catalina Barria Candell, Marcelo",10.5867/medwave.2025.01.2958,True,2-s2.0-85216316930,2025.0
Facultad de Medicina y Salud,#126,Escuela de Medicina,2025.0,Cuando el fenómeno de Raynaud se acompaña de las temidas úlceras digitales: reporte de dos casos. [When Raynaud&#x27;s phenomenon is accompanied by dreaded digital ulcers: two case reports],"Vergara, Karen","Vergara, Karen","Vergara, Karen",10.1016/j.rmclc.2025.03.002,True,2-s2.0-105003555837,2025.0
Facultad de Medicina y Salud,#127,Escuela de Medicina,2025.0,Jugando con la balanza: el desafío de las patologías con tratamientos opuestos. [Balancing the scales: the challenge of pathologies with opposing treatments],"Vergara, Karen","Giglio, Andrés","Vergara, Karen Giglio, Andrés",10.1016/j.rmclc.2025.03.001,True,2-s2.0-105003541829,2025.0
Facultad de Medicina y Salud,#128,Escuela de Medicina,2025.0,Revisión de artrodesis subtalar por no unión: a propósito de un caso. [Subtalar joint revision arthrodesis due to non-union: a case report],"Verschae, Gregorio","Val, Valentín","Verschae, Gregorio Val, Valentín Alba, Vicente Pavez, Sebastián Cid, Nicolás",10.35687/s2452-454920250032541,True,2-s2.0-105006493357,2025.0
Facultad de Medicina y Salud,#129,Escuela de Medicina,2025.0,Leiomioma anal: reporte de un caso. [Anal leiomyoma: a case report],"Zárate, Alejandro","Zárate, Alejandro","Zárate, Alejandro*; Triat, María Trinidad**",10.1016/j.rmclc.2025.02.001,True,2-s2.0-85217892204,2025.0
Facultad de Medicina y Salud,#130,Escuela de Medicina,2025.0,The Role of Cellular Senescence in Endothelial Dysfunction and Vascular Remodeling in Arteriovenous Fistulas maturation,Ignacia González and Rodrigo Maldonado,,Ignacia González** and Rodrigo Maldonado*,10.1113/jp287387,False,,
Facultad de Medicina y Salud,#131,Escuela de Medicina,2025.0,Transcriptional activation of genes associated with the matrisome is a common feature of senescent endothelial cells,"Ignacia González, Sebastián B. Arredondo and Rodrigo Maldonado",,"Ignacia González, Sebastián B. Arredondo*** and Rodrigo Maldonado",10.1007/s10522-025-10191-5,True,2-s2.0-85218453368,2025.0
Facultad de Medicina y Salud,#132,Escuela de Medicina,2025.0,Connexin hemichannels and early atrophic signaling in muscle during sepsis,"Balboa E, Saavedra F, Cea LA, Vargas AA, Regueira T, Sáez JC.",,Balboa Elisa,10.3389/fphys.2025.1514769,True,2-s2.0-105000057258,2025.0
Facultad de Medicina y Salud,#133,Escuela de Medicina,2025.0,Seasonal transcriptome profile across three different tissues of the Andean Killifish Orestias ascotanensis.,"Maldonado-Agurto R, Acevedo E, Maracaja-Coutinho V, Montecino M.",,"Maldonado-Agurto R,",10.1038/s41597-025-05345-6,True,2-s2.0-105007903192,2025.0
Facultad de Medicina y Salud,#134,Escuela de Medicina,2025.0,c-Abl/TFEB Pathway Activation as a Common Pathogenic Mechanism in Lysosomal Storage Diseases: Therapeutic Potential of c-Abl Inhibitors,"Guerra MV, Castro J, Moreno A, Balboa E, Marugan JJ, Alvarez AR, Zanlungo S.",,Balboa E,10.3390/antiox14050611,True,2-s2.0-105006560342,2025.0
Facultad de Medicina y Salud,#135,Escuela de Medicina,2025.0,Enhancing the Affinity of a Novel Selective scFv for Soluble ST2 through Computational Design.,"Matthies DJ, Novoa-Gundel P, Vásquez G, Dubois-Camacho K, De la Fuente López M, Donoso B, Toledo-Stuardo K, Gutiérrez-González M, Landskron G, Valdebenito-Silva S, Sánchez O, Fierro A, Teimoori S, Chaicumpa W, Eugenin E, Zapata-Torres G, Molina MC, Hermoso MA.",,"De la Fuente López, Marjorie Landskron, Glauben",10.1021/acs.jcim.4c02027,True,2-s2.0-105005943336,2025.0
Facultad de Medicina y Salud,#136,Escuela de Medicina,2025.0,Butyrate suppresses mucosal inflammation in IBD primarily through HDAC3 inhibition in monocytes and macrophages,"Parada-Venegas, Daniela; De la Fuente López , Marjorie; Dubois-Camacho , Karen; Landskron, Glauben ; Blokzijl, Tjasso; Molina, Héctor; Casanova, María-Celeste; Cui, Yingying; Liu, Moting; Da Costa De Pina , Antonio; Simian, Daniela; González, María-Julieta; Weersma, Rinse; Quera, Rodrigo; Dijkstra, Gerard; Nico Faber, Klaas ; Hermoso, Marcela.",,"De la Fuente López , Marjorie",,False,,
Facultad de Medicina y Salud,#001,Escuela de Medicina,2024.0,An Overview of Extracorporeal Membrane Oxygenation,,,,10.37549/ar2945,True,2-s2.0-85184209523,2024.0
Facultad de Medicina y Salud,#002,Escuela de Medicina,2024.0,Exploring the lutein therapeutic potential in steatotic liver disease: mechanistic insights and future directions,,,,10.3389/fphar.2024.1406784,True,2-s2.0-85197695723,2024.0
Facultad de Medicina y Salud,#003,Escuela de Medicina,2024.0,Renal cell carcinoma in a patient with crossed and fused renal ectopy: A case report,,,,10.1016/j.eucr.2024.102749,True,2-s2.0-85191944493,2024.0
Facultad de Medicina y Salud,#004,Escuela de Medicina,2024.0,Physiological and clinical effects of trunk inclination adjustment in patients with respiratory failure: a scoping review and narrative synthesis,,,,10.1186/s13054-024-05010-1,True,2-s2.0-85197805968,2024.0
Facultad de Medicina y Salud,#005,Escuela de Medicina,2024.0,Use of the pectoralis minor and coracoacromial ligament for a biplanar coracoclavicular and acromioclavicular reconstruction: A cadaveric feasibility study,,,,10.1002/jeo2.70032,True,2-s2.0-85206253906,2024.0
Facultad de Medicina y Salud,#006,Escuela de Medicina,2024.0,"Epidemiological and microbiological characteristics of S. aureus pediatric infections in Colombia 2018-2021, a national multicenter study (Staphylored Colombia)",,,,10.3389/fped.2024.1386310,True,2-s2.0-85196095290,2024.0
Facultad de Medicina y Salud,#007,Escuela de Medicina,2024.0,Results of prophylactic simple fasciocutaneous advancement in the initial management of acute ankle fractures with high risk of operative wound complication,,,,10.1016/j.fas.2023.09.002,True,2-s2.0-85171831612,2024.0
Facultad de Medicina y Salud,#008,Escuela de Medicina,2024.0,[Epidemiology of the COVID-19 pandemic in chilean children and cdolescents] Epidemiología de la pandemia por COVID-19 en niños y adolescentes chilenos,,,,10.4067/s0034-98872024000200253,True,2-s2.0-85204486796,2024.0
Facultad de Medicina y Salud,#009,Escuela de Medicina,2024.0,Sex Differences in Profile and In-Hospital Death for Acute Stroke in Chile: Data From a Nationwide Hospital Registry,,,,10.1161/jaha.123.035152,True,2-s2.0-85200827817,2024.0
Facultad de Medicina y Salud,#010,Escuela de Medicina,2024.0,Therapeutic Antisense Oligonucleotides in Oncology: From Bench to Bedside.,,,,10.3390/cancers16172940,True,2-s2.0-85203665259,2024.0
Facultad de Medicina y Salud,#011,Escuela de Medicina,2024.0,"Potencial antidiabético de extractos de Cylindropuntia imbricata (Haw.) F. M. Knuth, Opuntia engelmannii Salm-Dyck ex Engelm., Ibervillea sonorae (S. Wats.) Greene y Theobroma cacao L.",,,,10.22201/fesz.23958723e.2024.663,False,,
Facultad de Medicina y Salud,#012,Escuela de Medicina,2024.0,"Liver X receptor unlinks intestinal regeneration and tumorigenesis Das, Srustidhar",,,,10.1038/s41586-024-08247-6,True,2-s2.0-85209738764,2025.0
Facultad de Medicina y Salud,#013,Escuela de Medicina,2024.0,Pannexin-1 expression in tumor cells correlates with colon cancer progression and survival,,,,10.1016/j.lfs.2024.122851,True,2-s2.0-85196542544,2024.0
Facultad de Medicina y Salud,#014,Escuela de Medicina,2024.0,Noninvasive Continuous Positive Airway Pressure Is a Lung- and Diaphragm-protective Approach in Self-inflicted Lung Injury,,,,10.1164/rccm.202309-1629le,True,2-s2.0-85190753267,2024.0
Facultad de Medicina y Salud,#015,Escuela de Medicina,2024.0,Respiratory System Compliance Accurately Assesses the “Baby Lung” in Pediatric Acute Respiratory Distress Syndrome,,,,10.1164/rccm.202310-1890le,True,2-s2.0-85189760150,2024.0
Facultad de Medicina y Salud,#016,Escuela de Medicina,2024.0,Reply to Pérez. Patient self-inflicted and ventilator-induced lung injury: two sides of the same coin?,,,,10.1164/rccm.202303-0364le,True,2-s2.0-85159734220,2023.0
Facultad de Medicina y Salud,#017,Escuela de Medicina,2024.0,Morphological Differences between Patient Self-inflicted and Ventilator-induced Lung Injury: An Experimental Study,,,,10.1164/rccm.202207-1360le,True,2-s2.0-85150396941,2023.0
Facultad de Medicina y Salud,#018,Escuela de Medicina,2024.0,Letter: Development of a Randomized Trial Comparing ICP-Monitor-Based Management of Severe Pediatric Traumatic Brain Injury to Management Based on Imaging and Clinical Examination Without ICP Monitoring-Study Protocol,,,,10.1227/neu.0000000000002915,True,2-s2.0-85190753457,2024.0
Facultad de Medicina y Salud,#019,Escuela de Medicina,2024.0,Prevalence of Bacterial Codetection and Outcomes for Infants Intubated for Respiratory Infections,,,,10.1097/pcc.0000000000003500,True,2-s2.0-85197570653,2024.0
Facultad de Medicina y Salud,#020,Escuela de Medicina,2024.0,Ventilatory load reduction by combined mild hypothermia and ultraprotective mechanical ventilation strategy in severe COVID-19-related acute respiratory distress syndrome: A physiological study,,,,10.4103/tjem.tjem_339_22,True,2-s2.0-85189660184,2024.0
Facultad de Medicina y Salud,#021,Escuela de Medicina,2024.0,Critical Asthma in Infancy and Toddlers: How Can We Mechanically Discriminate From Critical Bronchiolitis?,,,,10.1002/ppul.27386,True,2-s2.0-85208177034,2025.0
Facultad de Medicina y Salud,#022,Escuela de Medicina,2024.0,"Aprendizajes sobre la vulneración a la infancia durante la pandemia COVID-19: enfermedad, evidencia y políticas públicas",,,,10.32641/andespediatr.v95i6.5236,True,2-s2.0-85212306111,2024.0
Facultad de Medicina y Salud,#023,Escuela de Medicina,2024.0,Risk factors and outcomes of pediatric non-invasive respiratory support failure in Latin America,,,,10.1016/j.jointm.2024.09.001,True,2-s2.0-105001330915,2025.0
Facultad de Medicina y Salud,#024,Escuela de Medicina,2024.0,"Aprendizaje sobre la vulneración a la infancia durante la pandemia COVID-19: enfermedad, evidencia y políticas públicas",,,,10.32641/andespediatr.v95i6.5236,True,2-s2.0-85212306111,2024.0
Facultad de Medicina y Salud,#025,Escuela de Medicina,2024.0,Plateau Pressure and Driving Pressure in Volume- and Pressure-Controlled Ventilation: Comparison of Frictional and Viscoelastic Resistive Components in Pediatric Acute Respiratory Distress Syndrome,,,,10.1097/pcc.0000000000003291,True,2-s2.0-85169848260,2023.0
Facultad de Medicina y Salud,#026,Escuela de Medicina,2024.0,"Rate of severe exacerbations, healthcare resource utilisation and clinical outcomes in patients with COPD in low-income and middle-income countries: results from the EXACOS International Study Abensur Athanazio",,,,10.1136/bmjresp-2023-002101,True,2-s2.0-85191103643,2024.0
Facultad de Medicina y Salud,#027,Escuela de Medicina,2024.0,COPD management in the modern era,,,,10.1016/j.rmclc.2024.05.002,True,2-s2.0-85201517464,2024.0
Facultad de Medicina y Salud,#028,Escuela de Medicina,2024.0,Perception of medical students regarding a hybrid Orthopedics course post COVID-19 pandemic. Cross-sectional study in Chile,,,,10.1016/j.rmclc.2024.05.012,True,2-s2.0-85201500956,2024.0
Facultad de Medicina y Salud,#029,Escuela de Medicina,2024.0,In situ simulation in the intensive care unit: A phenomenological study of staff experiences,,,,10.1177/02676591241272058,True,2-s2.0-85200962404,2025.0
Facultad de Medicina y Salud,#030,Escuela de Medicina,2024.0,Analysis of Vancomycin Dosage and Plasma Levels in Critically Ill Adult Patients Requiring Extracorporeal Membrane Oxygenation (ECMO),,,,10.1177/08850666241243306,True,2-s2.0-85189157391,2024.0
Facultad de Medicina y Salud,#031,Escuela de Medicina,2024.0,Factors associated with prolonged mechanical ventilation in children with pulmonary failure: Cohort study from the LARed Network registry [Factores asociados a ventilación mecánica prolongada en niños con fallo respiratorio de causa pulmonar: Estudio de cohortes del registro de LARed Network],,,,10.1016/j.medine.2023.07.001,False,,
Facultad de Medicina y Salud,#032,Escuela de Medicina,2024.0,Induction treatment for lupus nephritis at a high-complexity hospital in Chile,,,,10.1177/09612033241249574,True,2-s2.0-85191303984,2024.0
Facultad de Medicina y Salud,#033,Escuela de Medicina,2024.0,Adult Code Sepsis: A Narrative Review of its Implementation and Impact,,,,10.1177/08850666241293034,False,,
Facultad de Medicina y Salud,#034,Escuela de Medicina,2024.0,Very old patients in the ICU in Latin America: A narrative review,,,,10.1016/j.regg.2024.101560,True,2-s2.0-85205816233,2025.0
Facultad de Medicina y Salud,#035,Escuela de Medicina,2024.0,Probable coinfection of andes hantavirus and legionella in a critically ill patient: First description of a case in the literature and literature review,,,,10.1016/j.rmclc.2023.09.009,True,2-s2.0-85178463650,2023.0
Facultad de Medicina y Salud,#036,Escuela de Medicina,2024.0,Adapting NeuroVanguard to real-worldchallenges,,,,10.1186/s13054-024-04916-0,True,2-s2.0-85191097483,2024.0
Facultad de Medicina y Salud,#037,Escuela de Medicina,2024.0,Adapting NeuroVanguard to real-world challenges,,,,10.1186/s13054-024-04916-0,True,2-s2.0-85191097483,2024.0
Facultad de Medicina y Salud,#038,Escuela de Medicina,2024.0,Severe osmotic demyelination syndrome with cortical involvement in the context of severe hyponatremia and central diabetes insipidus: an uncommon presentation of an unusual combination,,,,10.1136/bcr-2023-257210,True,2-s2.0-85181776321,2024.0
Facultad de Medicina y Salud,#039,Escuela de Medicina,2024.0,Coma Prevalence in Critical Care Units in Chile: Results of a Cross-Sectional Survey on World Coma Day,,,,10.1007/s12028-024-01986-4,True,2-s2.0-85191040175,2024.0
Facultad de Medicina y Salud,#040,Escuela de Medicina,2024.0,"An update in ovaric cystic pediculated detached: an unusual clinical presentation Petracca, Giovanni",,,,10.23736/s0394-9508.23.05593-6,True,2-s2.0-85203074360,2024.0
Facultad de Medicina y Salud,#041,Escuela de Medicina,2024.0,"Tension-free hernioplasty of inguinal hernia under local anesthesia: our experience Petracca, Giovanni",,,,10.23736/s0393-3660.23.05152-5,True,2-s2.0-85194896543,2024.0
Facultad de Medicina y Salud,#042,Escuela de Medicina,2024.0,"The role of radiotherapy and surgery in carcinoma spinocellular an up to date of diagnosis, initial management, and treatment: a narrative review and a case study report",,,,10.23736/s0394-9508.23.05548-1,True,2-s2.0-85189972501,2024.0
Facultad de Medicina y Salud,#043,Escuela de Medicina,2024.0,The forgotten history of Alzheimer’s: remembering Oskar Fischer [La historia olvidada del alzhéimer: recordando a Oskar Fischer],,,,10.4067/s0717-922720240001000682,True,2-s2.0-85200145776,2024.0
Facultad de Medicina y Salud,#044,Escuela de Medicina,2024.0,Correction to: Obesity and brain structure in schizophrenia – ENIGMA study in 3021 individuals,,,,10.1038/s41380-022-01616-5,False,,
Facultad de Medicina y Salud,#045,Escuela de Medicina,2024.0,The role of excimer light in dermatology: a review,,,,10.1016/j.abd.2023.12.007,True,2-s2.0-85200534575,2024.0
Facultad de Medicina y Salud,#046,Escuela de Medicina,2024.0,Vitamin D and cutaneous pathologies [Vitamina D y enfermedades de la piel],,,,10.1016/j.piel.2023.07.002,True,2-s2.0-85174710743,2024.0
Facultad de Medicina y Salud,#047,Escuela de Medicina,2024.0,Severe middle childhood acne treated with isotretinoin,,,,10.1016/j.piel.2024.04.006,True,2-s2.0-85203202321,2025.0
Facultad de Medicina y Salud,#048,Escuela de Medicina,2024.0,Cutaneous manifestations to the use of cetuximab [Manifestaciones cutáneas asociadas al uso de cetuximab],,,,10.1016/j.piel.2024.01.017,True,2-s2.0-85192535624,2024.0
Facultad de Medicina y Salud,#049,Escuela de Medicina,2024.0,Sunproofing from within: A deep dive into oral photoprotection strategies in dermatology,,,,10.1111/phpp.12985,True,2-s2.0-85195414523,2024.0
Facultad de Medicina y Salud,#050,Escuela de Medicina,2024.0,Malformación glomuvenosa: serie de casos [Glomuvenous malformation: Case reports],,,,10.1016/j.piel.2023.10.022,True,2-s2.0-85186067484,2024.0
Facultad de Medicina y Salud,#051,Escuela de Medicina,2024.0,First imported case report in chile of cutaneous leishmaniasis caused by leishmania infantum,,,,10.4067/s0716-10182024000400139,True,2-s2.0-85211508534,2024.0
Facultad de Medicina y Salud,#052,Escuela de Medicina,2024.0,The introduction of microvascular free tissue transfer in primary burn reconstruction. Experience report of the national burn center in Chile,,,,10.1016/j.burnso.2024.03.005,True,2-s2.0-85191878500,2024.0
Facultad de Medicina y Salud,#053,Escuela de Medicina,2024.0,[Obstructive Sleep Apnea and Nocturnal Hypoxemia Increase the Cardiovascular Risk in Chilean] La apnea obstructiva del sueño y la hipoxemia nocturna aumentan el riesgo cardiovascular basal en población chilena,,,,10.4067/s0034-98872024000400424,True,2-s2.0-85207350071,2024.0
Facultad de Medicina y Salud,#054,Escuela de Medicina,2024.0,Is the time below 90% of SpO2 during sleep (T90%) a metric of good health? A longitudinal analysis of two cohorts,,,,10.1007/s11325-023-02909-x,True,2-s2.0-85169302917,2024.0
Facultad de Medicina y Salud,#055,Escuela de Medicina,2024.0,Efficacy of hemoadsorptive therapy combined with high-volume hemofiltration in the management of refractory septic shock [Eficacia de la terapia hemoadsortiva combinada con hemofiltración de alto volumen en el manejo del shock séptico refractario],,,,10.1016/j.rmclc.2023.10.003,True,2-s2.0-85183990068,2024.0
Facultad de Medicina y Salud,#056,Escuela de Medicina,2024.0,"High Frequency of Mesenteric Panniculitis in Non-Hodgkin Lymphoma and Prostate Cancer: Study in 1,500 Oncologic Patients Undergoing Staging",,,,10.4067/s0034-98872023001101483,True,2-s2.0-85204167825,2023.0
Facultad de Medicina y Salud,#057,Escuela de Medicina,2024.0,Intragastric administration of short chain fatty acids greatly reduces voluntary ethanol intake in rats.,,,,10.1038/s41598-024-80228-1,True,2-s2.0-85210151018,2024.0
Facultad de Medicina y Salud,#058,Escuela de Medicina,2024.0,Tratamiento de sobrecrecimiento bacteriano en el intestino delgado en pacientes chilenos con síndrome de intestino irritable: un estudio prospectivo y comparativo,,,,10.1016/j.rgmx.2024.08.004,True,2-s2.0-105001077196,2025.0
Facultad de Medicina y Salud,#059,Escuela de Medicina,2024.0,"Corrigendum: The role of cholesterol and mitochondrial bioenergetics in activation of the inflammasome in IBD (Front. Immunol.,",,,,10.3389/fimmu.2022.1028953,False,,
Facultad de Medicina y Salud,#060,Escuela de Medicina,2024.0,Early Development of the Thalamo-Pallial Stage of the Tectofugal Visual Pathway in the Chicken (Gallus gallus),,,,10.1002/cne.25657,True,2-s2.0-85198050650,2024.0
Facultad de Medicina y Salud,#061,Escuela de Medicina,2024.0,"Reply to letter to the editor regarding «Wound drain in lumbar arthrodesis for degenerative disease: an experimental, multicenter, randomized controlled trial",,,,10.1016/j.spinee.2023.09.031,True,2-s2.0-85182999283,2024.0
Facultad de Medicina y Salud,#062,Escuela de Medicina,2024.0,Analysis of Predictors for Spinal Fusion in Degenerative Lumbar Stenosis in Chile Based on Diagnosis-Related Groups,,,,10.29011/2577-2252.100150,False,,
Facultad de Medicina y Salud,#063,Escuela de Medicina,2024.0,RECOSAN Tumors Study: Analysis of Patients with Spine Surgery due to Oncologic Pathology,,,,10.26502/jsr.10020336,False,,
Facultad de Medicina y Salud,#064,Escuela de Medicina,2024.0,Navigating the Indeterminate Zone: Surgeons’ Decision-Making Factors in Treating Vertebral Metastases with Spinal Instability Scores of 7-12,,,,10.1016/j.wneu.2024.03.084,True,2-s2.0-85191345659,2024.0
Facultad de Medicina y Salud,#065,Escuela de Medicina,2024.0,Orthopedic postoperative infection profile and antibiotic sensitivity of 2038 patients across 24 countries – Call for region and institution specific surgical antimicrobial prophylaxis,,,,10.1016/j.jor.2024.04.018,True,2-s2.0-85190731738,2024.0
Facultad de Medicina y Salud,#066,Escuela de Medicina,2024.0,RECOSAN Tumors Study: Analysis of Patients with Spine Surgery due to Oncologic Pathology,,,,10.26502/jsr.10020336,False,,
Facultad de Medicina y Salud,#067,Escuela de Medicina,2024.0,Navigating the Indeterminate Zone: Surgeons’ Decision-Making Factors in Treating Vertebral Metastases with Spinal Instability Scores of 7–12,,,,10.1016/j.wneu.2024.03.084,True,2-s2.0-85191345659,2024.0
Facultad de Medicina y Salud,#068,Escuela de Medicina,2024.0,Functional results and feasibility of a teleprehabilitation program in patients who are candidates for elective colorectal cancer surgery during the COVID-19 pandemic,,,,10.1111/ajco.13939,True,2-s2.0-85147288447,2024.0
Facultad de Medicina y Salud,#069,Escuela de Medicina,2024.0,[What we know today about solitary rectal ulcer syndrome] Lo que sabemos hoy de síndrome úlcera rectal solitaria,,,,10.4067/s0034-98872024000200225,True,2-s2.0-85204724653,2024.0
Facultad de Medicina y Salud,#070,Escuela de Medicina,2024.0,Biomarkers of minimal residual disease and treatment,,,,10.1016/bs.acc.2024.02.002,True,2-s2.0-85186210719,2024.0
Facultad de Medicina y Salud,#071,Escuela de Medicina,2024.0,The role of matrix metalloproteinase-2 in the metastatic cascade: a review,,,,10.1515/oncologie-2023-0368,True,2-s2.0-85183026431,2024.0
Facultad de Medicina y Salud,#072,Escuela de Medicina,2024.0,Current liver failure support systems: Biding time for transplantation [Soportes actuales en falla hepática: cuando el trasplante se hace esperar],,,,10.1016/j.rmclc.2023.12.002,True,2-s2.0-85183967700,2024.0
Facultad de Medicina y Salud,#073,Escuela de Medicina,2024.0,Cemented versus cementless unicompartmental knee arthroplasty,,,,10.1016/j.jisako.2024.100340,True,2-s2.0-85209407253,2024.0
Facultad de Medicina y Salud,#074,Escuela de Medicina,2024.0,Anatomical Variants of the Origin of the Coronary Arteries: A Systematic Review and Meta-Analysis of Prevalence,,,,10.3390/diagnostics14131458,True,2-s2.0-85198397605,2024.0
Facultad de Medicina y Salud,#075,Escuela de Medicina,2024.0,Effectiveness of DASH Diet versus Other Diet Modalities in Patients with Metabolic Syndrome: A Systematic Review and Meta-Analysis,,,,10.3390/nu16183054,True,2-s2.0-85205078698,2024.0
Facultad de Medicina y Salud,#076,Escuela de Medicina,2024.0,Use of Ketamine in Patients with Multifactorial Neuropathic Pain: A Systematic Review and Meta-Analysis,,,,10.3390/ph17091165,True,2-s2.0-85205081067,2024.0
Facultad de Medicina y Salud,#077,Escuela de Medicina,2024.0,Partial agenesis of the pectoralis major and minor muscle: A cadaveric case report,,,,10.1097/md.0000000000039444,True,2-s2.0-85204418067,2024.0
Facultad de Medicina y Salud,#078,Escuela de Medicina,2024.0,Association between types of abdominopelvic cancer in patients with situs inversus total: Systematic review,,,,10.1097/md.0000000000037093,True,2-s2.0-85185865636,2024.0
Facultad de Medicina y Salud,#079,Escuela de Medicina,2024.0,Systematic review and meta-analysis of right subclavian artery variants and their correlation with cervical-thoracic clinical conditions,,,,10.1097/md.0000000000036856,True,2-s2.0-85185860056,2024.0
Facultad de Medicina y Salud,#080,Escuela de Medicina,2024.0,A systematic review and meta-analysis: prevalence and clinical implications of anatomical variants of the hepatic portal vein,,,,10.1038/s41598-024-81543-3,True,2-s2.0-85211148658,2024.0
Facultad de Medicina y Salud,#081,Escuela de Medicina,2024.0,Clinical implications of aberrant anatomy of the common hepatic duct in liver surgery: a systematic review and meta-analysis,,,,10.1007/s00276-024-03494-8,True,2-s2.0-85205318422,2024.0
Facultad de Medicina y Salud,#082,Escuela de Medicina,2024.0,Hepatic Hilum Variations and Their Clinical Considerations in the Liver: A Systematic Review and Meta-Analysis,,,,10.3390/life14101301,True,2-s2.0-85207676879,2024.0
Facultad de Medicina y Salud,#083,Escuela de Medicina,2024.0,Infraorbital canal variants and its clinical and surgical implications. A systematic review,,,,10.1007/s00276-024-03348-3,True,2-s2.0-85191716936,2024.0
Facultad de Medicina y Salud,#084,Escuela de Medicina,2024.0,Effectiveness of Duloxetine versus Other Therapeutic Modalities in Patients with Diabetic Neuropathic Pain: A Systematic Review and Meta-Analysis,,,,10.3390/ph17070856,True,2-s2.0-85199872756,2024.0
Facultad de Medicina y Salud,#085,Escuela de Medicina,2024.0,Morphological Characteristics of the Double Mental Foramen and Its Relevance in Clinical Practice: An Observational Study,,,,10.3390/diagnostics14121277,True,2-s2.0-85197110778,2024.0
Facultad de Medicina y Salud,#086,Escuela de Medicina,2024.0,Association between the Anatomical Location of Glioblastoma and Its Evaluation with Clinical Considerations: A Systematic Review and Meta-Analysis,,,,10.3390/jcm13123460,True,2-s2.0-85197149301,2024.0
Facultad de Medicina y Salud,#087,Escuela de Medicina,2024.0,Hypoplastic and Congenital Absence of Coronary Arteries and Its Correlation with Clinical Implications of Cardiac Circulation: A Systematic Review and Meta-Analysis,,,,10.3390/jcm13113085,True,2-s2.0-85195795525,2024.0
Facultad de Medicina y Salud,#088,Escuela de Medicina,2024.0,The Association between Anatomical Variants of Musculoskeletal Structures and Nerve Compressions of the Lower Limb: A Systematic Review and Meta-Analysis,,,,10.3390/diagnostics14070695,True,2-s2.0-85190275980,2024.0
Facultad de Medicina y Salud,#089,Escuela de Medicina,2024.0,Anatomy of vertebral artery hypoplasia and its relationship with clinical implications: a systematic review and meta-analysis of prevalence,,,,10.1007/s00276-024-03377-y,True,2-s2.0-85193467121,2024.0
Facultad de Medicina y Salud,#090,Escuela de Medicina,2024.0,Ultrasound Pattern of Cutis Verticis Gyrata,,,,10.1002/jum.16373,True,2-s2.0-85176452294,2024.0
Facultad de Medicina y Salud,#091,Escuela de Medicina,2024.0,Ultrasonography of Facial and Submandibular Hidradenitis Suppurativa and Concomitance With Acne Vulgaris,,,,10.1002/jum.16526,True,2-s2.0-85198626239,2024.0
Facultad de Medicina y Salud,#092,Escuela de Medicina,2024.0,American Society for Transplantation and Cellular Therapy International Affairs Committee: Report of the 4th Workshop on Quality as a Development Tool for Hematopoietic Cell Transplantation Programs at the 2023 Tandem BMT Meetings,,,,10.1016/j.jtct.2024.02.011,True,2-s2.0-85186319082,2024.0
Facultad de Medicina y Salud,#093,Escuela de Medicina,2024.0,Percepción de estudiantes de Medicina sobre curso híbrido de Traumatología y Ortopedia post pandemia COVID-19. Estudio transversal en Chile,,,,10.1016/j.rmclc.2024.05.012,True,2-s2.0-85201500956,2024.0
Facultad de Medicina y Salud,#094,Escuela de Medicina,2024.0,Role of NLRP3 Inflammasome in Heart Failure Patients Undergoing Cardiac Surgery as a Potential Determinant of Postoperative Atrial Fibrillation and Remodeling: Is SGLT2 Cotransporter Inhibition an Alternative for Cardioprotection?,,,,10.3390/antiox13111388,True,2-s2.0-85210267275,2024.0
Facultad de Medicina y Salud,#095,Escuela de Medicina,2024.0,Amelioration of morphine withdrawal syndrome by systemic and intranasal administration of mesenchymal stem cell-derived secretome in preclinical models of morphine dependence.,,,,10.1111/cns.14517,False,,
Facultad de Medicina y Salud,#096,Escuela de Medicina,2024.0,The general practitioner’s role in wound management,,,,10.35279/jowm2024.25.03.04,True,2-s2.0-85210445194,2024.0
Facultad de Medicina y Salud,#097,Escuela de Medicina,2024.0,Artificial intelligence in diagnosing upper limb musculoskeletal disorders: a systematic review and meta-analysis of diagnostic tests,,,,10.1530/eor-23-0174,True,2-s2.0-85190693898,2024.0
Facultad de Medicina y Salud,#098,Escuela de Medicina,2024.0,"Automated and Interpretable Detection of Hippocampal Sclerosis in Temporal Lobe Epilepsy: AID-HS Ripart, Mathilde",,,,10.1002/ana.27089,True,2-s2.0-85209077922,2025.0
Facultad de Medicina y Salud,#099,Escuela de Medicina,2024.0,Neurocognitive correlates of semantic memory navigation in Parkinson’s disease,,,,10.1038/s41531-024-00630-4,True,2-s2.0-85181891137,2024.0
Facultad de Medicina y Salud,#100,Escuela de Medicina,2024.0,Author Correction: Neurocognitive correlates of semantic memory navigation in Parkinson’s disease (npj Parkinson’s Disease,,,,10.1038/s41531-024-00630-4,True,2-s2.0-85181891137,2024.0
Facultad de Medicina y Salud,#101,Escuela de Medicina,2024.0,Placing engineering in the earthquake response and the survival chain,,,,10.1038/s41467-024-48624-3,True,2-s2.0-85193789492,2024.0
Facultad de Medicina y Salud,#102,Escuela de Medicina,2024.0,Modeling hospital resources based on global epidemiology after earthquake-related disasters,,,,10.1177/87552930241262788,True,2-s2.0-85202889574,2024.0
Facultad de Medicina y Salud,#103,Escuela de Medicina,2024.0,Patrones radiológicos en enfermedades pulmonares intersticialesRadiological patterns in interstitial lung diseases,,,,10.1016/j.rmclc.2024.05.003,True,2-s2.0-85201364254,2024.0
Facultad de Medicina y Salud,#104,Escuela de Medicina,2024.0,Clinical course of atypical parathyroid neoplasm with soft tissue extension,,,,10.1002/jso.27829,True,2-s2.0-85201423875,2024.0
Facultad de Medicina y Salud,#105,Escuela de Medicina,2024.0,Severe menopausal symptoms linked to cognitive impairment: an exploratory study,,,,10.1097/gme.0000000000002422,True,2-s2.0-85201395771,2024.0
Facultad de Medicina y Salud,#106,Escuela de Medicina,2024.0,Association of muscle disorders in late postmenopausal women according to the type of experienced menopause,,,,10.1097/gme.0000000000002367,True,2-s2.0-85197356033,2024.0
Facultad de Medicina y Salud,#107,Escuela de Medicina,2024.0,2024 SIAC guidelines on cardiorespiratory rehabilitation in pediatric patients with congenital heart disease,,,,10.1016/j.recesp.2024.02.017,True,2-s2.0-85190807889,2024.0
Facultad de Medicina y Salud,#108,Escuela de Medicina,2024.0,Surgical Mortality in Pediatric Congenital Heart Surgery: 10-Year Experience in a Chilean Cardiac Surgery Center.,,,,10.25107/2474-1647.3687,False,,
Facultad de Medicina y Salud,#109,Escuela de Medicina,2024.0,"Clinical Characteristics Associated with the PLP-PLS Index, a New Potential Metric to Phenotype Phantom Limb Pain",,,,10.3390/biomedicines12092035,True,2-s2.0-85205043671,2024.0
Facultad de Medicina y Salud,#110,Escuela de Medicina,2024.0,Generalities of the physiology of extracorporeal oxygenation (ECMO): Understanding through comparison [Generalidades de fisiología de la oxigenación extracorpórea (ECMO): entendiendo desde la comparación],,,,10.1016/j.rmclc.2023.11.004,True,2-s2.0-85184615443,2024.0
Facultad de Medicina y Salud,#111,Escuela de Medicina,2024.0,Immune checkpoint inhibitors in early-stage non-small cell lung cancer: New standard of care? [Inhibidores del punto de control inmune en cáncer pulmonar de células no pequeñas en etapa temprana: ¿Nuevo estándar de tratamiento?],,,,10.1016/j.rmclc.2024.03.005,True,2-s2.0-85189700511,2024.0
Facultad de Medicina y Salud,#112,Escuela de Medicina,2024.0,[Impact of active methodologies on the learning strategies of first-year healthcare students at Finis Terrae University] Impacto de las metodologías activas en las estrategias de aprendizaje de estudiantes del área de la salud de primer año en la Universidad Finis Terrae,,,,10.1016/j.rmclc.2024.02.004,True,2-s2.0-85208582406,2024.0
Facultad de Medicina y Salud,#113,Escuela de Medicina,2024.0,Appendicular Peritonitis Related to Burkitt Lymphoma: Case Report,,,,,False,,
Facultad de Medicina y Salud,#114,Escuela de Medicina,2024.0,Tamizaje de cáncer colorrectal: pruebas emergentes no invasivas [Colorectal cancer screening: emerging non-invasive tests],,,,10.1016/j.rmclc.2024.03.006,True,2-s2.0-85189513161,2024.0
Facultad de Medicina y Salud,#001,Escuela de Medicina,2023.0,A blinking focal pattern of re-entrant activity in the avian tectum,,,,10.1016/j.cub.2022.10.070,True,2-s2.0-85145697726,2023.0
Facultad de Medicina y Salud,#002,Escuela de Medicina,2023.0,A Nomogram for Relapse/Death and Contemplating Adjuvant Therapy for Parathyroid Carcinoma,,,,,False,,
Facultad de Medicina y Salud,#003,Escuela de Medicina,2023.0,Anatomical variations and abnormalities of the maxillary region and clinical implications: A systematic review and metaanalysis,,,,10.1097/md.0000000000034510,True,2-s2.0-85172425933,2023.0
Facultad de Medicina y Salud,#004,Escuela de Medicina,2023.0,Association between Acute Respiratory Distress Syndrome Due to COVID-19 and Long-Term Sleep and Circadian Sleep–Wake Disorders,,,,10.3390/jcm12206639,True,2-s2.0-85175374062,2023.0
Facultad de Medicina y Salud,#005,Escuela de Medicina,2023.0,BDNF and Cognitive Function in Chilean Schizophrenic Patients,,,,10.3390/ijms241310569,True,2-s2.0-85164923317,2023.0
Facultad de Medicina y Salud,#006,Escuela de Medicina,2023.0,Bronchodilator Response in FEF25-75 for the Diagnosis of Asthma in Children,,,,,False,,
Facultad de Medicina y Salud,#007,Escuela de Medicina,2023.0,Can Ultrasound Examinations Generate Pain in Hidradenitis Suppurativa Patients? Results from a Multicentric Cross-Sectional Study,,,,10.1159/000526537,True,2-s2.0-85139715653,2023.0
Facultad de Medicina y Salud,#008,Escuela de Medicina,2023.0,"Capnometry after an inspiratory breath hold, PLATCO2, as a surrogate for in mild to moderate pediatric acute respiratory distress syndrome: A feasibility study",,,,10.1002/ppul.26610,True,2-s2.0-85168588193,2023.0
Facultad de Medicina y Salud,#009,Escuela de Medicina,2023.0,Clinical Concepts for Triple Therapy Use in Patients with COPD: A Delphi Consensus,,,,10.2147/copd.s424128,True,2-s2.0-85169649150,2023.0
Facultad de Medicina y Salud,#010,Escuela de Medicina,2023.0,Commentary: Functional bowel complaints and the impact on quality of life after colorectal cancer surgery in the elderly,,,,,False,,
Facultad de Medicina y Salud,#011,Escuela de Medicina,2023.0,Correction to: Ultrasound evaluation of a new surface reference line to describe sural nerve location and safe zones to consider in posterior leg approaches,,,,10.1007/s00167-023-07323-0,True,2-s2.0-85148039285,2023.0
Facultad de Medicina y Salud,#012,Escuela de Medicina,2023.0,Correction: Obesity and brain structure in schizophrenia – ENIGMA study in 3021 individuals,,,,,False,,
Facultad de Medicina y Salud,#013,Escuela de Medicina,2023.0,Correction: Obesity and brain structure in schizophrenia – ENIGMA study in 3021 individuals,,,,,False,,
Facultad de Medicina y Salud,#014,Escuela de Medicina,2023.0,Country-level gender inequality is associated with structural differences in the brains of women and men,,,,,False,,
Facultad de Medicina y Salud,#015,Escuela de Medicina,2023.0,Differential diagnosis of vascular acrosyndromes [Diagnóstico diferencial de los acrosíndromes vasculares],,,,10.1016/j.piel.2023.03.012,True,2-s2.0-85171862350,2023.0
Facultad de Medicina y Salud,#016,Escuela de Medicina,2023.0,"Efficacy, Safety, and Pain Level of Subcutaneous Catheter Use for Administration of Granulocyte Colony-Stimulating Factor (G-CSF) in Children With Cancer: A Randomized Pilot Study",,,,10.1177/27527530231190373,True,2-s2.0-85175952760,2023.0
Facultad de Medicina y Salud,#017,Escuela de Medicina,2023.0,Effectiveness of alpha-lipoic acid in patients with neuropathic pain associated with type I and type II diabetes mellitus: A systematic review and meta-analysis,,,,10.1097/md.0000000000035368,True,2-s2.0-85176369256,2023.0
Facultad de Medicina y Salud,#018,Escuela de Medicina,2023.0,Effects of changes in trunk inclination on ventilatory efficiency in ARDS patients: quasi-experimental study,,,,10.1186/s40635-023-00550-2,True,2-s2.0-85172207120,2023.0
Facultad de Medicina y Salud,#019,Escuela de Medicina,2023.0,Evaluation of participants’ perception of an in situ simulation training program in an adult critical care center [Evaluación de la percepción de los participantes de un programa de entrenamiento con simulación in situ en un centro de paciente crítico adulto],,,,,False,,
Facultad de Medicina y Salud,#020,Escuela de Medicina,2023.0,Factors associated with prolonged mechanical ventilation in children with pulmonary failure: Cohort study from the LARed Network registry [Factores asociados a ventilación mecánica prolongada en niños con fallo respiratorio de causa pulmonar: Estudio de cohortes del registro de LARed Network],,,,10.1016/j.medin.2023.06.005,True,2-s2.0-85166301280,2024.0
Facultad de Medicina y Salud,#021,Escuela de Medicina,2023.0,Functional results and feasibility of a teleprehabilitation program in patients who are candidates for elective colorectal cancer surgery during the COVID-19 pandemic,,,,10.1111/ajco.13939,True,2-s2.0-85147288447,2024.0
Facultad de Medicina y Salud,#022,Escuela de Medicina,2023.0,Evaluación de un programa de simulación in situ en un centro de pacientes críticos desde la perspectiva de los participantes Evaluación de un programa de simulación de cuidados intensivos in situ desde la perspectiva de los participantes,,,,10.1016/j.rmclc.2023.03.009,True,2-s2.0-85160548641,2023.0
Facultad de Medicina y Salud,#023,Escuela de Medicina,2023.0,Intra and inter-individual variability in functional connectomes of patients with First Episode of Psychosis,,,,,False,,
Facultad de Medicina y Salud,#024,Escuela de Medicina,2023.0,Is the time below 90% of SpO2 during sleep (T90%) a metric of good health? A longitudinal analysis of two cohorts,,,,10.1007/s11325-023-02909-x,True,2-s2.0-85169302917,2024.0
Facultad de Medicina y Salud,#025,Escuela de Medicina,2023.0,Isolated Medial Patellofemoral Ligament Reconstruction in Patellar Instability: Does the Distance Between Tibial Tuberosity-Trochlear Groove Make a Difference?,,,,10.1007/s43465-023-00906-6,True,2-s2.0-85160233146,2023.0
Facultad de Medicina y Salud,#026,Escuela de Medicina,2023.0,Mechanics in pediatric acute respiratory distress syndrome associated to acute COVID-19 and MIS-C [Mecánica pulmonar en el síndrome de distrés respiratorio agudo pediátrico asociado a COVID-19 aguda y MIS-C],,,,10.32641/andespediatr.v94i3.4616,True,2-s2.0-85164586783,2023.0
Facultad de Medicina y Salud,#027,Escuela de Medicina,2023.0,Incidence and Clinical Implications of Anatomical Variations in the Pancreas and Its Ductal System: A Systematic Review and Meta-Analysis,,,,10.3390/life13081710,True,2-s2.0-85169073153,2023.0
Facultad de Medicina y Salud,#028,Escuela de Medicina,2023.0,"Macroagglutination as cause of death: when Virchow’s perfect storm strikes [Le Grand Mort: la tríada, o más bien orgía, de Virchow que acabó en muerte]",,,,10.1016/j.rmclc.2023.07.004,True,2-s2.0-85165942931,2023.0
Facultad de Medicina y Salud,#029,Escuela de Medicina,2023.0,Morphological Differences between Patient Self-inflicted and Ventilator-induced Lung Injury: An Experimental Study,,,,,False,,
Facultad de Medicina y Salud,#030,Escuela de Medicina,2023.0,Malla suburetral retropúbica (TVT): experiencia clínica y análisis de datos en el Hospital El Carmen de Maipú,,,,10.24875/rechog.23000036,True,2-s2.0-85179070817,2023.0
Facultad de Medicina y Salud,#031,Escuela de Medicina,2023.0,New morbidity following critical illness in Latin American children under 18 years old with lower respiratory tract infection [Nueva Morbilidad tras Enfermedad Crítica en Niños Latinoamericanos menores de 18 años con infección severa del tracto respiratorio inferior],,,,10.32641/andespediatr.v94i1.4273,True,2-s2.0-85148890400,2023.0
Facultad de Medicina y Salud,#032,Escuela de Medicina,2023.0,Noninvasive Ventilation for Pediatric Acute Respiratory Distress Syndrome: Experience From the 2016/2017 Pediatric Acute Respiratory Distress Syndrome Incidence and Epidemiology Prospective Cohort Study,,,,10.1097/pcc.0000000000003281,True,2-s2.0-85169848739,2023.0
Facultad de Medicina y Salud,#033,Escuela de Medicina,2023.0,Osteosynthesis of a patellar fracture with repair of the knee extensor mechanism: Case report,,,,10.1016/j.tcr.2023.100851,True,2-s2.0-85159892154,2023.0
Facultad de Medicina y Salud,#034,Escuela de Medicina,2023.0,Overnight extubation is not associated with extubation failure in pediatric intensive care unit patients: a retrospective cohort study [La extubación durante la noche no se asocia con su fracaso en pacientes pediátricos de Unidad de Cuidados Intensivos: Estudio de cohorte retrospectivo],,,,10.32641/andespediatr.v94i5.4583,True,2-s2.0-85174916359,2023.0
Facultad de Medicina y Salud,#035,Escuela de Medicina,2023.0,Plateau Pressure and Driving Pressure in Volume- and Pressure-Controlled Ventilation: Comparison of Frictional and Viscoelastic Resistive Components in Pediatric Acute Respiratory Distress Syndrome,,,,10.1097/pcc.0000000000003291,True,2-s2.0-85169848260,2023.0
Facultad de Medicina y Salud,#036,Escuela de Medicina,2023.0,Population well-being and the COVID-19 vaccination program in Chile: evidence from Google Trends,,,,,False,,
Facultad de Medicina y Salud,#037,Escuela de Medicina,2023.0,Post-COVID-19 syndrome in a sample of climacteric women living in Latin America,,,,10.1097/gme.0000000000002123,True,2-s2.0-85147046989,2023.0
Facultad de Medicina y Salud,#038,Escuela de Medicina,2023.0,Presentation of a new classification in abdominoplasty plications [Presentación de una nueva clasificación de plicaturas en abdominoplastia],,,,10.4321/s0376-78922023000200004,True,2-s2.0-85167666524,2023.0
Facultad de Medicina y Salud,#039,Escuela de Medicina,2023.0,Prevalence of the Bifid Mandibular Condyle and Its Relationship with Pathologies of the Temporomandibular Joint: A Systematic Review and Meta-Analysis,,,,10.3390/diagnostics13203282,True,2-s2.0-85175534452,2023.0
Facultad de Medicina y Salud,#040,Escuela de Medicina,2023.0,Neuronas espejo y sistemas neuronales asociados al aprendizaje clínico. Una revisión de la literatura,,,,10.35366/112734,False,,
Facultad de Medicina y Salud,#041,Escuela de Medicina,2023.0,Quantitative Susceptibility Mapping MRI in Deep-Brain Nuclei in First-Episode Psychosis,,,,10.1093/schbul/sbad041,True,2-s2.0-85172441471,2023.0
Facultad de Medicina y Salud,#042,Escuela de Medicina,2023.0,"Cruces, Pablo Díaz, Franco Reply to Perez",,,,10.1164/rccm.202303-0364le,True,2-s2.0-85159734220,2023.0
Facultad de Medicina y Salud,#043,Escuela de Medicina,2023.0,Prevalence and Clinical Consideration of Anatomical Variants of the Splenic Artery: A Systematic Review and Meta-Analysis,,,,,False,,
Facultad de Medicina y Salud,#044,Escuela de Medicina,2023.0,ROBOT Assisted Laparoscopic Surgeries For Nononcological Urologic Disease: Initial Experience With Hugo Ras System,,,,,False,,
Facultad de Medicina y Salud,#045,Escuela de Medicina,2023.0,Septic shock originating from a pulmonary focus caused by Pasteurella multocida. Report of one case [Shock séptico de foco respiratorio por Pasteurella multocida en un paciente inmunocompetente. Caso Clínico],,,,10.4067/s0034-98872023000100120,True,2-s2.0-85170692575,2023.0
Facultad de Medicina y Salud,#046,Escuela de Medicina,2023.0,Spanish version of the ICIQ-Bowel questionnaire among colorectal cancer patients: construct and criterion validity: Comprehensive assessment of bowel function,,,,10.1186/s12876-023-02970-6,True,2-s2.0-85173375904,2023.0
Facultad de Medicina y Salud,#047,Escuela de Medicina,2023.0,Teledermatology Evaluation and Feedback Systems: A Tool for Improving Care,,,,10.3390/healthcare11111626,True,2-s2.0-85163058875,2023.0
Facultad de Medicina y Salud,#048,Escuela de Medicina,2023.0,Results of prophylactic simple fasciocutaneous advancement in the initial management of acute ankle fractures with high risk of operative wound complication,,,,10.1016/j.fas.2023.09.002,True,2-s2.0-85171831612,2024.0
Facultad de Medicina y Salud,#049,Escuela de Medicina,2023.0,"The U-Shaped Association between Sleep Duration, All-Cause Mortality and Cardiovascular Risk in a Hispanic/Latino Clinically Based Cohort",,,,10.3390/jcm12154961,True,2-s2.0-85167685213,2023.0
Facultad de Medicina y Salud,#050,Escuela de Medicina,2023.0,Therapeutic Effects of WT1 Silencing via Respiratory Administration of Neutral DOPC Liposomal-siRNA in a Lung Metastasis Melanoma Murine Model,,,,,False,,
Facultad de Medicina y Salud,#051,Escuela de Medicina,2023.0,Survey on Spinal Injections for lumbar degenerative stenosis among spine surgeons in Latin America,,,,10.26502/fjsrs0065,False,,
Facultad de Medicina y Salud,#052,Escuela de Medicina,2023.0,"Systematic Review and Meta-Analysis: Recurrent Laryngeal Nerve Variants and Their Implication in Surgery and Neck Pathologies, Using the Anatomical Quality Assurance (AQUA) Checklist",,,,,False,,
Facultad de Medicina y Salud,#053,Escuela de Medicina,2023.0,Ultrasound Pattern of Cutis Verticis Gyrata,,,,10.1002/jum.16373,True,2-s2.0-85176452294,2024.0
Facultad de Medicina y Salud,#054,Escuela de Medicina,2023.0,The Akin osteotomy without fixation in open hallux abducto-valgo correction surgery-A single center retrospective analysis of 286 cases,,,,,False,,
Facultad de Medicina y Salud,#055,Escuela de Medicina,2023.0,"Update on topical corticosteroids: Classification, clinical use, and adverse effects [Actualización terapéutica en corticoesteroides tópicos: clasificación, usos clínicos y efectos colaterales]",,,,10.1016/j.piel.2022.10.006,False,,
Facultad de Medicina y Salud,#056,Escuela de Medicina,2023.0,Uso de impresión 3D en planificación preoperatoria de osteotomía por coalición metatarsiana: reporte de un caso,,,,10.1016/j.rmclc.2023.08.004,True,2-s2.0-85172181917,2023.0
Facultad de Medicina y Salud,#057,Escuela de Medicina,2023.0,Vitamin D and cutaneous pathologies [Vitamina D y enfermedades de la piel],,,,10.1016/j.piel.2023.07.002,True,2-s2.0-85174710743,2024.0
Facultad de Medicina y Salud,#058,Escuela de Medicina,2023.0,Acute monophasic disseminated encephalomyelitis due to enterococcus faecalis. Discussion of a case not described in the literature.,,,,,False,,
Facultad de Medicina y Salud,#059,Escuela de Medicina,2023.0,Prevalence and treatment of asthma in adults: descriptive analysis of the Chilean National Health Survey 2016-2017,,,,10.4067/s0717-73482023000300233,False,,
Facultad de Medicina y Salud,#060,Escuela de Medicina,2023.0,The Possible Role of Matrix Metalloprotienase-2 in the Relapse in Patients with Stage II Colon Cancer Treated by Curative Surgery,,,,10.31557/apjcp.2023.24.10.3373,True,2-s2.0-85175278794,2023.0
Facultad de Medicina y Salud,#061,Escuela de Medicina,2023.0,Antibiotic-Resistant Bacteria in Environmental Water Sources from Southern Chile: A Potential Threat to Human Health,,,,10.3390/microbiolres14040121,True,2-s2.0-85180712015,2023.0
Facultad de Medicina y Salud,#062,Escuela de Medicina,2023.0,Probable coinfection of andes hantavirus and legionella in a critically ill patient: First description of a case in the literature and literature review [Probable coinfección por hantavirus variante Andes y Legionella en un paciente crítico: primera descripción en la literatura de un caso y revisión de la literatura],,,,10.1016/j.rmclc.2023.09.009,True,2-s2.0-85178463650,2023.0
Facultad de Medicina y Salud,#063,Escuela de Medicina,2023.0,Retropubic suburethral mesh (TVT): clinical experience and data analysis at the Hospital El Carmen de Maipú [Malla suburetral retropúbica (TVT): experiencia clínica y análisis de datos en el Hospital El Carmen de Maipú],,,,10.24875/rechog.23000036,True,2-s2.0-85179070817,2023.0
Facultad de Medicina y Salud,#064,Escuela de Medicina,2023.0,Tumor-like presentation of herpetic cervicitis: A case report,,,,,False,,
Facultad de Medicina y Salud,#065,Escuela de Medicina,2023.0,"Wound drain in lumbar arthrodesis for degenerative disease: an experimental, multicenter, randomized controlled trial",,,,10.1016/j.spinee.2022.12.002,True,2-s2.0-85145743670,2023.0
Facultad de Medicina y Salud,#066,Escuela de Medicina,2023.0,"Letter to the Editor Concerning the Article: «Wound drain in lumbar arthrodesis for degenerative disease: an experimental, multicenter, randomized controlled trial 2023 Spine J.",,,,10.1016/j.spinee.2023.09.031,True,2-s2.0-85182999283,2024.0
Facultad de Medicina y Salud,#067,Escuela de Medicina,2023.0,Tromboembolismo Pulmonar En Pacientes Con COVID-19: Descripción De Una Cohorte En Un Hospital Terciario Chileno.,,,,10.55720/respirar.15.4.2,False,,
Facultad de Medicina y Salud,#068,Escuela de Medicina,2023.0,A Dysconnectivity in Schizophrenia Revisited: Abnormal Temporal Organization of Dynamic Functional Connectivity in Patients With a First Episode of Psychosis,,,,10.1093/schbul/sbac187,True,2-s2.0-85159544230,2023.0
Facultad de Medicina y Salud,#069,Escuela de Medicina,2023.0,Estimation of PaCO2 by capnometry after a 3’’ inspiratory hold in mild to moderate Pediatric Acute Respiratory Distress Syndrome: a feasibility study.,,,,10.1002/ppul.26610,True,2-s2.0-85168588193,2023.0
Facultad de Medicina y Salud,#070,Escuela de Medicina,2023.0,Experiencia en COVID-19 en pacientes hospitalizados en unidades de paciente crítico pediátrico durante el periodo pandémico,,,,10.32641/andespediatr.v94i5.4527,False,,
Facultad de Medicina y Salud,#071,Escuela de Medicina,2023.0,Hipoxia e hipersensibilidad de tipo IV: patogenia dual en reacciones a implantes de cadera,,,,10.1055/s-0043-1760860,False,,
Facultad de Medicina y Salud,#072,Escuela de Medicina,2023.0,La extubación durante la noche no se asocia con su fracaso en pacientes pediátricos de Unidad de Cuidados Intensivos: Estudio de cohorte retrospectivo.,,,,10.32641/andespediatr.v94i5.4583,True,2-s2.0-85174916359,2023.0
Facultad de Medicina y Salud,#073,Escuela de Medicina,2023.0,"Caso clínico: Le Grand Mort: la tríada, o más bien orgía, de Virchow que acabó en muerte",,,,10.1016/j.rmclc.2023.07.004,True,2-s2.0-85165942931,2023.0
Facultad de Medicina y Salud,#074,Escuela de Medicina,2023.0,Left ventricular pseudoaneurysm in left ventricular aneurysm,,,,10.52768/2766-7820/2545,False,,
Facultad de Medicina y Salud,#075,Escuela de Medicina,2023.0,The incidence of non-affective psychotic disorders in low and middle-income countries: a systematic review and meta-analysis,,,,10.1007/s00127-022-02397-6,True,2-s2.0-85144656709,2023.0
Facultad de Medicina y Salud,#001,Escuela de Medicina,2022.0,Regulation of the Intestinal Extra-Adrenal Steroidogenic Pathway Component LRH-1 by Glucocorticoids in Ulcerative Colitis.,,,,10.3390/cells11121905,False,,
Facultad de Medicina y Salud,#002,Escuela de Medicina,2022.0,The role of cholesterol and mitochondrial bioenergetics in activation of the inflammasome in IBD.,,,,10.3389/fimmu.2022.1028953,False,,
Facultad de Medicina y Salud,#003,Escuela de Medicina,2022.0,Antibiotic-Resistant Bacteria in Environmental Water Sources from Southern Chile: A Potential Threat to Human Health,,,,10.3390/microbiolres14040121,True,2-s2.0-85180712015,2023.0
Facultad de Medicina y Salud,#004,Escuela de Medicina,2022.0,Exploring the lutein therapeutic potential in steatotic liver disease: mechanistic insights and future directions.,,,,10.3389/fphar.2024.1406784,True,2-s2.0-85197695723,2024.0
Facultad de Medicina y Salud,#005,Escuela de Medicina,2022.0,Pannexin-1 expression in tumor cells correlates with colon cancer progression and survival.,,,,10.1016/j.lfs.2024.122851,True,2-s2.0-85196542544,2024.0
Facultad de Medicina y Salud,#006,Escuela de Medicina,2022.0,Liver X receptor unlinks intestinal regeneration and tumorigenesis.,,,,10.1038/s41586-024-08247-6,True,2-s2.0-85209738764,2025.0
Facultad de Medicina y Salud,#007,Escuela de Medicina,2022.0,Intragastric administration of short chain fatty acids greatly reduces voluntary ethanol intake in rats.,,,,10.1038/s41598-024-80228-1,True,2-s2.0-85210151018,2024.0
Facultad de Medicina y Salud,#008,Escuela de Medicina,2022.0,Tratamiento de sobrecrecimiento bacteriano en el intestino delgado de pacientes chilenos con síndrome de intestino irritable: un estudio prospectivo y comparativo,,,,10.1016/j.rgmx.2024.08.004,True,2-s2.0-105001077196,2025.0
Facultad de Medicina y Salud,#009,Escuela de Medicina,2022.0,The Role of Cellular Senescence in Endothelial Dysfunction and Vascular Remodeling in Arteriovenous Fistulas maturation”(aceptado),,,,,False,,
Facultad de Medicina y Salud,#001,Escuela de Medicina,2021.0,Clinical and molecular characterization of Chilean patients with X-linked hypophosphatemia,,,,,False,,
Facultad de Medicina y Salud,#002,Escuela de Medicina,2021.0,Concurrencia de encefalitis diseminada aguda en lactante con Síndrome inflamatorio multisistémico asociado a infección por SARS-CoV-2,,,,,False,,
Facultad de Medicina y Salud,#003,Escuela de Medicina,2021.0,Curva de aprendizaje para el diagnóstico ecográfico específico de masas anexiales,,,,,False,,
Facultad de Medicina y Salud,#004,Escuela de Medicina,2021.0,Changes in Cannabis Consumption During the Global COVID-19 Lockdown: The International COVISTRESS Study,,,,,False,,
Facultad de Medicina y Salud,#005,Escuela de Medicina,2021.0,Dysregulated immune responses in COVID-19 patients correlating with disease severity and invasive oxygen requirements,,,,,False,,
Facultad de Medicina y Salud,#006,Escuela de Medicina,2021.0,Implementación de sistema de comando de incidentes para enfrentar pandemia SARS-COV-2 en clínica las condes,,,,,False,,
Facultad de Medicina y Salud,#007,Escuela de Medicina,2021.0,Insuficiencia Ovárica Primaria en Adolescentes: Revisión de la literatura a propósito de un caso clínico,,,,,False,,
Facultad de Medicina y Salud,#008,Escuela de Medicina,2021.0,Improvement in immune dysfunction after FOLFOX chemotherapy for Stage III colon cancer is associated with improved minimal residual disease prognostic subtype and outcome,,,,,False,,
Facultad de Medicina y Salud,#009,Escuela de Medicina,2021.0,"In-Hospital Acute Ischemic Stroke is Associated with Worse Outcome: Experience of a Single Center in Santiago Chile” Brunser A, Navia V V, Araneda P, Mazzon E, Muñoz P, Cavada G, Olavarría VV, Lavados PM. J Stroke Cerebrovasc Dis. 2021; 30: 105894.",,,,,False,,
Facultad de Medicina y Salud,#010,Escuela de Medicina,2021.0,Immune Dysfunction as Measured by the Systemic Immune-Inflammation Index is Associated with the Sub-Type of Minimal Residual Disease and Outcome in Stage II Colon Cancer Treated with Surgery alone,,,,,False,,
Facultad de Medicina y Salud,#011,Escuela de Medicina,2021.0,Validación de la versión en español de un instrumento de evaluación de la comunicación centrada en el paciente en OSCE,,,,,False,,
Facultad de Medicina y Salud,#012,Escuela de Medicina,2021.0,Functional Dysconnectivity in Ventral Striatocortical Systems in 22q11.2 Deletion Syndrome,,,,,False,,
Facultad de Medicina y Salud,#013,Escuela de Medicina,2021.0,"Gender, age and geographical representation over the past 50 years of schizophrenia research",,,,,False,,
Facultad de Medicina y Salud,#014,Escuela de Medicina,2021.0,Clinical and organizational framework of repurposing pediatric intensive care unit to adult critical care in a resource-limited setting: Lessons from the response of an urban general hospital to the COVID-19 pandemic,,,,,False,,
Facultad de Medicina y Salud,#015,Escuela de Medicina,2021.0,The structural and functional importance of the thalamus in migraine processes with and without aura. A literature review,,,,,False,,
Facultad de Medicina y Salud,#016,Escuela de Medicina,2021.0,Comparison of Interleukin-6 Plasma Concentration in Multisystem Inflammatory Syndrome in Children Associated With SARS-CoV-2 and Pediatric Sepsis,,,,,False,,
Facultad de Medicina y Salud,#017,Escuela de Medicina,2021.0,Hacia un modelo de atención en salud para el siglo XXI: breve historia del modelo de atención integrada en Chile,,,,,False,,
Facultad de Medicina y Salud,#018,Escuela de Medicina,2021.0,Therapeutic plasma exchange in critically ill children: experience of the pediatric intensive care unit of two centers in Chile,,,,,False,,
Facultad de Medicina y Salud,#019,Escuela de Medicina,2021.0,Desafíos de la utilización de las Guías Pediátricas Internacionales 2020 de la Campaña Sobreviviendo a la Sepsis en contextos de recursos limitados: Una visión del mundo real más allá de la academia,,,,,False,,
Facultad de Medicina y Salud,#020,Escuela de Medicina,2021.0,Global Respiratory Syncytial Virus–Related Infant Community Deaths,,,,,False,,
Facultad de Medicina y Salud,#021,Escuela de Medicina,2021.0,"A randomized clinical trial to assess the effectiveness of pre- and post-surgical pelvic floor physiotherapy for bowel symptoms, pelvic floor function, and quality of life of patients with rectal cancer: CARRET protocol",,,,,False,,
Facultad de Medicina y Salud,#022,Escuela de Medicina,2021.0,Immune Dysfunction as Measured by the Systemic Immune-Inflammation Index is Associated with the Sub-Type of Minimal Residual Disease and Outcome in Stage II Colon Cancer Treated with Surgery alone,,,,,False,,
Facultad de Medicina y Salud,#023,Escuela de Medicina,2021.0,Cobertura de partes blandas del Pulgar. Guía en la toma de decisiones,,,,,False,,
Facultad de Medicina y Salud,#024,Escuela de Medicina,2021.0,Impacto en el patrón de atención en Cirugía de Cabeza y Cuello y las medidas sanitarias adoptadas durante los primeros 150 días de la era COVID-19,,,,,False,,
Facultad de Medicina y Salud,#025,Escuela de Medicina,2021.0,Inhaled nitric oxide and prone position as a rescue therapy for severe hypoxemia in an infant with COVID-19 pneumonia,,,,,False,,
Facultad de Medicina y Salud,#026,Escuela de Medicina,2021.0,The structural and functional importance of the thalamus in migraine processes with and without aura. A literature review,,,,,False,,
Facultad de Medicina y Salud,#027,Escuela de Medicina,2021.0,Pericarditis posterior a la administración de vacuna mRNA contra COVID-19,,,,,False,,
Facultad de Medicina y Salud,#028,Escuela de Medicina,2021.0,Airway Management of Critically Ill Pediatric Patients with Suspected or Proven Coronavirus Disease 2019 Infection: An Intensivist Point of View,,,,,False,,
Facultad de Medicina y Salud,#029,Escuela de Medicina,2021.0,How COVID-19 pandemic influenced non-formal education digital transformation – SLAOTI experience,,,,,False,,
Facultad de Medicina y Salud,#030,Escuela de Medicina,2021.0,"The human-specific duplicated α7 gene inhibits the ancestral α7, negatively regulating nicotinic acetylcholine receptor-mediated transmitter release",,,,,False,,
Facultad de Medicina y Salud,#031,Escuela de Medicina,2021.0,Ultrasound Imaging of Nevus Sebaceous of Jadassohn,,,,,False,,
Facultad de Medicina y Salud,#032,Escuela de Medicina,2021.0,"Analgesia, sedation, neuromuscular blockade and delirium management practices in Chilean intensive care units",,,,,False,,
Facultad de Medicina y Salud,#033,Escuela de Medicina,2021.0,En época de COVID-19: ¿cómo las estrategias de recuperación avanzadas (STAR) pueden ayudar a dar soluciones a los pacientes oncológicos?,,,,,False,,
Facultad de Medicina y Salud,#034,Escuela de Medicina,2021.0,Chemical composition analysis of 649 urinary stones,,,,,False,,
Facultad de Medicina y Salud,#035,Escuela de Medicina,2021.0,Treatment of Hodgkin disease relapse after allogeneic transplantation with nivolumab. Report of two cases,,,,,False,,
Facultad de Medicina y Salud,#036,Escuela de Medicina,2021.0,An update on parathyroid carcinoma,,,,,False,,
Facultad de Medicina y Salud,#037,Escuela de Medicina,2021.0,Ileocolic Intussusception Related to Cecum Adenocarcinoma: Case Report,,,,,False,,
Facultad de Medicina y Salud,#038,Escuela de Medicina,2021.0,Implementation of early psychosis services in Latin America: A scoping review,,,,,False,,
Facultad de Medicina y Salud,#039,Escuela de Medicina,2021.0,Pregnancy in a 31-year-old woman with chronic lymphocytic leukemia: a case report and review of the literature,,,,,False,,
Facultad de Medicina y Salud,#040,Escuela de Medicina,2021.0,Retrospective analysis of the work of a medical education office,,,,,False,,
Facultad de Medicina y Salud,#041,Escuela de Medicina,2021.0,Ultrasound in Sports and Occupational Dermatology,,,,,False,,
Facultad de Medicina y Salud,#042,Escuela de Medicina,2021.0,Perspectives on the Twitter presence of hidradenitis suppurativa,,,,,False,,
Facultad de Medicina y Salud,#043,Escuela de Medicina,2021.0,Effects of ulipristal acetate in patients with symptomatic uterine fibroids,,,,,False,,
Facultad de Medicina y Salud,#044,Escuela de Medicina,2021.0,CAPRA score vs minimal residual disease as predictors of biochemical recurrence after radical prostatectomy,,,,,False,,
Facultad de Medicina y Salud,#045,Escuela de Medicina,2021.0,Gestión de una oficina de educación médica: evidencia de 10 años y planteamientos de nuevos desafíos para el siglo XXI,,,,,False,,
Facultad de Medicina y Salud,#046,Escuela de Medicina,2021.0,The association of the neutrophil-lymphocyte ratio with the presence of minimal residual disease and outcome in patients with Stage II colon cancer treated with surgery alone,,,,,False,,
Facultad de Medicina y Salud,#047,Escuela de Medicina,2021.0,An update on the work-up and management of ankle fractures: A literature review,,,,,False,,
Facultad de Medicina y Salud,#048,Escuela de Medicina,2021.0,"Epidural and Psoas Abscess, as a Rare Complication of Fournier ́s Gangrene",,,,,False,,
Facultad de Medicina y Salud,#049,Escuela de Medicina,2021.0,Resultados quirúrgicos y oncológicos de pacientes operados por por cáncer de recto con asistencia robótica,,,,,False,,
Facultad de Medicina y Salud,#050,Escuela de Medicina,2021.0,Structural brain abnormalities in schizophrenia in adverse environments: examining the effect of poverty and violence in six Latin American cities,,,,,False,,
Facultad de Medicina y Salud,#051,Escuela de Medicina,2021.0,Sonographic cervical length predicts vaginal delivery after previous cesarean section in women with low Bishop score induced with a double-balloon catheter,,,,,False,,
Facultad de Medicina y Salud,#052,Escuela de Medicina,2021.0,"Epidural and Psoas Abscess, as a Rare Complication of Fournier ́s Gangrene",,,,,False,,
Facultad de Medicina y Salud,#053,Escuela de Medicina,2021.0,Ultrasonography of cutaneous nodular pseudolymphoma at 18 and 71 MHz,,,,,False,,
Facultad de Medicina y Salud,#054,Escuela de Medicina,2021.0,Transient acquired Factor XII deficiency associated with moderately severe Covid-19 pneumonia,,,,,False,,
Facultad de Medicina y Salud,#055,Escuela de Medicina,2021.0,The major worldwide stress of healthcare professionals during the first wave of the COVID-19 pandemic – the international COVISTRESS survey,,,,,False,,
Facultad de Medicina y Salud,#056,Escuela de Medicina,2021.0,Preoperative axillary ultrasonography in patients with breast cancer: a prospective study to evaluate its ability to predict axillary tumor load,,,,,False,,
Facultad de Medicina y Salud,#057,Escuela de Medicina,2021.0,Change in the neurochemical signature and morphological development of the parvocellular isthmic projection to the avian tectum,,,,,False,,
Facultad de Medicina y Salud,#058,Escuela de Medicina,2021.0,Update on female urethral reconstruction,,,,,False,,
Facultad de Medicina y Salud,#059,Escuela de Medicina,2021.0,Atypical antipsychotics for delirium in hospitalized patients,,,,,False,,
Facultad de Medicina y Salud,#060,Escuela de Medicina,2021.0,Renal infarction associated with asymptomatic Covid-19 infection,,,,,False,,
Facultad de Medicina y Salud,#061,Escuela de Medicina,2021.0,Predictors of clozapine discontinuation at 2 years in treatment-resistant schizophrenia,,,,,False,,
Facultad de Medicina y Salud,#062,Escuela de Medicina,2021.0,Antibiotics for acute uncomplicated diverticulitis in hospitalized patients,,,,,False,,
Facultad de Medicina y Salud,#063,Escuela de Medicina,2021.0,"Immune dysfunction, minimal residual disease and patient outcome in nonmetastatic cancer: could modulation of immune function improve outcome?",,,,,False,,
Facultad de Medicina y Salud,#064,Escuela de Medicina,2021.0,Frailty and reduced gait speed are independently related to mortality of cirrhotic patients in long-term follow-up,,,,,False,,
Facultad de Medicina y Salud,#065,Escuela de Medicina,2021.0,ECMO for COVID-19-Associated Severe ARDS in Chile: A Nationwide Incidence and Cohort Study,,,,,False,,
Facultad de Medicina y Salud,#066,Escuela de Medicina,2021.0,Management of mild congenital deficiency of Factor XI with a Factor XI inhibitor in pregnancy: A clinical case,,,,,False,,
Facultad de Medicina y Salud,#001,Escuela de Medicina,2020.0,Cannabis use among hospitalized young people experiencing a first episode of psychosis: a case control study,,,,,False,,
Facultad de Medicina y Salud,#002,Escuela de Medicina,2020.0,La paideia griega como modelo clásico en la educación médica y su relación con la profesión médica,,,,,False,,
Facultad de Medicina y Salud,#003,Escuela de Medicina,2020.0,Formación médica profesional y déficit de médicos en atención primaria – Portal Regional de la BVS,,,,,False,,
Facultad de Medicina y Salud,#004,Escuela de Medicina,2020.0,"Asociación entre los niveles de NO, NO2, SO2, O3, CH4 en el aire y las tasas de hospitalización del Hospital Adriana Cousiño de Quintero durante los años 2012 al 2018 – Portal Regional de la BVS",,,,,False,,
Facultad de Medicina y Salud,#005,Escuela de Medicina,2020.0,Tutorial teaching in medicine from the perspective of teachers,,,,,False,,
Facultad de Medicina y Salud,#006,Escuela de Medicina,2020.0,Colorectal cancer risk factors in asymptomatic Chilean population: a survey of international collaboration between Japan and Chile,,,,,False,,
Facultad de Medicina y Salud,#007,Escuela de Medicina,2020.0,Evaluation of sensi-disk elution for colistin susceptibility determination in multidrug resistant gramnegative bacilli,,,,,False,,
Facultad de Medicina y Salud,#008,Escuela de Medicina,2020.0,Analysis and new contraception frontiers with combined vaginal rings,,,,,False,,
Facultad de Medicina y Salud,#009,Escuela de Medicina,2020.0,"Evaluation of the laparoscopic component of GESEA Programme in two different groups: Obstetrics and Gynaecology Residents versus Participants in the Annual GESEA Diploma Course in Clermont Ferrand, France",,,,,False,,
Facultad de Medicina y Salud,#010,Escuela de Medicina,2020.0,Ureteral Avulsion During Retrograde Intrarenal Surgery: When the Unexpected Happens,,,,,False,,
Facultad de Medicina y Salud,#011,Escuela de Medicina,2020.0,Ultrasound in Sports and Occupational Dermatology,,,,,False,,
Facultad de Medicina y Salud,#012,Escuela de Medicina,2020.0,The expression of matrix-metalloproteinase-2 in bone marrow micro-metastasis is associated with the presence of circulating prostate cells and a worse prognosis in men treated with radical prostatectomy for prostate cancer,,,,,False,,
Facultad de Medicina y Salud,#013,Escuela de Medicina,2020.0,"Intratelencephalic projections of the avian visual dorsal ventricular ridge: Laminarly segregated, reciprocally and topographically organized.",,,,,False,,
Facultad de Medicina y Salud,#014,Escuela de Medicina,2020.0,Association between high levels of gynoid fat and the increase of bone mineral density in women.,,,,,False,,
Facultad de Medicina y Salud,#015,Escuela de Medicina,2020.0,Minimal Residual Disease Defines the Risk and Time to Biochemical Failure in Patients with pT2 and pT3a Prostate Cancer Treated with Radical Prostatectomy: an Observational Prospective Study,,,,,False,,
Facultad de Medicina y Salud,#016,Escuela de Medicina,2020.0,Impacto del Coronavirus en la implementación de la Educación Médica vía online y su relación con el concepto de Parrhesia,,,,,False,,
Facultad de Medicina y Salud,#017,Escuela de Medicina,2020.0,Generación de un acuerdo Marco para una Nueva Política Educativa Médica Chilena,,,,,False,,
Facultad de Medicina y Salud,#018,Escuela de Medicina,2020.0,Implementación de la Metodología Indagatoria-Mayéutica en la Educación médica en Chile,,,,,False,,
Facultad de Medicina y Salud,#019,Escuela de Medicina,2020.0,Preschool Girl With Vaginal Bleeding Due to Pinworm Endometritis,,,,,False,,
Facultad de Medicina y Salud,#020,Escuela de Medicina,2020.0,Gender differences in the prevalence of vitamin D deficiency in a southern Latin American country: a pilot study,,,,,False,,
Facultad de Medicina y Salud,#021,Escuela de Medicina,2020.0,Subtypes of minimal residual disease and outcome for stage II colon cancer treated by surgery alone,,,,,False,,
Facultad de Medicina y Salud,#022,Escuela de Medicina,2020.0,A specialized reciprocal connectivity suggests a link between the mechanisms by which the superior colliculus and parabigeminal nucleus produce defensive behaviors in rodents,,,,,False,,
Facultad de Medicina y Salud,#023,Escuela de Medicina,2020.0,The Epstein criteria predict for organ-confined prostate cancer but not for minimal residual disease and outcome after radical prostatectomy,,,,,False,,
Facultad de Medicina y Salud,#024,Escuela de Medicina,2020.0,Equipment failures in laparoscopic surgery: Causes and consequences,,,,,False,,
Facultad de Medicina y Salud,#025,Escuela de Medicina,2020.0,The incidence of non-affective psychotic disorders in Chile between 2005 and 2018: results from a national register of over 30 000 cases,,,,,False,,
Facultad de Medicina y Salud,#026,Escuela de Medicina,2020.0,"Dietary Potassium Downregulates Angiotensin-I Converting Enzyme, Renin, and Angiotensin Converting Enzyme 2",,,,,False,,
Facultad de Medicina y Salud,#027,Escuela de Medicina,2020.0,"Spectrum and frequency of tumors, cancer risk and survival in chilean families with Lynch syndrome: Experience of the implementation of a registry.",,,,,False,,
Facultad de Medicina y Salud,#028,Escuela de Medicina,2020.0,Metformin use is associated with a lower risk of osteoporosis in adult women independent of type 2 diabetes mellitus and obesity. REDLINC IX study,,,,,False,,
Facultad de Medicina y Salud,#029,Escuela de Medicina,2020.0,Platelet-to-lymphocyte ratio and systemic immune-inflammation index versus circulating prostate cells to predict significant prostate cancer at first biopsy,,,,,False,,
Facultad de Medicina y Salud,#001,Escuela de Medicina,2019.0,Surgical treatment of locally advanced rectal adenocarcinoma in Latin America,,,,,False,,
Facultad de Medicina y Salud,#002,Escuela de Medicina,2019.0,Predicting furan content in a fried dough system using image analysis,,,,,False,,
Facultad de Medicina y Salud,#003,Escuela de Medicina,2019.0,Termino-Terminal Ureteral Laparoscopic Anastomosis in a Case of Deep Infiltrating Endometriosis,,,,10.1016/j.jmig.2019.11.017,False,,
Facultad de Medicina y Salud,#004,Escuela de Medicina,2019.0,Estandarización de la fuerza de prensión manual en adultos chilenos sanos mayores de 20 años,,,,,False,,
Facultad de Medicina y Salud,#005,Escuela de Medicina,2019.0,"Predictive Value of Neutrophil to Lymphocyte Ratio in the Diagnosis of Significant Prostate Cancer at Initial Biopsy: A Comparison with Free Percent Prostate Specific Antigen, Prostate Specific Antigen Density and Primary Circulating Prostate Cells",,,,10.31557/apjcp.2019.20.11.3385,False,,
Facultad de Medicina y Salud,#006,Escuela de Medicina,2019.0,Association between high levels of gynoid fat and the increase of bone mineral density in women,,,,10.1080/13697137.2019.1679112,False,,
Facultad de Medicina y Salud,#007,Escuela de Medicina,2019.0,Biomarkers detecting minimal residual disease in solid tumors: what do they mean in the clinical management of patients?,,,,10.2217/bmm,False,,
Facultad de Medicina y Salud,#008,Escuela de Medicina,2019.0,Short-term dose-escalated romiplostim forpreparing an adult patient with persistent newlydiagnosed primary immune thrombocytopenia forsplenectomy,,,,,False,,
Facultad de Medicina y Salud,#009,Escuela de Medicina,2019.0,Endoscopic treatment of lower pole stones: is a disposable ureteroscope preferable? Results of a prospective case-control study,,,,10.5173/ceju.2019.1962,False,,
Facultad de Medicina y Salud,#010,Escuela de Medicina,2019.0,Risk of Distant Metastasis in Parathyroid Carcinoma and Its Effect on Survival: A Retrospective Review from a High-Volume Center,,,,10.1245/s10434-019-07451-3,False,,
Facultad de Medicina y Salud,#011,Escuela de Medicina,2019.0,Cirugía bariátrica en adolescentes,,,,,False,,
Facultad de Medicina y Salud,#012,Escuela de Medicina,2019.0,Células prostáticas circulantes y micro-metástasis en médula ósea determinantes en el riesgo y en el tiempo de progresión bioquímica en cáncer prostático localizado,,,,,False,,
Facultad de Medicina y Salud,#013,Escuela de Medicina,2019.0,Identification of Bacterial and Fungal Species in Human Cadavers Used in Anatomy Teaching,,,,,False,,
Facultad de Medicina y Salud,#014,Escuela de Medicina,2019.0,Infección crónica por Pseudomonas aeruginosa en pacientes con bronquiectasias no fibrosis quística,,,,,False,,
Facultad de Medicina y Salud,#015,Escuela de Medicina,2019.0,High prevalence of metabolic alterations in Latin American patients at initial stages of psychosis,,,,,False,,
Facultad de Medicina y Salud,#016,Escuela de Medicina,2019.0,"Primary circulating prostate cells, age and prostatic volumen predict the presence of prostate cancer in men with indication of a second prostate biopsy",,,,,False,,
Facultad de Medicina y Salud,#017,Escuela de Medicina,2019.0,Prevalencia y manejo de condilomas en población consultante en Chile: estudio DIACON,,,,,False,,
Facultad de Medicina y Salud,#018,Escuela de Medicina,2019.0,Parallel organization of the avian sensorimotor arcopallium:Tectofugal visual pathway in the pigeon (Columba livia),,,,,False,,
Facultad de Medicina y Salud,#019,Escuela de Medicina,2019.0,Using a Novel Diagnostic Nomogram to Differentiate Malignant from Benign Parathyroid Neoplasms,,,,10.1007/s12022-019-09592-3,False,,
Facultad de Medicina y Salud,#020,Escuela de Medicina,2019.0,"Predictive Value of Neutrophil to Lymphocyte Ratio in the Diagnosis of Significant Prostate Cancer at Initial Biopsy: A Comparison with Free Percent Prostate Specific Antigen, Prostate Specific Antigen Density and Primary Circulating Prostate Cells",,,,,False,,
Facultad de Medicina y Salud,#021,Escuela de Medicina,2019.0,Tomografía computada dual en el estudio de composición de litiasis,,,,,False,,
Facultad de Medicina y Salud,#022,Escuela de Medicina,2019.0,Biopsia prostática por fusión para el diagnóstico de cáncer de próstata,,,,,False,,
Facultad de Medicina y Salud,#023,Escuela de Medicina,2019.0,Evaluation of the Impact of the Implementation of GES Public Policies on the Mortality of Surgeries in Children with Heart Malformations Between 2001 and 2017,,,,,False,,
Facultad de Medicina y Salud,#024,Escuela de Medicina,2019.0,Parallel organization of the avian sensorimotor arcopallium: Tectofugal visual Pathway in the pigeon (Columba livia),,,,10.1002/cne.24775,False,,
Facultad de Medicina y Salud,#025,Escuela de Medicina,2019.0,Effect of FOLFOX on minimal residual disease in Stage III colon cancer and risk of relapse,,,,,False,,
Facultad de Medicina y Salud,#026,Escuela de Medicina,2019.0,Predicting furan content in a fried dough system using image analysis,,,,,False,,
Facultad de Medicina y Salud,#027,Escuela de Medicina,2019.0,Clozapine-associated neutropenia in Latin America: incidence report of 5380 Chilean users,,,,,False,,
Facultad de Medicina y Salud,#028,Escuela de Medicina,2019.0,"Subtypes of minimal residual disease, association with Gleason score, risk and time to biochemical failure in pT2 prostate cancer treated with radical prostatectomy",,,,,False,,
Facultad de Medicina y Salud,#029,Escuela de Medicina,2019.0,Manejo de una paciente embarazada con déficit congénito de Factor VII leve,,,,,False,,
Facultad de Medicina y Salud,#030,Escuela de Medicina,2019.0,Resultados a largo plazo de pacientes con adenocarcinoma de recto inferior tratados con resección anterior ultrabaja interesfintérica,,,,,False,,
Facultad de Medicina y Salud,#031,Escuela de Medicina,2019.0,Implementación de un equipo de investigación en una institución de salud privada: Experiencia,,,,,False,,
Facultad de Medicina y Salud,#032,Escuela de Medicina,2019.0,Hormonal contraception and risk of breast cancer: a critical look,,,,10.1080/09513590.2019.1576610,False,,
Facultad de Medicina y Salud,#001,Escuela de Medicina,2018.0,Combining the Prostate Cancer Risk Index (PRIX) with the Presence of Secondary Circulating Prostate Cells to Predict the Risk of Biochemical Failure after Radical Prostatectomy for Prostate Cancer,,,,,False,,
Facultad de Medicina y Salud,#002,Escuela de Medicina,2018.0,"Ultrasound Characteristics of the Hair Follicles and Tracts, Sebaceous Glands, Montgomery Glands, Apocrine Glands, and Arrector Pili Muscles",,,,,False,,
Facultad de Medicina y Salud,#003,Escuela de Medicina,2018.0,Colágeno: Nuevas Aplicaciones Clínicas en Reumatología,,,,,False,,
Facultad de Medicina y Salud,#004,Escuela de Medicina,2018.0,Aprendizaje profundo de conceptos químicos y rendimiento académico mediante autorregulación de aprendizaje,,,,,False,,
Facultad de Medicina y Salud,#005,Escuela de Medicina,2018.0,Transitory Spontaneous Remission of Myelodysplasia in an Elderly Man while Receiving Intravesical Bacillus Calmette-Guérin for Bladder Cancer: A Case Report and Review of the Literature,,,,10.1155/2018/9750532,False,,
Facultad de Medicina y Salud,#006,Escuela de Medicina,2018.0,Fibrosis pulmonar aguda asociada a intoxicación por Paraquat: caso clínico,,,,,False,,
Facultad de Medicina y Salud,#007,Escuela de Medicina,2018.0,"Imaging social and environmental factors as modulators of brain dysfunction: time to focus on developing, non-Western societies",,,,10.1016/j.bpsc.2018.09.005,False,,
Facultad de Medicina y Salud,#008,Escuela de Medicina,2018.0,The nucleus pretectalis principalis: A pretectal structure hidden in the mammalian thalamus,,,,10.1002/cne.24540,False,,
Facultad de Medicina y Salud,#009,Escuela de Medicina,2018.0,Risk factors of long-term mortality in middle-aged women: a 27-year follow-up cohort,,,,10.1080/13697137.2018.1509308,False,,
Facultad de Medicina y Salud,#010,Escuela de Medicina,2018.0,Programa multicéntrico de cribado de cáncer colorrectal en Chile,,,,,False,,
Facultad de Medicina y Salud,#011,Escuela de Medicina,2018.0,Shepherd’s crook neurons drive and synchronize the enhancing and suppressive mechanisms of the midbrain stimulus selection network,,,,10.1073/pnas.1804517115,False,,
Facultad de Medicina y Salud,#012,Escuela de Medicina,2018.0,10 Year Biochemical Failure Free Survival of Men with CD82 Positive Primary Circulating Prostate Cells Treated by Radical Prostatectomy,,,,,False,,
Facultad de Medicina y Salud,#013,Escuela de Medicina,2018.0,Early treatment resistance in a Latin-American cohort of patients with schizophrenia,,,,,False,,
Facultad de Medicina y Salud,#014,Escuela de Medicina,2018.0,"Treatment, outcomes and costs of asthma exacerbations in Chilean children: a prospective multicenter observational study",,,,10.1016/j.aller.2018.10.003,False,,
Facultad de Medicina y Salud,#015,Escuela de Medicina,2018.0,Amiloidosis AL: Reporte de Caso Clínico en adulto mayor,,,,,False,,
Facultad de Medicina y Salud,#016,Escuela de Medicina,2018.0,Diseño e implementación de OSCE para evaluar competencias de egreso en estudiantes de medicina en un consorcio de universidades chilenas,,,,,False,,
Facultad de Medicina y Salud,#017,Escuela de Medicina,2018.0,Higher luteinizing hormone levels associated with antimüllerian hormone in postmenarchal daughters of women with polycystic ovary syndrome,,,,10.1016/j.fertnstert.2018.10.011,False,,
Facultad de Medicina y Salud,#018,Escuela de Medicina,2018.0,"Parathyroid Carcinoma has a PD-L1 Expression, and Share with Atypical Neoplasms an Abundant Intratumoral Macrophagic Infiltration – A Short Commentary",,,,10.4172/2472-4971.1000167,False,,
Facultad de Medicina y Salud,#019,Escuela de Medicina,2018.0,Management of Thrombosis Risk in a Carrier of Hemophilia A with Low Factor VIII Levels with Atrial Fibrillation: A Clinical Case and Literature Review,,,,10.1155/2018/2615838,False,,
Facultad de Medicina y Salud,#020,Escuela de Medicina,2018.0,"Minimal residual disease in prostate cancer patients after primary treatment: theoretical considerations, evidence and possible use in clinical management",,,,10.1186/s40659-018-0180-9,False,,
Facultad de Medicina y Salud,#021,Escuela de Medicina,2018.0,Histopathologic study from a colorectal cancer screening in Chile: results from the first 2 years of an international collaboration between Chile and Japan,,,,10.1097/cej.0000000000000454,False,,
Facultad de Medicina y Salud,#022,Escuela de Medicina,2018.0,Retrograde intrarenal surgery using the single – use flexible ureteroscope Uscope 3022 (Pusen™): evaluation of clinical results,,,,,False,,
Facultad de Medicina y Salud,#023,Escuela de Medicina,2018.0,The presence of secondary circulating prostate tumour cells determines the risk of biochemical relapse for patients with low- and intermediate-risk prostate cancer who are treated only with external radiotherapy,,,,10.3332/ecancer.2018.844,False,,
Facultad de Medicina y Salud,#024,Escuela de Medicina,2018.0,Use of strong opioids for chronic pain in osteoarthritis: an insight into the Latin American reality,,,,10.1080/17512433.2018.1381556,False,,
Facultad de Medicina y Salud,#025,Escuela de Medicina,2018.0,Tratamiento endovascular de aneurismas micóticos de aorta: reporte de tres casos,,,,,False,,
Facultad de Medicina y Salud,#026,Escuela de Medicina,2018.0,"Minimum Residual Disease in Patients Post Radical Prostatectomy for Prostate Cancer: Theoretical Considerations, Clinical Implications and Treatment Outcome",,,,,False,,
Facultad de Medicina y Salud,#001,Escuela de Medicina,2017.0,Prevalence of the sternalis muscle in Chilean population: A computed tomography study,,,,,False,,
Facultad de Medicina y Salud,#002,Escuela de Medicina,2017.0,Acidosis láctica asociada a Metformina. Caso Clínico,,,,,False,,
Facultad de Medicina y Salud,#003,Escuela de Medicina,2017.0,Uso de la simulación clínica como estrategia de aprendizaje para el desarrollo de habilidades comunicacionales en estudiantes de medicina,,,,,False,,
Facultad de Medicina y Salud,#004,Escuela de Medicina,2017.0,Polyunsaturated fatty acid induces cardioprotection against ischemia-reperfusion through the inhibition of NF-kappaB and induction of Nrf2,,,,,False,,
Facultad de Medicina y Salud,#005,Escuela de Medicina,2017.0,The EasyTube during general anesthesia forminorsurgery,,,,,False,,
Facultad de Medicina y Salud,#006,Escuela de Medicina,2017.0,Inervación de la Cabeza Larga del Músculo Tríceps Braquial,,,,,False,,
Facultad de Medicina y Salud,#007,Escuela de Medicina,2017.0,Comparación entre dos calculadoras de riesgo en línea para la detección de cáncer de próstata versus el rendimiento de las células prostáticas circulantes en sangre para la detección de cáncer de próstata de alto riesgo en una biopsia inicial,,,,,False,,
Facultad de Medicina y Salud,#008,Escuela de Medicina,2017.0,Mapping of estradiol binding sites through receptor microautoradiography in the endometrial stroma of early pregnant mice,,,,,False,,
Facultad de Medicina y Salud,#009,Escuela de Medicina,2017.0,Selective binocular vision loss in two subterranean caviomorph rodents:Spalacopus cyanus and Ctenomys talarum,,,,,False,,
Facultad de Medicina y Salud,#010,Escuela de Medicina,2017.0,Duration of untreated psychosis and acute remission of negative symptoms in a South American first-episode psychosis cohort,,,,,False,,
Facultad de Medicina y Salud,#011,Escuela de Medicina,2017.0,The presence of primary circulating prostate cells is associated with upgrading and upstaging in patients eligible for active surveillance,,,,,False,,
Facultad de Medicina y Salud,#012,Escuela de Medicina,2017.0,Erythrodermic psoriasis in young man: suspect HIV infection,,,,,False,,
Facultad de Medicina y Salud,#013,Escuela de Medicina,2017.0,"Tuberculides Tuberculosas en población adulta de la Región Metropolitana, Chile. Serie de casos 2006-2010",,,,,False,,
Facultad de Medicina y Salud,#014,Escuela de Medicina,2017.0,Primary and secondry Circulationg Prostate Cells. Theoretical Consideration and Clinical Utility,,,,,False,,
Facultad de Medicina y Salud,#015,Escuela de Medicina,2017.0,How localized is pathologically localized prostate cancer? The use of secondary circulating prostate cells as a marker of minimal residual disease and their association with patient outcome,,,,,False,,
Facultad de Medicina y Salud,#016,Escuela de Medicina,2017.0,Sonographic Characteristics of Apocrine Nodular Hidradenoma of the Skin,,,,10.1002/jum.14379,False,,
Facultad de Medicina y Salud,#017,Escuela de Medicina,2017.0,Impacto de la aplicación del enfoque de autorregulación del aprendizaje sobre los resultados en asignaturas de corte científico en estudiantes de medicina de la Universidad Finis Terrae,,,,,False,,
Facultad de Medicina y Salud,#018,Escuela de Medicina,2017.0,Síndrome Catatónico. Discusión a partir de un caso clínico,,,,,False,,
Facultad de Medicina y Salud,#019,Escuela de Medicina,2017.0,"The Centrifugal Visual System of a Palaeognathous Bird, the Chilean Tinamou (Nothoprocta perdicaria)",,,,,False,,
Facultad de Medicina y Salud,#020,Escuela de Medicina,2017.0,CD19 (+) CD56 (-) myeloma arising in a patient who failed two courses of immunosupressive therapy for aplastic anaemia,,,,,False,,
Facultad de Medicina y Salud,#021,Escuela de Medicina,2017.0,A comparison of 3 on-line nomograms with the detection of primary circulating prostate cells to predict prostate cancer at initial biopsy,,,,,False,,
Facultad de Medicina y Salud,#022,Escuela de Medicina,2017.0,Treatment of Minimal Residual Disease in Breast Cancer: A Longitudinal Case Study,,,,,False,,
Facultad de Medicina y Salud,#023,Escuela de Medicina,2017.0,Mondor’s disease: A case report,,,,,False,,
Facultad de Medicina y Salud,#001,Escuela de Medicina,2016.0,"Plasma Rico en Plaquetas, un Tratamiento Innovador en Reumatología",,,,,False,,
Facultad de Medicina y Salud,#002,Escuela de Medicina,2016.0,Microconnectomics of the pretectum and ventral thalamus in the chicken (Gallus gallus),,,,,False,,
Facultad de Medicina y Salud,#003,Escuela de Medicina,2016.0,Acquired Hyperpigmentation of the Tongue Associated with Hydroxyurea: Case Report of a Very Rare Location of a Rare Adverse Effect,,,,,False,,
Facultad de Medicina y Salud,#004,Escuela de Medicina,2016.0,Impact of Age on the Biochemical Failure and Androgen Suppression after Radical Prostatectomy for Prostate Cancer in Chilean Men,,,,10.4103/2395-3977.189302,False,,
Facultad de Medicina y Salud,#005,Escuela de Medicina,2016.0,Outcome of radical prostatectomy in primary circulating prostate cell negative prostate cancer,,,,10.3332/ecancer.2016.671,False,,
Facultad de Medicina y Salud,#006,Escuela de Medicina,2016.0,Efficacy of Using Sequential Primary Circulating Prostate Cell Detection for Initial Prostate Biopsy in Men Suspected of Prostate Cancer,,,,,False,,
Facultad de Medicina y Salud,#007,Escuela de Medicina,2016.0,"Head to Head Comparison of the Chun Nomogram, Percentage Free PSA and Primary Circulating Prostate Cells to Predict the Presence of Prostate Cancer at Repeat Biopsy",,,,,False,,
Facultad de Medicina y Salud,#008,Escuela de Medicina,2016.0,Does the Presence of Primary Circulating Prostate Cells Imply the Presence of Agressive Prostate Cancer with Early Biochemical Failure: a Comparison with the Walz Nomogram,,,,,False,,
Facultad de Medicina y Salud,#009,Escuela de Medicina,2016.0,"Head to Head Comparison of the Chun Nomogram, Percentage Free PSA and Primary Circulating Prostate Cells to Predict the Presence of Prostate Cancer at Repeat Biopsy",,,,,False,,
Facultad de Medicina y Salud,#010,Escuela de Medicina,2016.0,At 10 years of chlormadinone use in Latin America: a review. Gynecol Endocrinol,,,,,False,,
Facultad de Medicina y Salud,#011,Escuela de Medicina,2016.0,A prediction model for early biochemical failure after radical prostatectomy based on the CAPRA-S score and the presence of secondary circulating prostate cells,,,,,False,,
Facultad de Medicina y Salud,#012,Escuela de Medicina,2016.0,Importancia del diagnóstico de Arteria Umbilical única por su frecuente asociación con anomalías del feto y recién nacido y alta moratalidad perinatal. Revisión de 87 casos. Periodo 2000-2015,,,,,False,,
Facultad de Medicina y Salud,#013,Escuela de Medicina,2016.0,The detection of primary malignant circulating prostate cells; their significance and clinical utility: Beyond the Abstract,,,,,False,,
Facultad de Medicina y Salud,#014,Escuela de Medicina,2016.0,Revascularization pattern of ruptured flexor tendon grafts in anterior cruciate ligament reconstruction: A histological study,,,,10.1016/j.recot.2016.07.001,False,,
Facultad de Medicina y Salud,#015,Escuela de Medicina,2016.0,Does the Presence of Primary Circulating Prostate Cells Imply the Presence of Agressive Prostate Cancer with Early Biochemical Failure: a Comparison with the Walz Nomogram,,,,,False,,
Facultad de Medicina y Salud,#016,Escuela de Medicina,2016.0,Limited improvement of incorporating primary circulating prostate cells with the CAPRA score to predict biochemical failure-free outcome of radical prostatectomy for prostate cancer,,,,,False,,
Facultad de Medicina y Salud,#017,Escuela de Medicina,2016.0,Terapia endovascular en trauma vascular periférico:experiencia inicial,,,,,False,,
Facultad de Medicina y Salud,#018,Escuela de Medicina,2016.0,Efficacy of Using Sequential Primary Circulating Prostate Cell Detection for Initial Prostate Biopsy in Men Suspected of Prostate Cancer,,,,,False,,
Facultad de Medicina y Salud,#019,Escuela de Medicina,2016.0,Axon terminals from the nucleus isthmi pars parvocellularis control the ascending retinotectofugal output through direct synaptic contact with tectal ganglion cell dendrites,,,,,False,,
Facultad de Medicina y Salud,#020,Escuela de Medicina,2016.0,Bilateral variation of the venous corona mortis with a presentation previously undescribed,,,,,False,,
Facultad de Medicina y Salud,#001,Escuela de Medicina,2015.0,Osteoartritis (artrosis) de rodilla- Revisión y actualización de tema,,,,,False,,
Facultad de Medicina y Salud,#002,Escuela de Medicina,2015.0,Evaluación de un programa de perfeccionamiento docente implementado en la Facultad de Medicina de la Universidad Finis Terrae,,,,,False,,
Facultad de Medicina y Salud,#003,Escuela de Medicina,2015.0,Possible Role of HER-2 in the Progression of Prostate Cancer from Primary Tumor to Androgen Independence,,,,,False,,
Facultad de Medicina y Salud,#004,Escuela de Medicina,2015.0,"Comparison of the Formula of PSA, Age, Prostate Volume and Race Versus PSA Density and the Detection of Primary Malignant Circulating Prostate Cells in Predicting a Positive Initial Prostate Biopsy in Chilean Men with Suspicion of Prostate Cancer",,,,,False,,
Facultad de Medicina y Salud,#005,Escuela de Medicina,2015.0,Activador del plasminógeno tisular recombinante en el manejo de trombos cardiacos en recién nacidos,,,,,False,,
Facultad de Medicina y Salud,#006,Escuela de Medicina,2015.0,Anticoagulation for Chronic Non Valvular Atrial Fibrillation in the Elderly: A Review.,,,,,False,,
Facultad de Medicina y Salud,#007,Escuela de Medicina,2015.0,Consideraciones clínicas de la expresión de p504s y metaloproteinasa de matriz 2 en células prostáticas circulantes en sangre diseminadas como resultado de una biopsia prostática trans-rectal guiada por ecografía.,,,,,False,,
Facultad de Medicina y Salud,#008,Escuela de Medicina,2015.0,Women’s Health Initiative estrogen plus progestin clinical trial: a study that does not allow establishing relevant clinical risks. Menopause: The Journal of The North American Menopause Society,,,,10.1097/gme.0000000000000472,False,,
Facultad de Medicina y Salud,#009,Escuela de Medicina,2015.0,El Aporte de las Nuevas Guías de la Sociedad de Vía Aérea Difícil (DAS),,,,,False,,
Facultad de Medicina y Salud,#010,Escuela de Medicina,2015.0,Comparison of the Walz Nomogram and Presence of Secondary Circulating Prostate Cells for Predicting Early Biochemical Failure after Radical Prostatectomy for Prostate Cancer in Chilean Men,,,,,False,,
Facultad de Medicina y Salud,#011,Escuela de Medicina,2015.0,Transfusion-Related Acute Lung Injured (TRALI): Current Concepts,,,,,False,,
Facultad de Medicina y Salud,#012,Escuela de Medicina,2015.0,Stg fimbrial operon from S. Typhi STH2370 contributes to association and cell disruption of epithelial and mcrophage-like cells,,,,,False,,
Facultad de Medicina y Salud,#013,Escuela de Medicina,2015.0,Secondary Circulating Tumor Cells (CTCs) but not Primary CTCs are Associated with the Clinico-Pathological Parameters in Chilean Patients With Colo-Rectal Cancer,,,,,False,,
Facultad de Medicina y Salud,#014,Escuela de Medicina,2015.0,Implementing psychosocial evidence-based practices in mental health: are we moving in the right direction? Frontiers in Psychiatry,,,,,False,,
Facultad de Medicina y Salud,#015,Escuela de Medicina,2015.0,Anatomical organization of the visual dorsal ventricular ridge in the chick (Gallus Gallus): Layers and columns in the avian pallium.,,,,10.1002/cne.23808,False,,
Facultad de Medicina y Salud,#001,Escuela de Medicina,2014.0,"The Visual System of a Palaeognathous Bird: Visual Field, Retinal Topography and Retino-Central Connections in the Chilean Tinamou (Nothoprocta perdicaria)",,,,,False,,
Facultad de Medicina y Salud,#002,Escuela de Medicina,2014.0,"Morphology, Projection Pattern, and NeurochemicalIdentity of Cajal’s «Centrifugal Neurons»: The Cells of Origin of the Tectoventrogeniculate Pathway in Pigeon (Columba livia) and Chicken (Gallus gallus)",,,,,False,,
Facultad de Medicina y Salud,#003,Escuela de Medicina,2014.0,Electroablation: a method for neurectomy and localized tissue injury,,,,,False,,
Facultad de Medicina y Salud,#004,Escuela de Medicina,2014.0,Cellular mechanisms against ischemia reperfusion injury induced by the use of anesthetic pharmacological agents.,,,,10.1111/bju.13367,False,,
Facultad de Medicina y Salud,#005,Escuela de Medicina,2014.0,Effects of Chronic Intermittent Hypoxia and Polyunsaturated Fatty Acids on Infarct Size and Oxidative Stress Markers in Cardiac Ischemia Reperfusion,,,,,False,,
Facultad de Medicina y Salud,#006,Escuela de Medicina,2014.0,Efecto del enfoque de autorregulación del aprendizaje en la enseñanza de conceptos científicos en estudiantes universitarios en ciencias de la salud.,,,,,False,,
Facultad de Medicina y Salud,#001,Escuela de Medicina,2013.0,Effectsonacademic performance of a levelingprogram in basicsciences in firstyear medical students.,,,,,False,,
Facultad de Medicina y Salud,#002,Escuela de Medicina,2013.0,Calidad de vida en pacientes con cáncer de recto,,,,,False,,
Facultad de Medicina y Salud,#003,Escuela de Medicina,2013.0,Embarazo cornual: tratamiento médico con dosis única demetotrexato.,,,,,False,,
Facultad de Medicina y Salud,#001,Enfermería,,Mood states and academic performance in the objective structured clinical examination: The mediating effect of self-efficacy,,,,10.1016/j.nedt.2024.106116,True,2-s2.0-85185493715,2024.0
Facultad de Medicina y Salud,#002,Enfermería,,Importancia de incluir el cuidado del medio ambiente en los procesos formativos en los currículos de enfermería,,,,10.22463/17949831.4673,False,,
Facultad de Medicina y Salud,#003,Enfermería,,Investigación formativa: análisis conceptual en el contexto de la enfermería,,,,10.1016/j.edumed.2022.100766,False,,
Facultad de Medicina y Salud,#004,Enfermería,,Investigación en enfermería: Principios y métodos cuantitativos,,,,,False,,
Facultad de Medicina y Salud,#005,Enfermería,,Implementation of curricular design based on healthcare safety and quality competences,,,,,False,,
Facultad de Medicina y Salud,#006,Enfermería,,Aspectos éticos en la investigación científica relacionada a COVID-19,,,,10.51230/ri.v15i1.61,False,,
Facultad de Medicina y Salud,#007,Enfermería,,Estilos de aprendizaje y rendimiento académico en estudiantes de enfermería durante evaluaciones de simulación clínica,,,,,False,,
Facultad de Medicina y Salud,#008,Enfermería,,Use of Information and Communication Technologies by Nursing Professors in Chilean University 2016,,,,,False,,
Facultad de Medicina y Salud,#009,Enfermería,,Nivel de uso del lenguaje estandarizado en el proceso de enfermería,,,,,False,,
Facultad de Medicina y Salud,#010,Enfermería,,International nursing networks in the Americas: Collaborative work to achieve universal health coverage,,,,,False,,
Facultad de Medicina y Salud,#001,Nutrición y Dietética,2024.0,Bioactive compounds as potential alternative treatments to prevent cancer therapy-induced male infertility,,,,,False,,
Facultad de Medicina y Salud,#002,Nutrición y Dietética,2024.0,Antitumor Effects of Resveratrol Opposing Mechanisms of Helicobacter pylori in Gastric Cancer,,,,,False,,
Facultad de Medicina y Salud,#003,Nutrición y Dietética,2024.0,Curcumin Administration Routes in Breast Cancer Treatment,,,,,False,,
Facultad de Medicina y Salud,#004,Nutrición y Dietética,2024.0,Inhibition of glycolysis and Src/Akt signaling reduces Caveolin-1-enhanced metastasis,,,,,False,,
Facultad de Medicina y Salud,#005,Nutrición y Dietética,2025.0,Nutritional imbalances among university students and the urgent need for educational and nutritional interventions,,,,,False,,
Facultad de Medicina y Salud,#006,Nutrición y Dietética,2025.0,The Potential Benefits of Curcumin-Enriched Diets for Adults with Colorectal Cancer: A Systematic Review,,,,,False,,
Facultad de Medicina y Salud,#007,Nutrición y Dietética,2025.0,"Inclusion of ΑVβ3 integrin into extracellular vesicles in a caveolin-1 tyrosine-14- phosphorylation dependent manner and subsequent transfer to recipient melanoma cells promotes migration, invasion and metastasis",,,,,False,,
Facultad de Medicina y Salud,#008,Nutrición y Dietética,2024.0,Evaluation of the Effect of the Technical Guidelines for Chilean Milk Dietary Service on the Microbiological and Nutritional Quality of a Powdered Infant Formula,,,,,False,,
Facultad de Medicina y Salud,#009,Nutrición y Dietética,2024.0,"Leucine Intake and Sarcopenia Indicators of an Elderly Group from the Metropolitan Region, Santiago de Chile, Who Participated in the Program for Complementary Food in Older People (PACAM)",,,,,False,,
Facultad de Medicina y Salud,#010,Nutrición y Dietética,2024.0,Differential Extraction and Preliminary Identification of Polyphenols from Ugni candollei (White Murta) Berries,,,,,False,,
Facultad de Medicina y Salud,#011,Nutrición y Dietética,2024.0,Comparative Analysis of Sustainable Extraction Methods and Green Solvents for Olive Leaf Extracts with Antioxidant and Antihyperglycemic Activities,,,,,False,,
Facultad de Medicina y Salud,#012,Nutrición y Dietética,2024.0,Exploring a Sustainable Process for Polyphenol Extraction from Olive Leaves,,,,,False,,
Facultad de Medicina y Salud,#013,Nutrición y Dietética,2024.0,"Effect of In Vitro Micropropagation on the Chemical, Antioxidant, and Biological Characteristics of Senecio nutans Sch. Bip., an Endemic Plant of the Atacama Desert Andean Region",,,,,False,,
Facultad de Medicina y Salud,#014,Nutrición y Dietética,2024.0,Bioactive compounds as potential alternative treatments to prevent cancer therapyinduced male infertility,,,,,False,,
Facultad de Medicina y Salud,#015,Nutrición y Dietética,2024.0,3G extruded snacks enriched with catechin for high antioxidant capacity,,,,,False,,
Facultad de Medicina y Salud,#016,Nutrición y Dietética,2025.0,Sustainable Recovery of Phlorotannins from Durvillaea incurvata: Integrated Extraction and Purification with Advanced Characterization,,,,,False,,
Facultad de Medicina y Salud,#017,Nutrición y Dietética,2025.0,"Inhibition of the formation of 2-amino-1-methyl-6-phenylimidazo[4,5-b] pyridine (PhIP) and 2-amino-3,8-dimethyl-3H-imidazo[4,5-f]quinoxaline (MeIQx) by phenolics in model systems and beef patties",,,,,False,,
Facultad de Medicina y Salud,#018,Nutrición y Dietética,2025.0,"A sustainable approach to obtain polyphenols from Chilean wild murta, Ugni candollei B., and Ugni molinae T., using eutectic solvents and advanced extraction techniques",,,,,False,,
Facultad de Medicina y Salud,#019,Nutrición y Dietética,2025.0,"Mortalidad por desnutrición en adultos: Inequidad por nivel educativo en Colombia, 1998-2015",,,,,False,,
Facultad de Medicina y Salud,#020,Nutrición y Dietética,2025.0,Assessing the Alignment of Chilean Food-Based Dietary Guidelines on Cancer Prevention: A Content Analysis,,,,,False,,
Facultad de Medicina y Salud,#021,Nutrición y Dietética,2024.0,"Impacto de las dietas MIND, mediterránea y DASH en la prevención y tratamiento del deterioro cognitivo en la persona mayor: una revisión sistemática",,,,,False,,
Facultad de Medicina y Salud,#022,Nutrición y Dietética,2024.0,"Estado nutricional, composición corporal y conducta alimentaria de estudiantes de primer año de la Escuela de Grumetes “Alejandro Navarrete Cisterna” de Talcahuano, Chile.",,,,,False,,
Facultad de Medicina y Salud,#023,Nutrición y Dietética,2024.0,"Leucine Intake and Sarcopenia Indicators of an Elderly Group from the Metropolitan Region, Santiago de Chile, Who Participated in the Program for Complementary Food in Older People (PACAM)",,,,,False,,
Facultad de Medicina y Salud,#024,Nutrición y Dietética,2024.0,Evaluation of the Effect of the Technical Guidelines for Chilean Milk Dietary Service on the Microbiological and Nutritional Quality of a Powdered Infant Formula,,,,,False,,
Facultad de Medicina y Salud,#025,Nutrición y Dietética,2025.0,"Nutritional Status of 8,128,014 Chilean and Immigrant Children and Adolescents Evaluated by the National Board of School Aid and Scholarships (JUNAEB) Between 2013 and 2023",,,,,False,,
Facultad de Medicina y Salud,#026,Nutrición y Dietética,2024.0,Uso de pantallas en población infantil: ¿amigo o enemigo?,,,,,False,,
Facultad de Medicina y Salud,#027,Nutrición y Dietética,2025.0,"Biomarkers of oxidative stress in maternal plasma, umbilical cord and placenta of patients with gestational diabetes: a systematic review and meta-analysis",,,,,False,,
Facultad de Medicina y Salud,#028,Nutrición y Dietética,2025.0,Sustainable Recovery of Phlorotannins from Durvillaea incurvata: Integrated Extraction and Purification with Advanced Characterization,,,,,False,,
Facultad de Medicina y Salud,#029,Nutrición y Dietética,2025.0,Alimentación laboral: ¿un derecho o un privilegio?,,,,,False,,
Facultad de Medicina y Salud,#030,Nutrición y Dietética,2025.0,Curcumin-loaded nanoemulsions and phloroglucinol target hexokinase 2 to inhibit Caveolin-1-induced glycolysis and metastasis in cancer cells,,,,,False,,
Facultad de Medicina y Salud,#031,Nutrición y Dietética,2025.0,Long-term impact of the COVID-19 pandemic on physical activity and estimated cardiorespiratory fitness in south American adults: a multi-country cross-sectional online survey,,,,,False,,
Facultad de Medicina y Salud,#032,Nutrición y Dietética,2025.0,"Integrated strategies for reducing acrylamide, 5-HMF, and furan in colored native and commercial potato chips: Synergistic effects of nutrient solution conductivity and pre-frying treatments",,,,,False,,
Facultad de Medicina y Salud,#033,Nutrición y Dietética,2025.0,"Reduction of the formation and toxicity of heterocyclic aromatic amines (PhIP, IQ, MeIQ, MeIQx) in food: potential of nucleophilic compounds as mitigating agents",,,,,False,,
Facultad de Medicina y Salud,#034,Nutrición y Dietética,2025.0,"Association between exclusive breastfeeding, nutritional status and eating behavior, in Chilean schoolchildren: A Cross-Sectional Study",,,,,False,,
Facultad de Medicina y Salud,#001,Libros,,Educación médica en ciencias de la salud,,,,,False,,
Facultad de Medicina y Salud,#002,Libros,,Médico y escarabajo,,,,,False,,
Facultad de Medicina y Salud,#003,Libros,,Régimen liviano para el paciente operado,,,,,False,,
Facultad de Medicina y Salud,#004,Libros,,El cuerpo y el médico,,,,,False,,
Facultad de Medicina y Salud,#005,Libros,,Fichas de anatomía humana: Ejercicios y láminas para rotular,,,,,False,,
Facultad de Medicina y Salud,#006,Libros,,Manual de semiología médica,,,,,False,,
Facultad de Medicina y Salud,#007,Libros,,El razonamiento clínico y tutoría: Desafíos pedagógicos en carreras de ciencias de la salud,,,,,False,,
Facultad de Medicina y Salud,#008,Libros,,Pedagogía en Ciencias de la Salud: Teoría y praxis de la enseñanza universitaria,,,,,False,,
Facultad de Medicina y Salud,#009,Libros,,Metodología de la investigación científica y bioestadística,,,,,False,,
Facultad de Medicina y Salud,#010,Libros,,Manual de Referencia y Contrareferencia en Otorrinolaringologia,,,,,False,,
Facultad de Medicina y Salud,#011,Libros,,Epónimos y Nomenclaturas Anatómicas,,,,,False,,
