eid,anio,posicion_autor,n_autores_total,nombre_en_fuente,clave_normalizada,clave_apellido,afiliacion_declarada_raw,unidad_academica_raw,unidad_academica,metodo_blando,metodo_duro_publicacion,confianza
2-s2.0-105004998221,2025,3,3,Yanine F.F.,yanine ff,yanineff,"Faculty of Engineering, Universidad Finis Terrae, Providencia, Santiago, Chile",Faculty of Engineering,Facultad de Ingeniería,True,True,alta
2-s2.0-105009012247,2025,11,14,Orellana-Donoso M.,orellana donoso m,orellanadonoso,"Escuela de Medicina, Universidad Finis Terrae, Santiago, 7501015, Chile, Faculty of Medicine and Science, Universidad San Sebastián, Santiago, 8420524, Chile",Escuela de Medicina,Facultad de Medicina y Salud,True,True,alta
2-s2.0-105019250134,2025,1,4,Vergara K.,vergara k,vergara,"Rheumatology Unit, Clinica Las Condes Hospital, Santiago, Chile, Critical Care Department, Clinica Las Condes Hospital, Santiago, Chile, Faculty of Medicine, Finis Terrae University Faculty of Medicine, Santiago, Chile",Faculty of Medicine,Facultad de Medicina y Salud,True,True,alta
2-s2.0-105019250134,2025,4,4,Giglio A.,giglio a,giglio,"Critical Care Department, Clinica Las Condes Hospital, Santiago, Chile, Faculty of Medicine, Finis Terrae University Faculty of Medicine, Santiago, Chile",Faculty of Medicine,Facultad de Medicina y Salud,True,True,alta
2-s2.0-105034853792,2025,2,3,López-Arana S.,lopez arana s,lopezarana,"Facultad de Medicina, Escuela de Nutrición y Dietética, Universidad Finis Terrae, Santiago, Chile",Escuela de Nutrición y Dietética,Escuela de Nutrición y Dietética,True,True,alta
2-s2.0-85205816233,2025,1,4,Giglio A.,giglio a,giglio,"Critical Care Center, Clínica Las Condes Hospital, Santiago, Chile, Critical Care Department, Finis Terrae University, Santiago, Chile",,No determinada,True,True,alta
2-s2.0-85205816233,2025,2,4,Barrientos J.,barrientos j,barrientos,"School of Medicine, Finis Terrae University, Santiago, Chile",School of Medicine,Facultad de Medicina y Salud,True,True,alta
2-s2.0-85205816233,2025,3,4,Ferre A.,ferre a,ferre,"Critical Care Center, Clínica Las Condes Hospital, Santiago, Chile, Critical Care Department, Finis Terrae University, Santiago, Chile",,No determinada,True,True,alta
2-s2.0-85217941622,2025,1,4,Marrugo N.,marrugo n,marrugo,"Facultad de Medicina, Universidad Finis Terrae, Santiago, Chile",Facultad de Medicina,Facultad de Medicina y Salud,True,True,alta
2-s2.0-85217941622,2025,2,4,Giordanino E.,giordanino e,giordanino,"Facultad de Medicina, Universidad Finis Terrae, Santiago, Chile, Departamento de Cardiología, Clínica Las Condes, Santiago, Chile",Facultad de Medicina,Facultad de Medicina y Salud,True,True,alta
2-s2.0-85217941622,2025,3,4,Palma G.,palma g,palma,"Facultad de Medicina, Universidad Finis Terrae, Santiago, Chile, Departamento de Cardiología, Clínica Las Condes, Santiago, Chile",Facultad de Medicina,Facultad de Medicina y Salud,True,True,alta
2-s2.0-85217941622,2025,4,4,Venegas J.C.,venegas jc,venegasjc,"Facultad de Medicina, Universidad Finis Terrae, Santiago, Chile, Departamento de Cardiología, Clínica Las Condes, Santiago, Chile",Facultad de Medicina,Facultad de Medicina y Salud,True,True,alta
2-s2.0-105003550727,2025,1,2,Castro-Sepúlveda M.,castro sepulveda m,castrosepulveda,"Aging and Muscle Metabolism Lab, Department of Biomedical Sciences, Faculty of Biology and Medicine, University of Lausanne, Lausanne, Switzerland, Laboratorio de Fisiología del Ejercicio y Metabolismo, Escuela de Kinesiología, Facultad de Medicina, Universidad Finis Terrae, Santiago, Chile",Facultad de Medicina,Facultad de Medicina y Salud,True,True,alta
2-s2.0-105011860926,2025,9,10,Paredes R.,paredes r,paredes,"Facultad de Ingeniería, Universidad Finis Terrae, Providencia, 7501014, Chile",Facultad de Ingeniería,Facultad de Ingeniería,True,True,alta
2-s2.0-85206123441,2024,4,4,López-Arana S.,lopez arana s,lopezarana,"Department of Nutrition, Faculty of Medicine, University of Chile, Av. Independencia 1027, Independencia, Santiago, Chile, School of Nutrition and Dietetics, Faculty of Medicine, Finis Terrae University, Santiago, Chile",Faculty of Medicine,Facultad de Medicina y Salud,True,True,alta
2-s2.0-85219052166,2025,1,6,Rufin-Larraín A.,rufin larrain a,rufinlarrain,"Universidad Finis Terrae, Chile",,No determinada,True,True,alta
2-s2.0-85201715298,2024,6,7,Strauss F.J.,strauss fj,straussfj,"Clinic of Reconstructive Dentistry, Center for Dental Medicine, University of Zurich, Zurich, Switzerland, Center for Studies and Innovation in Dentistry, Faculty of Dentistry, Universidad Finis Terrae, Santiago, Chile",Faculty of Dentistry,Facultad de Odontología,True,True,alta
2-s2.0-105014467363,2025,1,2,C F.O.,c fo,fo,"Centro de Paciente Crítico, Clínica Las Condes, Santiago, Chile, Facultad de Medicina, Universidad Finis Terrae, Santiago, Chile",Facultad de Medicina,Facultad de Medicina y Salud,True,True,alta
2-s2.0-105014467363,2025,2,2,Sanhueza M.B.,sanhueza mb,sanhuezamb,"Centro de Paciente Crítico, Clínica Las Condes, Santiago, Chile, Facultad de Medicina, Universidad Finis Terrae, Santiago, Chile",Facultad de Medicina,Facultad de Medicina y Salud,True,True,alta
2-s2.0-85193789492,2024,3,5,Pizarro S.,pizarro s,pizarro,"Servicio de Atención Médica de Urgencia, Santiago, Chile, Universidad Finis Terrae, Santiago, Chile",,No determinada,True,True,alta
2-s2.0-105009923921,2025,1,1,Basáez-Miranda E.,basaez miranda e,basaezmiranda,"Departamento de Neurología, Clínica Las Condes, Santiago, Chile, Facultad de Medicina, Universidad Finis Terrae, Santiago, Chile",Facultad de Medicina,Facultad de Medicina y Salud,True,True,alta
2-s2.0-105009748521,2025,2,2,Hernández L.T.,hernandez lt,hernandezlt,"Universidad Finis Terrae, Universidad de Chile, Santiago, Chile",,No determinada,True,True,alta
2-s2.0-85197570653,2024,3,49,Diaz F.,diaz f,diaz,"Red Colaborativa Pediátrica de Latinoamérica (LARed Network), Montevideo, Uruguay, Departamento de Pediatriá, Unidad de Paciente Critico Pediátrico, Hospital El Carmen de Maipú, Santiago, Chile, Unidad de Investigación y Epidemiología Clínica, Escuela de Medicina, Universidad Finis Terrae, Santiago,",Escuela de Medicina,Facultad de Medicina y Salud,True,True,alta
2-s2.0-105019937487,2025,2,4,Bilicic D.,bilicic d,bilicic,"Faculty of Medicine, Universidad Finis Terrae, Santiago, 7501015, Chile",Faculty of Medicine,Facultad de Medicina y Salud,True,True,alta
2-s2.0-105020950354,2025,4,4,Cortés-Sylvester M.F.,cortes sylvester mf,cortessylvester,"Department of Dentistry, Finis Terrae University, Santiago de Chile, Chile",,No determinada,True,True,alta
2-s2.0-85198729088,2024,1,14,Díaz-Castro F.,diaz castro f,diazcastro,"Center of Exercise Physiology and Metabolism, Department of Kinesiology, Faculty of Medicine, Universidad Finis Terrae, Santiago, Chile, Physiology Department, Biological Science Faculty, Pontificia Universidad Católica de Chile, Santiago, Chile, Laboratory of Autophagy and Metabolism, Department of",Faculty of Medicine,Facultad de Medicina y Salud,True,True,alta
2-s2.0-85198729088,2024,2,14,Tuñón-Suárez M.,tunon suarez m,tunonsuarez,"Center of Exercise Physiology and Metabolism, Department of Kinesiology, Faculty of Medicine, Universidad Finis Terrae, Santiago, Chile",Faculty of Medicine,Facultad de Medicina y Salud,True,True,alta
2-s2.0-85198729088,2024,5,14,Cancino J.,cancino j,cancino,"Center of Exercise Physiology and Metabolism, Department of Kinesiology, Faculty of Medicine, Universidad Finis Terrae, Santiago, Chile",Faculty of Medicine,Facultad de Medicina y Salud,True,True,alta
2-s2.0-85198729088,2024,6,14,Figueroa A.M.,figueroa am,figueroaam,"Center of Exercise Physiology and Metabolism, Department of Kinesiology, Faculty of Medicine, Universidad Finis Terrae, Santiago, Chile",Faculty of Medicine,Facultad de Medicina y Salud,True,True,alta
2-s2.0-85198729088,2024,7,14,Gutiérrez J.,gutierrez j,gutierrez,"Center of Exercise Physiology and Metabolism, Department of Kinesiology, Faculty of Medicine, Universidad Finis Terrae, Santiago, Chile",Faculty of Medicine,Facultad de Medicina y Salud,True,True,alta
2-s2.0-85198729088,2024,10,14,Zbinden-Foncea H.,zbinden foncea h,zbindenfoncea,"Center of Exercise Physiology and Metabolism, Department of Kinesiology, Faculty of Medicine, Universidad Finis Terrae, Santiago, Chile, Departamento de Fisioterapia, Facultad de Ciencias de la Salud, Universidad Francisco de Vitoria, Madrid, Spain",Faculty of Medicine,Facultad de Medicina y Salud,True,True,alta
2-s2.0-85198729088,2024,12,14,Henríquez-Olguín C.,henriquez olguin c,henriquezolguin,"Center of Exercise Physiology and Metabolism, Department of Kinesiology, Faculty of Medicine, Universidad Finis Terrae, Santiago, Chile, Department of Nutrition, Exercise and Sports, Section of Molecular Physiology, University of Copenhagen, Copenhagen, Denmark",Faculty of Medicine,Facultad de Medicina y Salud,True,True,alta
2-s2.0-85198729088,2024,14,14,Castro-Sepúlveda M.,castro sepulveda m,castrosepulveda,"Center of Exercise Physiology and Metabolism, Department of Kinesiology, Faculty of Medicine, Universidad Finis Terrae, Santiago, Chile",Faculty of Medicine,Facultad de Medicina y Salud,True,True,alta
2-s2.0-85205081067,2024,9,13,Orellana-Donoso M.,orellana donoso m,orellanadonoso,"Faculty of Medicine and Science, Universidad San Sebastián, Santiago, 8420524, Chile, Escuela de Medicina, Universidad Finis Terrae, Santiago, 7501015, Chile",Escuela de Medicina,Facultad de Medicina y Salud,True,True,alta
2-s2.0-85196771662,2024,1,6,Figueroa-Toledo A.M.,figueroa toledo am,figueroatoledo,"Laboratorio de Fisiología del Ejercicio y Metabolismo (LABFEM), Escuela de Kinesiología, Facultad de Medicina, Universidad Finis Terrae, Santiago, Chile",Facultad de Medicina,Facultad de Medicina y Salud,True,True,alta
2-s2.0-85196771662,2024,2,6,Gutiérrez-Pino J.,gutierrez pino j,gutierrezpino,"Laboratorio de Fisiología del Ejercicio y Metabolismo (LABFEM), Escuela de Kinesiología, Facultad de Medicina, Universidad Finis Terrae, Santiago, Chile",Facultad de Medicina,Facultad de Medicina y Salud,True,True,alta
2-s2.0-85196771662,2024,3,6,Carriel-Nesvara A.,carriel nesvara a,carrielnesvara,"Laboratorio de Fisiología del Ejercicio y Metabolismo (LABFEM), Escuela de Kinesiología, Facultad de Medicina, Universidad Finis Terrae, Santiago, Chile",Facultad de Medicina,Facultad de Medicina y Salud,True,True,alta
2-s2.0-85196771662,2024,4,6,Marchese-Bittencourt M.,marchese bittencourt m,marchesebittencourt,"Laboratorio de Fisiología del Ejercicio y Metabolismo (LABFEM), Escuela de Kinesiología, Facultad de Medicina, Universidad Finis Terrae, Santiago, Chile",Facultad de Medicina,Facultad de Medicina y Salud,True,True,alta
2-s2.0-85196771662,2024,5,6,Zbinden-Foncea H.,zbinden foncea h,zbindenfoncea,"Laboratorio de Fisiología del Ejercicio y Metabolismo (LABFEM), Escuela de Kinesiología, Facultad de Medicina, Universidad Finis Terrae, Santiago, Chile",Facultad de Medicina,Facultad de Medicina y Salud,True,True,alta
2-s2.0-85196771662,2024,6,6,Castro-Sepúlveda M.,castro sepulveda m,castrosepulveda,"Laboratorio de Fisiología del Ejercicio y Metabolismo (LABFEM), Escuela de Kinesiología, Facultad de Medicina, Universidad Finis Terrae, Santiago, Chile",Facultad de Medicina,Facultad de Medicina y Salud,True,True,alta
2-s2.0-85185484888,2024,2,4,Ceron M.L.,ceron ml,ceronml,"Facultad de Ingeniería, Universidad Finis Terrae, Av. Pedro de Valdivia 1509, Providencia, Santiago, Chile",Facultad de Ingeniería,Facultad de Ingeniería,True,True,alta
2-s2.0-105007992528,2025,1,5,Moyano Dávila C.,moyano davila c,moyanodavila,"Family Science School, Universidad Finis Terrae, Santiago de Chile, Chile, Millennium Nucleus, Digital Inequalities and Opportunities., Santiago de Chile, Chile",,No determinada,True,True,alta
2-s2.0-105003597806,2025,1,5,Valenzuela R.,valenzuela r,valenzuela,"Critical Care Center, Clinica Las Condes, Santiago, Chile, Faculty of Medicine, Finis Terrae University, Santiago, Chile",Faculty of Medicine,Facultad de Medicina y Salud,True,True,alta
2-s2.0-105003597806,2025,3,5,Garcia K.,garcia k,garcia,"Critical Care Center, Clinica Las Condes, Santiago, Chile, Faculty of Medicine, Finis Terrae University, Santiago, Chile",Faculty of Medicine,Facultad de Medicina y Salud,True,True,alta
2-s2.0-105003597806,2025,4,5,Cerda E.,cerda e,cerda,"Critical Care Center, Clinica Las Condes, Santiago, Chile, Faculty of Medicine, Finis Terrae University, Santiago, Chile",Faculty of Medicine,Facultad de Medicina y Salud,True,True,alta
2-s2.0-105003597806,2025,5,5,Ferre A.,ferre a,ferre,"Critical Care Center, Clinica Las Condes, Santiago, Chile, Faculty of Medicine, Finis Terrae University, Santiago, Chile",Faculty of Medicine,Facultad de Medicina y Salud,True,True,alta
2-s2.0-85217573558,2025,1,8,Gálvez-Bravo F.,galvez bravo f,galvezbravo,"Asociación de Odontología Deportiva de Chile, AODCH, Santiago, 56001, Chile, Facultad de Odontología, Universidad Finis Terrae, Santiago, 56001, Chile",Facultad de Odontología,Facultad de Odontología,True,True,alta
2-s2.0-85217573558,2025,2,8,Edwards-Toro F.,edwards toro f,edwardstoro,"Asociación de Odontología Deportiva de Chile, AODCH, Santiago, 56001, Chile, Facultad de Odontología, Universidad Finis Terrae, Santiago, 56001, Chile",Facultad de Odontología,Facultad de Odontología,True,True,alta
2-s2.0-85217573558,2025,4,8,Opazo-García C.,opazo garcia c,opazogarcia,"Asociación de Odontología Deportiva de Chile, AODCH, Santiago, 56001, Chile, Facultad de Odontología, Universidad Finis Terrae, Santiago, 56001, Chile",Facultad de Odontología,Facultad de Odontología,True,True,alta
2-s2.0-85191716936,2024,1,8,Orellana-Donoso M.,orellana donoso m,orellanadonoso,"Escuela de Medicina, Universidad Finis Terrae, Santiago, 7501015, Chile",Escuela de Medicina,Facultad de Medicina y Salud,True,True,alta
2-s2.0-85191716936,2024,2,8,Romero-Zucchino D.,romero zucchino d,romerozucchino,"Escuela de Medicina, Universidad Finis Terrae, Santiago, 7501015, Chile",Escuela de Medicina,Facultad de Medicina y Salud,True,True,alta
2-s2.0-85191716936,2024,3,8,Fuentes-Abarca A.,fuentes abarca a,fuentesabarca,"Escuela de Medicina, Universidad Finis Terrae, Santiago, 7501015, Chile",Escuela de Medicina,Facultad de Medicina y Salud,True,True,alta
2-s2.0-85191716936,2024,4,8,Aravena-Ríos P.,aravena rios p,aravenarios,"Escuela de Medicina, Universidad Finis Terrae, Santiago, 7501015, Chile",Escuela de Medicina,Facultad de Medicina y Salud,True,True,alta
2-s2.0-85196542544,2024,2,19,Landskron G.,landskron g,landskron,"Center of Biomedical Research (CIBMED), School of Medicine, Faculty of Medicine-Clínica Las Condes, Universidad Finis Terrae, Santiago, Chile",,No determinada,True,True,alta
2-s2.0-85196542544,2024,8,19,Araneda C.,araneda c,araneda,"Innate Immunity Laboratory, Immunology Program, Faculty of Medicine, Universidad de Chile, Santiago, Chile, Center of Biomedical Research (CIBMED), School of Medicine, Faculty of Medicine-Clínica Las Condes, Universidad Finis Terrae, Santiago, Chile",,No determinada,True,True,alta
2-s2.0-85196542544,2024,9,19,Romero C.,romero c,romero,"Center of Biomedical Research (CIBMED), School of Medicine, Faculty of Medicine-Clínica Las Condes, Universidad Finis Terrae, Santiago, Chile",,No determinada,True,True,alta
2-s2.0-85196542544,2024,10,19,Domínguez A.,dominguez a,dominguez,"Center of Biomedical Research (CIBMED), School of Medicine, Faculty of Medicine-Clínica Las Condes, Universidad Finis Terrae, Santiago, Chile",,No determinada,True,True,alta
2-s2.0-85196542544,2024,11,19,Vásquez G.,vasquez g,vasquez,"Innate Immunity Laboratory, Immunology Program, Faculty of Medicine, Universidad de Chile, Santiago, Chile, Center of Biomedical Research (CIBMED), School of Medicine, Faculty of Medicine-Clínica Las Condes, Universidad Finis Terrae, Santiago, Chile",,No determinada,True,True,alta
2-s2.0-85196542544,2024,16,19,Balboa E.,balboa e,balboa,"Center of Biomedical Research (CIBMED), School of Medicine, Faculty of Medicine-Clínica Las Condes, Universidad Finis Terrae, Santiago, Chile",,No determinada,True,True,alta
2-s2.0-85196542544,2024,19,19,De la Fuente López M.,de la fuente lopez m,dela,"Center of Biomedical Research (CIBMED), School of Medicine, Faculty of Medicine-Clínica Las Condes, Universidad Finis Terrae, Santiago, Chile",,No determinada,True,True,alta
2-s2.0-105021462010,2025,3,4,Lopez-Arana S.,lopez arana s,lopezarana,"School of Nutrition and Dietetics, Faculty of Medicine, Finis Terrae University, Providencia, Chile",Faculty of Medicine,Facultad de Medicina y Salud,True,True,alta
2-s2.0-105011706421,2025,4,11,Cancino-López J.,cancino lopez j,cancinolopez,"Exercise Physiology and Metabolism Laboratory, School of Kinesiology, Universidad Finis Terrae, Santiago, 7501015, Chile",School of Kinesiology,Escuela de Kinesiología,True,True,alta
2-s2.0-85193826870,2024,4,7,Fernández-Verdejo R.,fernandez verdejo r,fernandezverdejo,"Pennington Biomedical Research Center, Louisiana State University, Baton Rouge, LA, United States, Laboratorio de Fisiología Del Ejercicio y Metabolismo (LABFEM), Escuela de Kinesiología, Facultad de Medicina, Universidad Finis Terrae, Chile",Facultad de Medicina,Facultad de Medicina y Salud,True,True,alta
2-s2.0-85193826870,2024,5,7,Tuñón-Suárez M.,tunon suarez m,tunonsuarez,"Laboratorio de Fisiología Del Ejercicio y Metabolismo (LABFEM), Escuela de Kinesiología, Facultad de Medicina, Universidad Finis Terrae, Chile",Facultad de Medicina,Facultad de Medicina y Salud,True,True,alta
2-s2.0-105014129804,2025,7,8,Mujika I.,mujika i,mujika,"Department of Physiology, Faculty of Medicine and Nursing, University of the Basque Country, Basque Country, Leioa, Spain, Exercise Science Laboratory, School of Kinesiology, Faculty of Medicine, Universidad Finis Terrae, Santiago, Chile",Faculty of Medicine,Facultad de Medicina y Salud,True,True,alta
2-s2.0-85219409688,2025,3,5,Hevia D.,hevia d,hevia,"Center for Studies and Innovation in Dentistry, Facultad de Odontología, Universidad Finis Terrae, Santiago, Chile",Facultad de Odontología,Facultad de Odontología,True,True,alta
2-s2.0-85190753457,2024,3,6,Díaz F.,diaz f,diaz,"Red Colaborativa Pediátrica de Latinoamérica (LARed Network), Montevideo, Uruguay, Facultad de Medicina, Universidad Finis Terrae, Santiago, Chile",Facultad de Medicina,Facultad de Medicina y Salud,True,True,alta
2-s2.0-105009803214,2025,1,4,Cruz D.H.-D.L.,cruz dh dl,cruzdh,"Facultad de Medicina, Universidad Finis Terrae, Santiago, Chile",Facultad de Medicina,Facultad de Medicina y Salud,True,True,alta
2-s2.0-85176452294,2024,1,3,Ortiz-Orellana G.,ortiz orellana g,ortizorellana,"School of Medicine, Universidad Finis Terrae, Santiago, Chile",School of Medicine,Facultad de Medicina y Salud,True,True,alta
2-s2.0-85176452294,2024,2,3,Ferreira-Wortsman C.,ferreira wortsman c,ferreirawortsman,"School of Medicine, Universidad Finis Terrae, Santiago, Chile",School of Medicine,Facultad de Medicina y Salud,True,True,alta
2-s2.0-85203074360,2024,2,6,Gómez Barbieri G.,gomez barbieri g,gomezbarbieri,"Medical School, Finis Terrae University, Santiago, Chile",,No determinada,True,True,alta
2-s2.0-85203074360,2024,6,6,Soto M.,soto m,soto,"Faculty of Medicine, Finis Terrae University, Santiago, Chile",Faculty of Medicine,Facultad de Medicina y Salud,True,True,alta
2-s2.0-85206800319,2024,2,3,Cortina A.H.,cortina ah,cortinaah,"Escuela de Enfermería, Facultad de Medicina, Universidad Finis Terrae, Santiago, Chile",Facultad de Medicina,Facultad de Medicina y Salud,True,True,alta
2-s2.0-85206800319,2024,3,3,Soto-Suazo M.,soto suazo m,sotosuazo,"Secretario Ejecutivo Asociación de Facultades de Medicina de Chile (ASOFAMECH), Dirección de Investigación y Doctorado, Vicerrectoría de Investigación, Creación Artística y Doctorado, Universidad Finis Terrae, Santiago, Chile",,No determinada,True,True,alta
2-s2.0-105001686445,2025,1,13,Henríquez-Olguín C.,henriquez olguin c,henriquezolguin,"August Krogh Section for Human and Molecular Physiology, Department of Nutrition, Exercise and Sports, Faculty of Science, University of Copenhagen, Denmark, Exercise Science Laboratory, Faculty of Medicine, Universidad Finis Terrae, Av. Pedro de Valdivia 1509, Santiago, Chile",Faculty of Medicine,Facultad de Medicina y Salud,True,True,alta
2-s2.0-85198527349,2025,4,6,Strauss F.-J.,strauss f j,strauss,"Clinic of Reconstructive Dentistry, University of Zurich, Zurich, Switzerland, Faculty of Dentistry, Universidad Finis Terrae, Santiago, Chile",Faculty of Dentistry,Facultad de Odontología,True,True,alta
2-s2.0-105014314090,2025,1,6,Hidalgo M.,hidalgo m,hidalgo,"Facultad de Ingeniería, Universidad Finis Terrae, Providencia, 7501014, Chile",Facultad de Ingeniería,Facultad de Ingeniería,True,True,alta
2-s2.0-105014314090,2025,2,6,Yanine F.,yanine f,yanine,"Facultad de Ingeniería, Universidad Finis Terrae, Providencia, 7501014, Chile",Facultad de Ingeniería,Facultad de Ingeniería,True,True,alta
2-s2.0-105014314090,2025,3,6,Galleguillos R.,galleguillos r,galleguillos,"Facultad de Ingeniería, Universidad Finis Terrae, Providencia, 7501014, Chile",Facultad de Ingeniería,Facultad de Ingeniería,True,True,alta
2-s2.0-105014314090,2025,6,6,Paredes R.,paredes r,paredes,"Facultad de Ingeniería, Universidad Finis Terrae, Providencia, 7501014, Chile",Facultad de Ingeniería,Facultad de Ingeniería,True,True,alta
2-s2.0-105004779394,2025,2,6,Strauss F.J.,strauss fj,straussfj,"Clinic of Reconstructive Dentistry, Center for Dental Medicine, University of Zurich, Zurich, Switzerland, Center for Studies and Innovation in Dentistry, Faculty of Dentistry, Universidad Finis Terrae, Santiago, Chile",Faculty of Dentistry,Facultad de Odontología,True,True,alta
2-s2.0-105004886970,2025,1,3,Hidalgo M.,hidalgo m,hidalgo,"Universidad Finis Terrae, Chile",,No determinada,True,True,alta
2-s2.0-105006560342,2025,4,7,Balboa E.,balboa e,balboa,"Center for Biomedical Research, Universidad Finis Terrae, Santiago, 7501015, Chile",,No determinada,True,True,alta
2-s2.0-105001585427,2025,3,3,Yanine F.F.,yanine ff,yanineff,"Faculty of Engineering, Universidad Finis Terrae, Providencia, Santiago, Chile",Faculty of Engineering,Facultad de Ingeniería,True,True,alta
2-s2.0-105003732653,2025,1,4,Franchello M.,franchello m,franchello,"Servicio de Neurología, Hospital Ángel C, Padilla, Tucumán, Argentina, Servicio de Neurología, Clínica las Condes, Santiago, Chile, Facultad de Medicina, Universidad Finis Terrae, Santiago, Chile",Facultad de Medicina,Facultad de Medicina y Salud,True,True,alta
2-s2.0-85170255103,2024,4,5,Fernández-Verdejo R.,fernandez verdejo r,fernandezverdejo,"Laboratorio de Fisiología Del Ejercicio y Metabolismo (LABFEM), Escuela de Kinesiología, Facultad de Medicina, Universidad Finis Terrae, Santiago, Chile, Pennington Biomedical Research Center, Baton Rouge, LA, United States",Facultad de Medicina,Facultad de Medicina y Salud,True,True,alta
2-s2.0-105034890639,2025,1,4,Bustos-Arriagada E.,bustos arriagada e,bustosarriagada,"Facultad de Medicina, Escuela de Nutrición y Dietética, Universidad Finis Terrae, Santiago, Chile",Escuela de Nutrición y Dietética,Escuela de Nutrición y Dietética,True,True,alta
2-s2.0-105034890639,2025,2,4,López-Arana S.,lopez arana s,lopezarana,"Facultad de Medicina, Escuela de Nutrición y Dietética, Universidad Finis Terrae, Santiago, Chile",Escuela de Nutrición y Dietética,Escuela de Nutrición y Dietética,True,True,alta
2-s2.0-105034890639,2025,4,4,Castillo-Valenzuela O.,castillo valenzuela o,castillovalenzuela,"Facultad de Medicina, Escuela de Nutrición y Dietética, Universidad Finis Terrae, Santiago, Chile",Escuela de Nutrición y Dietética,Escuela de Nutrición y Dietética,True,True,alta
2-s2.0-85197415065,2024,1,3,Hidalgo M.,hidalgo m,hidalgo,"DII Universidad Técnica Federico Santa María, Santiago, Chile, FDI Universidad Finis Terrae, Santiago, Chile",,No determinada,True,True,alta
2-s2.0-105020835214,2025,2,11,Orellana-Donoso M.,orellana donoso m,orellanadonoso,"Department of Morphology, Faculty of Medicine, Universidad Andres Bello, Santiago, Chile, Escuela de Medicina, Universidad Finis Terrae, Santiago, Chile",Escuela de Medicina,Facultad de Medicina y Salud,True,True,alta
2-s2.0-105019339045,2025,2,17,De la Fuente López M.,de la fuente lopez m,dela,"Innate Immunity Laboratory, Immunology Program, Biomedical Sciences Institute, Faculty of Medicine, Universidad de Chile, Santiago, Chile, Center of Biomedical Research (CIBMED), School of Medicine UFT-CLC, Universidad Finis Terrae, Santiago, Chile",School of Medicine UFT-CLC,Facultad de Medicina y Salud,True,True,alta
2-s2.0-105023693720,2025,2,2,Arenas-Massa A.,arenas massa a,arenasmassa,"Faculty of Law, Finis Terrae University, Santiago, Chile",Faculty of Law,Facultad de Derecho,True,True,alta
2-s2.0-86000364846,2025,5,11,Fuentealba J.M.,fuentealba jm,fuentealbajm,"Escuela de Medicina, Universidad Finis Terrae, Santiago, Chile",Escuela de Medicina,Facultad de Medicina y Salud,True,True,alta
2-s2.0-105007015111,2024,1,4,Verdugo F.J.,verdugo fj,verdugofj,"Hospital del Salvador, Santiago, Chile, Universidad Finis Terrae, Santiago, Chile",,No determinada,True,True,alta
2-s2.0-105015841990,2025,7,12,Orellana-Donoso M.,orellana donoso m,orellanadonoso,"Department of Morphological Sciences, Faculty of Medicine and Science, Universidad San Sebastián, Santiago, 7510157, Chile, Escuela de Medicina, Universidad Finis Terrae, Santiago, 7501015, Chile",Escuela de Medicina,Facultad de Medicina y Salud,True,True,alta
2-s2.0-85204418067,2024,2,6,Orellana-Donoso M.,orellana donoso m,orellanadonoso,"Escuela de Medicina, Universidad Finis Terrae, Santiago, Chile",Escuela de Medicina,Facultad de Medicina y Salud,True,True,alta
2-s2.0-85197877445,2024,5,5,Mariotti-Celis M.S.,mariotti celis ms,mariotticelis,"School of Nutrition and Dietetics, Faculty of Medicine, Universidad Finis Terrae, Santiago, 7501015, Chile",Faculty of Medicine,Facultad de Medicina y Salud,True,True,alta
2-s2.0-105007197288,2025,1,1,Kobayashi M.A.,kobayashi ma,kobayashima,"Universidad Finis Terrae, Chile",,No determinada,True,True,alta
2-s2.0-105008897804,2025,1,4,Carriel-Nesvara A.,carriel nesvara a,carrielnesvara,"Laboratorio de Fisiología del Ejercicio y Metabolismo (LABFEM), Escuela de Kinesiología, Facultad de Medicina, Universidad Finis Terrae, Santiago, Chile, Institute of Neuroscience, UCLouvain, Ottignies-Louvain-la-Neuve, Belgium",Facultad de Medicina,Facultad de Medicina y Salud,True,True,alta
2-s2.0-105008897804,2025,2,4,Muñoz-Medina C.,munoz medina c,munozmedina,"Laboratorio de Fisiología del Ejercicio y Metabolismo (LABFEM), Escuela de Kinesiología, Facultad de Medicina, Universidad Finis Terrae, Santiago, Chile, Institute of Neuroscience, UCLouvain, Ottignies-Louvain-la-Neuve, Belgium",Facultad de Medicina,Facultad de Medicina y Salud,True,True,alta
2-s2.0-105008897804,2025,4,4,Castro-Sepulveda M.,castro sepulveda m,castrosepulveda,"Laboratorio de Fisiología del Ejercicio y Metabolismo (LABFEM), Escuela de Kinesiología, Facultad de Medicina, Universidad Finis Terrae, Santiago, Chile",Facultad de Medicina,Facultad de Medicina y Salud,True,True,alta
2-s2.0-85212306111,2024,1,2,Díaz Rubio F.,diaz rubio f,diazrubio,"Unidad de Paciente Crítico Pediátrico, Hospital El Carmen de Maipú, Santiago, Chile, Unidad de Investigación y Epidemiología Clínica, Facultad de Medicina, Universidad Finis Terrae, Santiago, Chile, LaRED Network, Colombia",Facultad de Medicina,Facultad de Medicina y Salud,True,True,alta
2-s2.0-105027067369,2025,1,1,Giordanino E.F.,giordanino ef,giordaninoef,"Jefe Técnico Intensivo Cardiovascular, Clínica Las Condes, Santiago, Chile, Jefe Insuficiencia Cardíaca y Trasplante Cardíaco, Clínica Las Condes, Santiago, Chile, Jefe Académico Cardiología, Facultad de Medicina, Universidad Finis Terrae, Santiago, Chile",Facultad de Medicina,Facultad de Medicina y Salud,True,True,alta
2-s2.0-105016131168,2025,9,13,Lopez-Arana S.,lopez arana s,lopezarana,"School of Nutrition and Dietetics, Faculty of Medicine, Finis Terrae University, Santiago, Chile, Department of Nutrition, Faculty of Medicine, University of Chile, Santiago, Chile, Lown Scholars in the Bernard Lown Scholars in Cardiovascular Health Program at Harvard T.H. Chan School of Public Heal",Faculty of Medicine,Facultad de Medicina y Salud,True,True,alta
2-s2.0-85214481964,2025,12,13,Orellana-Donoso M.,orellana donoso m,orellanadonoso,"Faculty of Medicine and Science, Universidad San Sebastián, Santiago, 8420524, Chile, Escuela de Medicina, Universidad Finis Terrae, Santiago, 7501015, Chile",Escuela de Medicina,Facultad de Medicina y Salud,True,True,alta
2-s2.0-105011732633,2024,1,1,Vargas C.H.,vargas ch,vargasch,"Universidad Finis Terrae, Santiago, Chile, Universidad de los Andes, Colombia",,No determinada,True,True,alta
2-s2.0-105035057887,2025,2,2,Caffarena Barcenilla P.,caffarena barcenilla p,caffarenabarcenilla,"Escuela de Historia-CIDOC, Facultad de Humanidades y Comunicaciones, Universidad Finis Terrae, Chile",Facultad de Humanidades y Comunicaciones,Facultad de Humanidades y Comunicaciones,True,True,alta
2-s2.0-85196358755,2024,4,4,Busquets-Losada P.,busquets losada p,busquetslosada,"Alianza de Enfermeras por Ambientes Saludables (ANHE) Latinoamérica, Universidad Finis Terrae, Chile",,No determinada,True,True,alta
2-s2.0-85182858698,2024,4,9,Lucero-Mora J.,lucero mora j,luceromora,"Laboratory of Periodontal Biology, Faculty of Dentistry, Universidad de Chile, Santiago, Chile, Laboratory of Oral Biology, Faculty of Dentistry, Universidad Finis Terrae, Santiago, Chile",Faculty of Dentistry,Facultad de Odontología,True,True,alta
2-s2.0-86000144898,2025,2,3,Muñoz-Concha D.,munoz concha d,munozconcha,"Universidad Finis Terrae, Chile",,No determinada,True,True,alta
2-s2.0-105010435195,2025,1,5,Simón L.,simon l,simon,"Nutrition and Dietetic School, Universidad Finis Terrae, Santiago, Chile, Cellular Communication Laboratory, Center for Studies on Exercise, Metabolism and Cancer (CEMC), Institute of Biomedical Sciences (ICBM), Faculty of Medicine, University of Chile, Santiago, Chile",,No determinada,True,True,alta
2-s2.0-105010435195,2025,2,5,Torres K.,torres k,torres,"Nutrition and Dietetic School, Universidad Finis Terrae, Santiago, Chile",,No determinada,True,True,alta
2-s2.0-105018969990,2025,10,21,Henríquez-Olguin C.,henriquez olguin c,henriquezolguin,"Department of Nutrition, Exercise, and Sports, Faculty of Science, University of Copenhagen, Denmark, Skeletal Muscle Biology, Research and Early Development, Novo Nordisk A/S, Måløv, Denmark, Center for Exercise Physiology and Metabolism, Department of Kinesiology, Faculty of Medicine, Universidad ",Faculty of Medicine,Facultad de Medicina y Salud,True,True,alta
2-s2.0-85208582406,2024,1,4,Williams C.,williams c,williams,"Centro de Investigación en Educación Médica y Ciencias de la Salud, Universidad Finis Terrae, Santiago, Chile, Facultad de Ciencias de la Salud, Universidad del Alba, Santiago, Chile",,No determinada,True,True,alta
2-s2.0-85208582406,2024,3,4,Cayu E.,cayu e,cayu,"Centro de Investigación en Educación Médica y Ciencias de la Salud, Universidad Finis Terrae, Santiago, Chile",,No determinada,True,True,alta
2-s2.0-105033394702,2025,1,2,Sánchez-Duque C.,sanchez duque c,sanchezduque,"University Finis Terrae, Chile",,No determinada,True,True,alta
2-s2.0-105017948166,2025,1,4,Lang M.,lang m,lang,"Department of Physical Therapy, Faculty of Medicine, University of Chile, Santiago, Chile, Faculty of Medicine, School of Kinesiology, Universidad Finis Terrae, Santiago, Chile",School of Kinesiology,Escuela de Kinesiología,True,True,alta
2-s2.0-105014951523,2025,1,1,Aravena S.C.,aravena sc,aravenasc,"Universidad Finis Terrae, Chile",,No determinada,True,True,alta
2-s2.0-105022610814,2025,1,8,Rojas-Costa G.M.,rojas costa gm,rojascosta,"School of Medicine, Finis Terrae University, Santiago, 7501015, Chile, Department of Radiology, Clínica las Condes, Santiago, 7591046, Chile, Biomedical Imaging Unit and Artificial Intelligence FISABIO-CIPF, Foundation for the Promotion of Health and Biomedical Research of the Valencia Region, Valen",School of Medicine,Facultad de Medicina y Salud,True,True,alta
2-s2.0-105022610814,2025,8,8,Gálvez M.,galvez m,galvez,"School of Medicine, Finis Terrae University, Santiago, 7501015, Chile, Department of Radiology, Clínica las Condes, Santiago, 7591046, Chile",School of Medicine,Facultad de Medicina y Salud,True,True,alta
2-s2.0-105009026860,2025,8,13,Orellana-Donoso M.,orellana donoso m,orellanadonoso,"Departamento de Morfología, Facultad de Medicina, Universidad Andrés Bello, Santiago, 8370146, Chile, Escuela de Medicina, Universidad Finis Terrae, Santiago, 7501015, Chile",Escuela de Medicina,Facultad de Medicina y Salud,True,True,alta
2-s2.0-105010261920,2025,1,6,Montalva-Valenzuela F.,montalva valenzuela f,montalvavalenzuela,"LABFEM, Escuela de Kinesiología, Universidad Finis Terrae, Santiago, Chile, Instituto Nacional del Fútbol (INAF), Peñalolén, Chile",Escuela de Kinesiología,Escuela de Kinesiología,True,True,alta
2-s2.0-85205794317,2024,12,13,Cottin M.,cottin m,cottin,"Escuela de Psicología, Universidad Finis Terrae, Santiago de Chile, Chile",Escuela de Psicología,Facultad de Educación y Ciencias Sociales,True,True,alta
2-s2.0-85191345659,2024,9,13,Molina M.,molina m,molina,"Orthopedics Department, Spine Unit, Clínica Alemana, Universidad Finis Terrae, Santiago, Chile",,No determinada,True,True,alta
2-s2.0-105003572556,2025,1,3,Arroyo A.,arroyo a,arroyo,"Facultad de Medicina, Universidad Finis Terrae, Santiago, Chile, Centro de Pacientes Críticos, Clínica Las Condes, Santiago, Chile",Facultad de Medicina,Facultad de Medicina y Salud,True,True,alta
2-s2.0-105003572556,2025,2,3,Ramos A.,ramos a,ramos,"Facultad de Medicina, Universidad Finis Terrae, Santiago, Chile, Centro de Pacientes Críticos, Clínica Las Condes, Santiago, Chile",Facultad de Medicina,Facultad de Medicina y Salud,True,True,alta
2-s2.0-105003572556,2025,3,3,Reccius A.,reccius a,reccius,"Facultad de Medicina, Universidad Finis Terrae, Santiago, Chile, Centro de Pacientes Críticos, Clínica Las Condes, Santiago, Chile",Facultad de Medicina,Facultad de Medicina y Salud,True,True,alta
2-s2.0-105001077196,2025,2,3,Landskron G.,landskron g,landskron,"Laboratorio de Enfermedades Digestivas y Motilidad, Sección de Gastroenterología, Hospital Clínico Universidad de Chile, Universidad de Chile, Santiago, Chile, Centro de Investigación en Biomedicina (CIBMED), Escuela de Medicina, Facultad de Medicina, Universidad Finis Terrae, Santiago, Chile",Facultad de Medicina,Facultad de Medicina y Salud,True,True,alta
2-s2.0-105007137059,2025,3,8,Tiscornia C.,tiscornia c,tiscornia,"Escuela de Nutrición y Dietética, Universidad Finis Terrae, Santiago, Chile",Escuela de Nutrición y Dietética,Escuela de Nutrición y Dietética,True,True,alta
2-s2.0-105007137059,2025,7,8,Vásquez F.,vasquez f,vasquez,"Escuela de Nutrición y Dietética, Universidad Finis Terrae, Santiago, Chile",Escuela de Nutrición y Dietética,Escuela de Nutrición y Dietética,True,True,alta
2-s2.0-85216599084,2025,5,12,Mena C.,mena c,mena,"Early Intervention in Psychosis Programme (PRO-ITP), Instituto Psiquiátrico José Horwitz Barack, Chile, School of Medicine, Universidad Finis Terrae, Chile",School of Medicine,Facultad de Medicina y Salud,True,True,alta
2-s2.0-85216599084,2025,9,12,Nachar R.,nachar r,nachar,"Early Intervention in Psychosis Programme (PRO-ITP), Instituto Psiquiátrico José Horwitz Barack, Chile, School of Medicine, Universidad Finis Terrae, Chile",School of Medicine,Facultad de Medicina y Salud,True,True,alta
2-s2.0-85216599084,2025,11,12,González-Valderrama A.,gonzalez valderrama a,gonzalezvalderrama,"Early Intervention in Psychosis Programme (PRO-ITP), Instituto Psiquiátrico José Horwitz Barack, Chile, School of Medicine, Universidad Finis Terrae, Chile",School of Medicine,Facultad de Medicina y Salud,True,True,alta
2-s2.0-105030866059,2025,4,7,Quintero K.C.,quintero kc,quinterokc,"Finis Terrae University, Chile",,No determinada,True,True,alta
2-s2.0-105017332179,2025,7,8,Strauss F.J.,strauss fj,straussfj,"Clinic of Reconstructive Dentistry, Center for Dental Medicine, University of Zurich, Plattenstrasse 11, Zurich, CH-8032, Switzerland, Center for Studies and Innovation in Dentistry, Faculty of Dentistry, Universidad Finis Terrae, Santiago, 7501016, Chile",Faculty of Dentistry,Facultad de Odontología,True,True,alta
2-s2.0-85214307945,2024,1,4,Giglio Jimenez A.,giglio jimenez a,gigliojimenez,"Critical Care Department, Finis Terrae University, Faculty of Medicine, Metropolitana, Santiago, Chile, Critical Care Department, Clinica Las Condes Hospital, Metropolitana, Las Condes, Chile",,No determinada,True,True,alta
2-s2.0-85214307945,2024,3,4,Ibañez V.,ibanez v,ibanez,"Internal Medicine Program, Universidad Finis Terrae, Facultad de Medicina, Metropolitana, Santiago, Chile",,No determinada,True,True,alta
2-s2.0-85214307945,2024,4,4,Ferre A.,ferre a,ferre,"Critical Care Department, Finis Terrae University, Faculty of Medicine, Metropolitana, Santiago, Chile, Critical Care Department, Clinica Las Condes Hospital, Metropolitana, Las Condes, Chile",,No determinada,True,True,alta
2-s2.0-85199151490,2024,4,6,Strauss F.J.,strauss fj,straussfj,"Clinic of Reconstructive Dentistry, Center of Dental Medicine, University of Zurich, Zurich, Switzerland, Faculty of Dentistry, Universidad Finis Terrae, Santiago, Chile",Faculty of Dentistry,Facultad de Odontología,True,True,alta
2-s2.0-105030040251,2025,2,3,Ramos-Alarcón M.B.,ramos alarcon mb,ramosalarcon,"Escuela de Medicina, Universidad Finis Terrae, Santiago, Chile",Escuela de Medicina,Facultad de Medicina y Salud,True,True,alta
2-s2.0-85193467121,2024,7,11,Orellana-Donoso M.,orellana donoso m,orellanadonoso,"Escuela de Medicina, Universidad Finis Terrae, Santiago, 7501015, Chile, Departamento de Morfología, Facultad de Medicina, Universidad Andrés Bello, Santiago, 8370146, Chile",Escuela de Medicina,Facultad de Medicina y Salud,True,True,alta
2-s2.0-105021234505,2025,4,6,Orellana-Donoso M.,orellana donoso m,orellanadonoso,"Departamento de Morfología, Facultad de Medicina, Universidad Andres Bello, Santiago, Chile, Escuela de Medicina, Universidad Finis Terrae, Santiago, Chile",Escuela de Medicina,Facultad de Medicina y Salud,True,True,alta
2-s2.0-105013783691,2025,7,14,Orellana-Donoso M.,orellana donoso m,orellanadonoso,"Escuela de Medicina, Universidad Finis Terrae, Santiago, Chile",Escuela de Medicina,Facultad de Medicina y Salud,True,True,alta
2-s2.0-105004356535,2025,1,2,Bastías J.,bastias j,bastias,"Faculty of Economics and Business, University Finis Terrae, Chile",Faculty of Economics and Business,Facultad de Economía y Negocios,True,True,alta
2-s2.0-85207746491,2024,5,6,Mujika I.,mujika i,mujika,"Department of Physiology, Faculty of Medicine and Nursing, University of the Basque Country, Basque Country, Leioa, Spain, School of Kinesiology, Faculty of Medicine, Universidad Finis Terrae, Santiago, Chile",Faculty of Medicine,Facultad de Medicina y Salud,True,True,alta
2-s2.0-85194863143,2024,3,7,Etchegaray-Armijo K.,etchegaray armijo k,etchegarayarmijo,"Escuela de Nutrición y Dietética, Facultad de Medicina, Universidad Finis Terrae, Santiago, Chile",Facultad de Medicina,Facultad de Medicina y Salud,True,True,alta
2-s2.0-85194863143,2024,7,7,Bustos-Arriagada E.,bustos arriagada e,bustosarriagada,"Escuela de Nutrición y Dietética, Facultad de Medicina, Universidad Finis Terrae, Santiago, Chile",Facultad de Medicina,Facultad de Medicina y Salud,True,True,alta
2-s2.0-85190432889,2024,2,9,Strauss F.-J.,strauss f j,strauss,"Clinic of Reconstructive Dentistry, Center of Dental Medicine, University of Zurich, Zurich, Switzerland, Faculty of Dentistry, Universidad Finis Terrae, Santiago, Chile",Faculty of Dentistry,Facultad de Odontología,True,True,alta
2-s2.0-105014875925,2025,3,4,Mujika I.,mujika i,mujika,"Faculty of Medicine and Nursing, Department of Physiology, University of the Basque Country UPV/EHU, Basque country, Leioa, 48940, Spain, Faculty of Medicine, Exercise Science Laboratory, School of Kinesiology, Universidad Finis Terrae, Santiago, 7501014, Chile",School of Kinesiology,Escuela de Kinesiología,True,True,alta
2-s2.0-105014537995,2025,2,21,Henriquez-Olguín C.,henriquez olguin c,henriquezolguin,"Department of Nutrition, Exercise and Sports, Faculty of Science, University of Copenhagen, Denmark, Exercise Science Laboratory, Faculty of Medicine, Universidad Finis Terrae, Santiago, 7501015, Chile",Faculty of Medicine,Facultad de Medicina y Salud,True,True,alta
2-s2.0-85209811590,2024,1,1,Aqueveque-Muñoz C.,aqueveque munoz c,aquevequemunoz,"CIPEF, Universidad Finis Terrae, Chile, Universidad Bernardo O’Higgins, Chile",,No determinada,True,True,alta
2-s2.0-105030379902,2025,1,2,Chiuminatto P.,chiuminatto p,chiuminatto,Universidad Finis Terrae,,No determinada,True,True,alta
2-s2.0-105030379902,2025,2,2,Hill A.C.,hill ac,hillac,Universidad Finis Terrae,,No determinada,True,True,alta
2-s2.0-105001709998,2025,3,3,Yanine F.F.,yanine ff,yanineff,"Faculty of Engineering, Universidad Finis Terrae, Providencia, Santiago, Chile",Faculty of Engineering,Facultad de Ingeniería,True,True,alta
2-s2.0-105006493357,2025,1,6,Cárdenas Larenas J.P.,cardenas larenas jp,cardenaslarenas,"Universidad de Chile, Universidad Finis Terrae-Hospital San Juan de Dios, Santiago, Chile",,No determinada,True,True,alta
2-s2.0-105006493357,2025,2,6,Guardia Castro D.,guardia castro d,guardiacastro,"Universidad de Chile, Universidad Finis Terrae-Hospital San Juan de Dios, Santiago, Chile",,No determinada,True,True,alta
2-s2.0-105006493357,2025,3,6,Arauco Rodríguez D.,arauco rodriguez d,araucorodriguez,"Universidad de Chile, Universidad Finis Terrae-Hospital San Juan de Dios, Santiago, Chile",,No determinada,True,True,alta
2-s2.0-105006493357,2025,4,6,Beytia Osses I.,beytia osses i,beytiaosses,"Universidad de Chile, Universidad Finis Terrae-Hospital San Juan de Dios, Santiago, Chile",,No determinada,True,True,alta
2-s2.0-105006493357,2025,5,6,Bencina Matus F.,bencina matus f,bencinamatus,"Universidad de Chile, Universidad Finis Terrae-Hospital San Juan de Dios, Santiago, Chile",,No determinada,True,True,alta
2-s2.0-105006493357,2025,6,6,Moraga Concha J.,moraga concha j,moragaconcha,"Universidad de Chile, Universidad Finis Terrae-Hospital San Juan de Dios, Santiago, Chile",,No determinada,True,True,alta
2-s2.0-85195847219,2024,1,3,Rojas-Saffie J.P.,rojas saffie jp,rojassaffie,"Department of Psychology, Faculty of Education, Psychology and Family, Universidad Finis Terrae, Santiago, Chile, Center for Research in Education, Psychology and Family (CIPEF), Faculty of Education, Psychology and Family, Universidad Finis Terrae, Santiago, Chile",Faculty of Education,Facultad de Educación y Ciencias Sociales,True,True,alta
2-s2.0-85195847219,2024,2,3,García-Matte N.,garcia matte n,garciamatte,"Department of Psychology, Faculty of Education, Psychology and Family, Universidad Finis Terrae, Santiago, Chile, Center for Research in Education, Psychology and Family (CIPEF), Faculty of Education, Psychology and Family, Universidad Finis Terrae, Santiago, Chile, Millenium Institute for Depressio",Faculty of Education,Facultad de Educación y Ciencias Sociales,True,True,alta
2-s2.0-85217262308,2025,1,4,Giglio Jiménez A.,giglio jimenez a,gigliojimenez,"Critical Care Department, Finis Terrae University Faculty of Medicine, Santiago, Chile, Critical Care Department, Clinica Las Condes Hospital, Santiago, Chile",,No determinada,True,True,alta
2-s2.0-85217262308,2025,2,4,Tovar W.,tovar w,tovar,"Critical Care Department, Finis Terrae University Faculty of Medicine, Santiago, Chile, Critical Care Department, Clinica Las Condes Hospital, Santiago, Chile",,No determinada,True,True,alta
2-s2.0-85217262308,2025,3,4,Pedreros C.,pedreros c,pedreros,"Critical Care Department, Finis Terrae University Faculty of Medicine, Santiago, Chile, Critical Care Department, Clinica Las Condes Hospital, Santiago, Chile",,No determinada,True,True,alta
2-s2.0-85217262308,2025,4,4,Ferre A.,ferre a,ferre,"Critical Care Department, Finis Terrae University Faculty of Medicine, Santiago, Chile, Critical Care Department, Clinica Las Condes Hospital, Santiago, Chile",,No determinada,True,True,alta
2-s2.0-105001037901,2025,4,4,Mujika I.,mujika i,mujika,"Department of Physiology, Faculty of Medicine and Nursing, University of the Basque Country, Leioa, Spain, Exercise Science Laboratory, School of Kinesiology, Faculty of Medicine, Universidad Finis Terrae, Santiago, Chile",Faculty of Medicine,Facultad de Medicina y Salud,True,True,alta
2-s2.0-85203202321,2025,6,6,Hartmann D.,hartmann d,hartmann,"Facultad de Medicina, Universidad Finis Terrae, Santiago, Chile",Facultad de Medicina,Facultad de Medicina y Salud,True,True,alta
2-s2.0-85217742186,2025,7,8,Castiglioni C.,castiglioni c,castiglioni,"Departamento de Neurología. Unidad de Neurología Pediátrica Clinica Meds, Facultad de Medicina, Universidad Finis Terrae, Santiago, Chile",Facultad de Medicina,Facultad de Medicina y Salud,True,True,alta
2-s2.0-105009804221,2025,1,3,Mansilla-Obando K.,mansilla obando k,mansillaobando,"Faculty of Economics and Business, Ingenieria Comercial, Universidad Finis Terrae, Santiago, Chile",Faculty of Economics and Business,Facultad de Economía y Negocios,True,True,alta
2-s2.0-86000137197,2025,1,5,Hasbún P.,hasbun p,hasbun,"Critical Care Department, Finis Terrae University, Faculty of Medicine, Santiago, Chile, Critical Care Department, Clinica Las Condes Hospital, Santiago, Chile, Simulation Center, Clinica Las Condes Hospital and Finis Terrae University, Faculty of Medicine, Santiago, Chile",,No determinada,True,True,alta
2-s2.0-86000137197,2025,2,5,García J.,garcia j,garcia,"Simulation Center, Clinica Las Condes Hospital and Finis Terrae University, Faculty of Medicine, Santiago, Chile",,No determinada,True,True,alta
2-s2.0-86000137197,2025,4,5,Ferre A.,ferre a,ferre,"Critical Care Department, Finis Terrae University, Faculty of Medicine, Santiago, Chile, Critical Care Department, Clinica Las Condes Hospital, Santiago, Chile",,No determinada,True,True,alta
2-s2.0-86000137197,2025,5,5,Giglio A.,giglio a,giglio,"Critical Care Department, Finis Terrae University, Faculty of Medicine, Santiago, Chile, Critical Care Department, Clinica Las Condes Hospital, Santiago, Chile",,No determinada,True,True,alta
2-s2.0-85200537072,2025,5,5,Hartmann D.,hartmann d,hartmann,"Facultad de Medicina, Universidad Finis Terrae, Santiago, Chile",Facultad de Medicina,Facultad de Medicina y Salud,True,True,alta
2-s2.0-85208177034,2025,4,4,Díaz F.,diaz f,diaz,"Unidad de Paciente Crítico Pediátrico, Departamento de Pediatría, Hospital El Carmen de Maipú, Santiago, Chile, Red Colaborativa Pediátrica de Latinoamérica (LARed Network), Santiago, Chile, Unidad de Investigación y Epidemiología Clínica, Escuela de Medicina, Universidad Finis Terrae, Santiago, Chi",Escuela de Medicina,Facultad de Medicina y Salud,True,True,alta
2-s2.0-85215954210,2025,10,15,Castro-Sepúlveda M.,castro sepulveda m,castrosepulveda,"Exercise Physiology and Metabolism Laboratory, School of Kinesiology, Faculty of Medicine, Finis Terrae University, Santiago, 7501014, Chile",Faculty of Medicine,Facultad de Medicina y Salud,True,True,alta
2-s2.0-85216784465,2025,1,4,Fermín-González M.,fermin gonzalez m,fermingonzalez,"Educación Infantil y Familiar por la Universidad Nacional de Educación a Distancia (UNED-España), CIPEF, Universidad Finis Terrae, Chile",,No determinada,True,True,alta
2-s2.0-85216784465,2025,2,4,Caffarena-Barcenilla C.,caffarena barcenilla c,caffarenabarcenilla,"Ciencias de la Educación por la Pontificia Universidad Católica de Chile, CIPEF, Universidad Finis Terrae, Chile",,No determinada,True,True,alta
2-s2.0-85189967168,2024,5,9,Mujika I.,mujika i,mujika,"Department of Physiology, Faculty of Medicine and Nursing, University of the Basque Country, Spain, Exercise Science Laboratory, School of Kinesiology, Faculty of Medicine, Universidad Finis Terrae, Chile",Faculty of Medicine,Facultad de Medicina y Salud,True,True,alta
2-s2.0-105019666650,2025,9,14,Mujika I.,mujika i,mujika,"Department of Physiology, Faculty of Medicine and Nursing, University of the Basque Country, Leioa, Spain, Exercise Science Laboratory, School of Kinesiology, Faculty of Medicine, Universidad Finis Terrae, Santiago, Chile",Faculty of Medicine,Facultad de Medicina y Salud,True,True,alta
2-s2.0-105006577629,2025,1,7,Cancino-Lopez J.,cancino lopez j,cancinolopez,"Exercise Physiology and Metabolism Laboratory, School of Kinesiology, Faculty of Medicine, Finis Terrae University, Santiago, Chile, NFT Center, Santiago, Chile",Faculty of Medicine,Facultad de Medicina y Salud,True,True,alta
2-s2.0-105006577629,2025,7,7,Pino-Zuñiga J.,pino zuniga j,pinozuniga,"Exercise Physiology and Metabolism Laboratory, School of Kinesiology, Faculty of Medicine, Finis Terrae University, Santiago, Chile, Bariatric Center Bio, Santiago, Chile",Faculty of Medicine,Facultad de Medicina y Salud,True,True,alta
2-s2.0-85198732308,2024,1,1,Carvajal G.,carvajal g,carvajal,"Universidad Finis Terrae, Chile",,No determinada,True,True,alta
2-s2.0-105011399576,2025,4,9,Mena C.,mena c,mena,"Early Intervention Program, Dr. José Horwitz Barak Psychiatric Institute, Santiago, Chile, School of Medicine, Finis Terrae University, Santiago, Chile",School of Medicine,Facultad de Medicina y Salud,True,True,alta
2-s2.0-105011399576,2025,6,9,Gonzalez-Valderrama A.,gonzalez valderrama a,gonzalezvalderrama,"Early Intervention Program, Dr. José Horwitz Barak Psychiatric Institute, Santiago, Chile, School of Medicine, Finis Terrae University, Santiago, Chile",School of Medicine,Facultad de Medicina y Salud,True,True,alta
2-s2.0-85160420923,2024,1,2,Caffarena-Barcenilla C.,caffarena barcenilla c,caffarenabarcenilla,"Faculty of Education, Pontificia Universidad Católica de Chile, Vicuña Mackenna 4860, Macul, Santiago, Chile, Faculty of Education, Psychology and Family, Universidad Finis Terrae, Avda Pedro de Valdivia 1509, Providencia, Chile",Faculty of Education,Facultad de Educación y Ciencias Sociales,True,True,alta
2-s2.0-85189972501,2024,1,7,Gómez G.G.,gomez gg,gomezgg,"Medical School, Universidad Finis Terrae, Santiago, Chile",,No determinada,True,True,alta
2-s2.0-105023504126,2025,3,3,Simón L.,simon l,simon,"Escuela de Nutrición y Dietética, Universidad Finis Terrae, Santiago, 7501015, Chile",Escuela de Nutrición y Dietética,Escuela de Nutrición y Dietética,True,True,alta
2-s2.0-105009390060,2025,3,3,Díaz F.,diaz f,diaz,"Unidad de Paciente Crítico Pediátrico, Hospital el Carmen de Maipú, Santiago, Chile, Unidad de Investigación y Epidemiología Clínica, Escuela de Medicina, Universidad Finis Terrae, Santiago, Chile, LARed Network, Chile",Escuela de Medicina,Facultad de Medicina y Salud,True,True,alta
2-s2.0-85219251501,2025,1,3,Aqueveque-Muñoz C.,aqueveque munoz c,aquevequemunoz,"CIPEF, Universidad Finis Terrae, Chile, Universidad Bernardo O’Higgins, Chile",,No determinada,True,True,alta
2-s2.0-85213032194,2025,5,8,Muzard A.,muzard a,muzard,"Escuela de Psicología, Pontificia Universidad Católica, Santiago, Chile, Millennium Institute for depression and Personality Research (MIDAP), Santiago, Chile, Escuela de Psicología Universidad Finis Terrae, Santiago, Chile",,No determinada,True,True,alta
2-s2.0-85190731738,2024,29,42,Molina M.,molina m,molina,"Instituto TraumatolÃ³gico de Santiago, Universidad Finis Terrae, Chile",,No determinada,True,True,alta
2-s2.0-86000458181,2025,1,5,García-Meneses C.,garcia meneses c,garciameneses,"Universidad Finis Terrae, Chile",,No determinada,True,True,alta
2-s2.0-85218165122,2025,1,1,Dreyse J.,dreyse j,dreyse,"Departamento de Medicina Interna, Clínica Las Condes, Santiago, Chile, Centro de Pacientes Críticos, Clínica Las Condes, Santiago, Chile, Facultad de Medicina, Universidad Finis Terrae, Santiago, Chile",Facultad de Medicina,Facultad de Medicina y Salud,True,True,alta
2-s2.0-85207515798,2024,1,7,Bustos-Arriagada E.,bustos arriagada e,bustosarriagada,"Faculty of Medicine, Nutrition and Dietetics School, Universidad Finis Terrae, Pedro de Valdivia 1509Santiago, Providencia, 7501015, Chile, Department of Analytical Chemistry, Nutrition and Food Science, Food Technology Division, School of Veterinary Sciences, University of Santiago de Compostela, C",Faculty of Medicine,Facultad de Medicina y Salud,True,True,alta
2-s2.0-85207515798,2024,5,7,Castillo-Valenzuela O.,castillo valenzuela o,castillovalenzuela,"Faculty of Medicine, Nutrition and Dietetics School, Universidad Finis Terrae, Pedro de Valdivia 1509Santiago, Providencia, 7501015, Chile",Faculty of Medicine,Facultad de Medicina y Salud,True,True,alta
2-s2.0-85207515798,2024,7,7,Mariotti-Celis M.S.,mariotti celis ms,mariotticelis,"Faculty of Medicine, Nutrition and Dietetics School, Universidad Finis Terrae, Pedro de Valdivia 1509Santiago, Providencia, 7501015, Chile",Faculty of Medicine,Facultad de Medicina y Salud,True,True,alta
2-s2.0-85190275980,2024,7,11,Donoso M.O.,donoso mo,donosomo,"Departament de Morfología, Facultad de Medicina, Universidad Andrés Bello, Santiago, 8320000, Chile, Escuela de Medicina, Universidad Finis Terrae, Santiago, 7501015, Chile",Escuela de Medicina,Facultad de Medicina y Salud,True,True,alta
2-s2.0-105009775843,2025,2,2,Castillo L.P.,castillo lp,castillolp,"Departamento de Neurología, Clínica Las Condes, Santiago, Chile, Facultad de Medicina, Universidad Finis Terrae, Santiago, Chile, Laboratorio de Neurofisiologia, Clínica Las Condes, Santiago, Chile",Facultad de Medicina,Facultad de Medicina y Salud,True,True,alta
2-s2.0-105003541829,2025,1,2,Vergara K.,vergara k,vergara,"Unidad de Reumatología, Clínica Las Condes, Santiago, Chile, Centro de Paciente Crítico, Clínica Las Condes, Santiago, Chile, Facultad de Medicina, Universidad Finis Terrae, Santiago, Chile",Facultad de Medicina,Facultad de Medicina y Salud,True,True,alta
2-s2.0-105003541829,2025,2,2,Jimenez A.G.,jimenez ag,jimenezag,"Multidisciplinary Sepsis Group, Son Llatzer Hospital and IdISBa, Islas Baleares, Spain, Medicina Intensiva, Clínica Las Condes, Santiago, Chile, Campus Clínica Las Condes - Universidad Finis Terrae, Santiago, Chile",,No determinada,True,True,alta
2-s2.0-85196976775,2024,3,3,Yanine F.F.,yanine ff,yanineff,"Faculty of Engineering, Universidad Finis Terrae, Providencia, Santiago, Chile",Faculty of Engineering,Facultad de Ingeniería,True,True,alta
2-s2.0-105012781743,2025,1,1,Figueroa-Bustos A.,figueroa bustos a,figueroabustos,"Universidad Finis Terrae, Santiago, Chile",,No determinada,True,True,alta
2-s2.0-85195414523,2024,1,2,Hartmann D.,hartmann d,hartmann,"Faculty of Medicine, Universidad Finis Terrae, Santiago, Chile, Centro Internacional de Estudios Clínicos (CIEC), Probity Medical Research, Santiago, Chile",Faculty of Medicine,Facultad de Medicina y Salud,True,True,alta
2-s2.0-105009721590,2025,1,9,Montalva-Valenzuela F.,montalva valenzuela f,montalvavalenzuela,"Laboratorio de Fisiología del Ejercicio y Metabolismo (LABFEM), Escuela de Kinesiología, Facultad de Medicina, Universidad Finis Terrae, Santiago, 7501015, Chile, Instituto Nacional del Fútbol, Deporte y Actividad, INAF, Peñalolén, 7930013, Chile",Facultad de Medicina,Facultad de Medicina y Salud,True,True,alta
2-s2.0-105013179657,2025,1,3,Sanchez-Duque C.G.,sanchez duque cg,sanchezduque,"Facultad de Educación, Psicología y Familia, Universidad Finis Terrae, Santiago, Chile",Facultad de Educación,Facultad de Educación y Ciencias Sociales,True,True,alta
2-s2.0-85198050650,2024,4,5,Marín G.J.,marin gj,maringj,"Departamento de Biología, Facultad de Ciencias, Universidad de Chile, Santiago, Chile, Facultad de Medicina, Universidad Finis Terrae, Santiago, Chile",Facultad de Medicina,Facultad de Medicina y Salud,True,True,alta
2-s2.0-85215792761,2025,1,4,Bustos-Arriagada E.,bustos arriagada e,bustosarriagada,"Faculty of Medicine, Nutrition and Dietetics School, Universidad Finis Terrae, Pedro de Valdivia 1509, Santiago, Providencia, 7501015, Chile",Faculty of Medicine,Facultad de Medicina y Salud,True,True,alta
2-s2.0-85215792761,2025,2,4,Vásquez F.,vasquez f,vasquez,"Faculty of Medicine, Nutrition and Dietetics School, Universidad Finis Terrae, Pedro de Valdivia 1509, Santiago, Providencia, 7501015, Chile",Faculty of Medicine,Facultad de Medicina y Salud,True,True,alta
2-s2.0-85215792761,2025,3,4,Etchegaray-Armijo K.,etchegaray armijo k,etchegarayarmijo,"Faculty of Medicine, Nutrition and Dietetics School, Universidad Finis Terrae, Pedro de Valdivia 1509, Santiago, Providencia, 7501015, Chile",Faculty of Medicine,Facultad de Medicina y Salud,True,True,alta
2-s2.0-85215792761,2025,4,4,López-Arana S.,lopez arana s,lopezarana,"Faculty of Medicine, Nutrition and Dietetics School, Universidad Finis Terrae, Pedro de Valdivia 1509, Santiago, Providencia, 7501015, Chile",Faculty of Medicine,Facultad de Medicina y Salud,True,True,alta
2-s2.0-105008048845,2025,6,18,Avilès Dorlhiac R.,aviles dorlhiac r,avilesdorlhiac,"Universidad Finis-Terrae, Hospital Dr. Luis-Valentìn-Ferrada, Maipù, Chile",,No determinada,True,True,alta
2-s2.0-85205237878,2024,1,2,Torres K.O.,torres ko,torresko,"Instituto de Bioética, Facultad de Medicina, Universidad Finis Terrae, Santiago, Chile",Facultad de Medicina,Facultad de Medicina y Salud,True,True,alta
2-s2.0-85184790914,2024,5,5,Farsani D.,farsani d,farsani,"Facultad de Educación, Psicología y Familia, Universidad Finis Terrae, Santiago, Chile",Facultad de Educación,Facultad de Educación y Ciencias Sociales,True,True,alta
2-s2.0-85197110778,2024,5,10,Orellana-Donoso M.,orellana donoso m,orellanadonoso,"Escuela de Medicina, Universidad Finis Terrae, Santiago, 7501015, Chile, Department of Morphological Sciences, Faculty of Medicine and Science, Universidad San Sebastián, Santiago, 8420524, Chile",Escuela de Medicina,Facultad de Medicina y Salud,True,True,alta
2-s2.0-85193712105,2024,9,10,Mujika I.,mujika i,mujika,"Department of Physiology, Faculty of Medicine and Nursing, University of the Basque Country, Leioa, Spain, Exercise Science Laboratory, School of Kinesiology, Faculty of Medicine, Universidad Finis Terrae, Santiago, Chile",Faculty of Medicine,Facultad de Medicina y Salud,True,True,alta
2-s2.0-85147288447,2024,4,5,Martínez M.,martinez m,martinez,"Hospital del Salvador, Servicio de Salud Metropolitano Oriente, Santiago de, Chile, Escuela de Medicina, Universidad Finis Terrae, Santiago, Chile",Escuela de Medicina,Facultad de Medicina y Salud,True,True,alta
2-s2.0-85182507728,2024,2,3,Mariotti-Celis M.S.,mariotti celis ms,mariotticelis,"Nutrition and Dietetic School, Faculty of Medicine, Universidad Finis Terrae, Pedro de Valdivia 1509, Santiago, 7501015, Chile",Faculty of Medicine,Facultad de Medicina y Salud,True,True,alta
2-s2.0-105021417953,2025,7,15,Orellana-Donoso M.,orellana donoso m,orellanadonoso,"Escuela de Medicina, Universidad Finis Terrae, Santiago, 7501015, Chile, Department of Morphological Sciences, Faculty of Medicine and Science, Universidad San Sebastián, Santiago, 8420524, Chile",Escuela de Medicina,Facultad de Medicina y Salud,True,True,alta
2-s2.0-85203525781,2024,2,3,Allende-Valenzuela T.,allende valenzuela t,allendevalenzuela,"Universidad San Sebastián, Facultad de Odontología y Ciencias de la Rehabilitación, Carrera de Fonoaudiología, Santiago, Chile, Universidad Finis Terrae, Facultad de Educación, Psicología y Familia, Santiago, Chile","Facultad de Educación, Psicología y Familia",Facultad de Educación y Ciencias Sociales,True,True,alta
2-s2.0-85208575143,2024,1,4,Mayo B.,mayo b,mayo,"Nutrition and Dietetic School, Universidad Finis Terrae, Santiago, 7501014, Chile",,No determinada,True,True,alta
2-s2.0-85208575143,2024,2,4,Penroz S.,penroz s,penroz,"Nutrition and Dietetic School, Universidad Finis Terrae, Santiago, 7501014, Chile",,No determinada,True,True,alta
2-s2.0-85208575143,2024,3,4,Torres K.,torres k,torres,"Nutrition and Dietetic School, Universidad Finis Terrae, Santiago, 7501014, Chile",,No determinada,True,True,alta
2-s2.0-85208575143,2024,4,4,Simón L.,simon l,simon,"Nutrition and Dietetic School, Universidad Finis Terrae, Santiago, 7501014, Chile",,No determinada,True,True,alta
2-s2.0-105011376001,2025,1,1,Díaz F.,diaz f,diaz,"Unidad de Paciente Crítico Pediátrico, Hospital El Carmen de Maipú, Santiago, Chile, Unidad de Investigación y Epidemiología Clínica, Facultad de Medicina, Universidad Finis Terrae, Santiago, Chile, LaRED Network, Chile",Facultad de Medicina,Facultad de Medicina y Salud,True,True,alta
2-s2.0-105036358278,2025,1,1,Andrade Kobayashi M.,andrade kobayashi m,andradekobayashi,"Universidad Finis Terrae, Chile, Facultad de Artes, Universidad Finis Terrae, Chile",,No determinada,True,True,alta
2-s2.0-105025709994,2025,7,9,Coloma C.R.-T.,coloma cr t,colomacr,"Department of Economics, Universidad Finis Terrae, Santiago, Chile",,No determinada,True,True,alta
2-s2.0-85209407253,2024,3,4,Nazer M.I.,nazer mi,nazermi,"Universidad Finis Terrae, Escuela de Medicina, Av Pedro de Valdivia 1509, Chile",,No determinada,True,True,alta
2-s2.0-85217899276,2025,1,1,Hernández L.T.,hernandez lt,hernandezlt,"Universidad Finis Terrae, Av. Pedro de Valdivia 1509, Santiago, Chile",,No determinada,True,True,alta
2-s2.0-105011861852,2025,8,9,Paredes R.,paredes r,paredes,"Facultad de Ingeniería, Universidad Finis Terrae, Providencia, 7501014, Chile",Facultad de Ingeniería,Facultad de Ingeniería,True,True,alta
2-s2.0-85198626239,2024,2,6,Ortiz-Orellana G.,ortiz orellana g,ortizorellana,"Faculty of Medicine, Universidad Finis Terrae, Santiago, Chile",Faculty of Medicine,Facultad de Medicina y Salud,True,True,alta
2-s2.0-85198626239,2024,3,6,Valderrama Y.,valderrama y,valderrama,"Faculty of Medicine, Universidad Finis Terrae, Santiago, Chile",Faculty of Medicine,Facultad de Medicina y Salud,True,True,alta
2-s2.0-105024529012,2025,1,4,Zamorano S.,zamorano s,zamorano,"Observatorio en Salud Pública Oral, Facultad de Odontología, Universidad Finís Terrae, Santiago, Chile",Facultad de Odontología,Facultad de Odontología,True,True,alta
2-s2.0-105024529012,2025,2,4,Caro J.C.,caro jc,carojc,"Observatorio en Salud Pública Oral, Facultad de Odontología, Universidad Finís Terrae, Santiago, Chile",Facultad de Odontología,Facultad de Odontología,True,True,alta
2-s2.0-105024529012,2025,3,4,Ponce N.,ponce n,ponce,"Salud Pública, Facultad de Odontología, Universidad Finís Terrae, Santiago, Chile, CESFAM Haydee López, Municipalidad de El Bosque, Santiago, Chile",Facultad de Odontología,Facultad de Odontología,True,True,alta
2-s2.0-105024529012,2025,4,4,Moya P.,moya p,moya,"Salud Pública, Facultad de Odontología, Universidad Finís Terrae, Santiago, Chile",Facultad de Odontología,Facultad de Odontología,True,True,alta
2-s2.0-85219507393,2025,1,5,Santibáñez D.,santibanez d,santibanez,"Centro de Investigación en Psicología, Educación y Familia CIPEF, Facultad de Educación, Psicología y Familia, Universidad Finis Terrae, Santiago, Chile",Facultad de Educación,Facultad de Educación y Ciencias Sociales,True,True,alta
2-s2.0-85219507393,2025,4,5,Salas N.,salas n,salas,"Centro de Investigación en Psicología, Educación y Familia CIPEF, Facultad de Educación, Psicología y Familia, Universidad Finis Terrae, Santiago, Chile",Facultad de Educación,Facultad de Educación y Ciencias Sociales,True,True,alta
2-s2.0-85185865636,2024,9,10,Orellana Donoso M.,orellana donoso m,orellanadonoso,"Escuela de Medicina, Universidad Finis Terrae, Santiago, Chile, Departamento de Ciencias y Geografía, Facultad de Ciencias Naturales y Exactas, Universidad de Playa Ancha, Valparaíso, 2360072, Chile",Escuela de Medicina,Facultad de Medicina y Salud,True,True,alta
2-s2.0-105010312297,2025,1,2,Zañartu T.V.,zanartu tv,zanartutv,"Pontificia Universidad Católica de Valparaíso., Profesor de Derecho Administrativo, Universidad Finis Terrae. Dirección postal, Pedro de Valdivia 1509, Providencia, Santiago, Chile",,No determinada,True,True,alta
2-s2.0-105003198608,2025,3,3,Rodríguez M.F.,rodriguez mf,rodriguezmf,"Facultad de Educación, Psicología y Familia, Universidad Finis Terrae, Avenida Pedro de Valdivia 1509, Santiago, Chile",Facultad de Educación,Facultad de Educación y Ciencias Sociales,True,True,alta
2-s2.0-105005943336,2025,5,18,De la fuente López M.,de la fuente lopez m,dela,"Center for Biomedical Research (CIBMED), School of Medicine, Universidad Finis Terrae, Santiago, 7501014, Chile",School of Medicine,Facultad de Medicina y Salud,True,True,alta
2-s2.0-105005943336,2025,9,18,Landskron G.,landskron g,landskron,"Center for Biomedical Research (CIBMED), School of Medicine, Universidad Finis Terrae, Santiago, 7501014, Chile",School of Medicine,Facultad de Medicina y Salud,True,True,alta
2-s2.0-105025746138,2025,5,7,Gubbins V.,gubbins v,gubbins,"Faculty of Education, Psychology and Family, Center for Psychology, Education and Family Research, Universidad Finis Terrae, Santiago, 7501015, Chile",Faculty of Education,Facultad de Educación y Ciencias Sociales,True,True,alta
2-s2.0-85189448734,2024,8,8,Mariotti-Celis M.S.,mariotti celis ms,mariotticelis,"Escuela de Nutrición y Dietética, Facultad de Medicina, Universidad Finis Terrae, Santiago, 7501015, Chile",Facultad de Medicina,Facultad de Medicina y Salud,True,True,alta
2-s2.0-105038642980,2025,1,1,Bustos-Muñoz D.,bustos munoz d,bustosmunoz,"Universidad Finis Terrae, Chile",,No determinada,True,True,alta
2-s2.0-85191878500,2024,5,10,María José H.,maria jose h,mariajose,"Plastic Surgery Resident Finis Terrae University, Chile",,No determinada,True,True,alta
2-s2.0-105013085189,2025,1,2,Núñez-Lisboa M.,nunez lisboa m,nunezlisboa,"Laboratory of Biomechanics and Physiology of Locomotion, Institute of NeuroScience, Université Catholique de Louvain, Louvain-la-Neuve, Belgium, Exercise Science Laboratory, School of Kinesiology, Faculty of Medicine, Universidad Finis Terrae, Santiago, Chile",Faculty of Medicine,Facultad de Medicina y Salud,True,True,alta
2-s2.0-86000772886,2025,1,6,Maldonado J D.,maldonado j d,maldonado,"Plastic and Reconstructive Surgery Residency Program, Universidad Finis Terrae, Av. Pedro de Valdivia 1509, Región Metropolitana, Providencia, Chile",,No determinada,True,True,alta
2-s2.0-86000772886,2025,2,6,Arriagada I C.,arriagada i c,arriagada,"Plastic and Reconstructive Surgery Residency Program, Universidad Finis Terrae, Av. Pedro de Valdivia 1509, Región Metropolitana, Providencia, Chile",,No determinada,True,True,alta
2-s2.0-86000772886,2025,3,6,Conejero R A.,conejero r a,conejero,"Plastic and Reconstructive Surgery Residency Program, Universidad Finis Terrae, Av. Pedro de Valdivia 1509, Región Metropolitana, Providencia, Chile",,No determinada,True,True,alta
2-s2.0-86000772886,2025,4,6,Covarrubias C P.,covarrubias c p,covarrubias,"Plastic and Reconstructive Surgery Residency Program, Universidad Finis Terrae, Av. Pedro de Valdivia 1509, Región Metropolitana, Providencia, Chile",,No determinada,True,True,alta
2-s2.0-86000772886,2025,5,6,Doña V J.,dona v j,dona,"Plastic and Reconstructive Surgery Residency Program, Universidad Finis Terrae, Av. Pedro de Valdivia 1509, Región Metropolitana, Providencia, Chile",,No determinada,True,True,alta
2-s2.0-86000772886,2025,6,6,Hurtado D M.J.,hurtado d mj,hurtadomj,"Plastic and Reconstructive Surgery Residency Program, Universidad Finis Terrae, Av. Pedro de Valdivia 1509, Región Metropolitana, Providencia, Chile",,No determinada,True,True,alta
2-s2.0-85195467867,2024,1,2,Contreras Valeria C.,contreras valeria c,contrerasvaleria,"Facultad de Medicina, Universidad Finis Terrae, Santiago, Chile, Escuela de Enfermería, Universidad de Santiago de Chile, Santiago, Chile",Facultad de Medicina,Facultad de Medicina y Salud,True,True,alta
2-s2.0-85195467867,2024,2,2,Williams Oyarce C.,williams oyarce c,williamsoyarce,"Centro de Investigación en Educación Médica y Ciencias de la Salud, Universidad Finis Terrae, Santiago, Chile",,No determinada,True,True,alta
2-s2.0-105017155084,2025,7,14,Orellana-Donoso M.,orellana donoso m,orellanadonoso,"Escuela de Medicina, Universidad Finis Terrae, Santiago, 7501015, Chile, Faculty of Medicine and Science, Universidad San Sebastián, Santiago, 8420524, Chile",Escuela de Medicina,Facultad de Medicina y Salud,True,True,alta
2-s2.0-85210151018,2024,6,16,Landskron G.,landskron g,landskron,"Center for Biomedical Research, CIBMED, Faculty of Medicine, Universidad Finis Terrae, Santiago, Chile",Faculty of Medicine,Facultad de Medicina y Salud,True,True,alta
2-s2.0-85210151018,2024,7,16,Dominguez A.,dominguez a,dominguez,"Center for Biomedical Research, CIBMED, Faculty of Medicine, Universidad Finis Terrae, Santiago, Chile",Faculty of Medicine,Facultad de Medicina y Salud,True,True,alta
2-s2.0-105016743911,2025,1,2,Cisternas-Zamora L.A.,cisternas zamora la,cisternaszamora,"Universidad Finis Terrae, Chile",,No determinada,True,True,alta
2-s2.0-105016743911,2025,2,2,Almendras-Chacana R.A.,almendras chacana ra,almendraschacana,"Universidad Finis Terrae, Chile",,No determinada,True,True,alta
2-s2.0-105028560286,2025,1,1,Casals M.,casals m,casals,"Universidad Finis Terrae, Chile",,No determinada,True,True,alta
2-s2.0-85206031070,2024,1,6,Núnez-Lisboa M.,nunez lisboa m,nunezlisboa,"Laboratory of Biomechanics and Physiology of Locomotion, Institute of NeuroScience, Université Catholique de Louvain, Louvain-la-Neuve, 1348, Belgium, Exercise Science Laboratory, School of Kinesiology, Faculty of Medicine, Universidad Finis Terrae, Santiago, 7501014, Chile",Faculty of Medicine,Facultad de Medicina y Salud,True,True,alta
2-s2.0-85206031070,2024,2,6,Echeverría K.,echeverria k,echeverria,"Exercise Science Laboratory, School of Kinesiology, Faculty of Medicine, Universidad Finis Terrae, Santiago, 7501014, Chile",Faculty of Medicine,Facultad de Medicina y Salud,True,True,alta
2-s2.0-85215782826,2025,1,5,Hidalgo M.,hidalgo m,hidalgo,"Facultad de Ingeniería, Universidad Finis Terrae, Providencia, 7501014, Chile, Departamento de Informática, Universidad Técnica Federico Santa María, Valparaíso, 2390123, Chile",Facultad de Ingeniería,Facultad de Ingeniería,True,True,alta
2-s2.0-85215782826,2025,2,5,Yanine F.,yanine f,yanine,"Facultad de Ingeniería, Universidad Finis Terrae, Providencia, 7501014, Chile",Facultad de Ingeniería,Facultad de Ingeniería,True,True,alta
2-s2.0-85215782826,2025,3,5,Paredes R.,paredes r,paredes,"Facultad de Ingeniería, Universidad Finis Terrae, Providencia, 7501014, Chile",Facultad de Ingeniería,Facultad de Ingeniería,True,True,alta
2-s2.0-85192014123,2024,2,8,Hidalgo-Rosa Y.,hidalgo rosa y,hidalgorosa,"Departamento de Química Inorgánica, Facultad de Química y Farmacia, CIEN-UC, Centro de Energía UC, Pontificia Universidad Católica de Chile, Santiago, 8320000, Chile, Facultad de Ingeniería, Universidad Finis Terrae, Av. Pedro de Valdivia 1509, Santiago, 7500000, Chile",Facultad de Ingeniería,Facultad de Ingeniería,True,True,alta
2-s2.0-85180248342,2024,3,6,Farsani D.,farsani d,farsani,"Facultad de Educación, Psicología y Familia, Universidad Finis Terrae, Santiago, Chile",Facultad de Educación,Facultad de Educación y Ciencias Sociales,True,True,alta
2-s2.0-105001380214,2025,2,8,Vasquez F.,vasquez f,vasquez,"School of Nutrition and Dietetic, Finis Terrae University, Santiago, 7501014, Chile",School of Nutrition and Dietetic,School of Nutrition and Dietetic,True,True,alta
2-s2.0-85189080106,2024,3,7,Lucero-Mora J.,lucero mora j,luceromora,"Laboratory of Periodontal Biology, Faculty of Dentistry, Universidad de Chile, Santiago, 8330015, Chile, Laboratory of Oral Biology, Dentistry Faculty, Universidad Finis Terrae, Santiago, 7501015, Chile",,No determinada,True,True,alta
2-s2.0-85216908541,2025,3,7,Strauss F.J.,strauss fj,straussfj,"Department of Reconstructive Dentistry, University of Zurich, Zurich, Switzerland, Faculty of Dentistry, Universidad Finis Terrae, Santiago, Chile",Faculty of Dentistry,Facultad de Odontología,True,True,alta
2-s2.0-85215558913,2025,5,6,Hartmann D.,hartmann d,hartmann,"Faculty of Medicine, Universidad Finis Terrae, Santiago, Chile",Faculty of Medicine,Facultad de Medicina y Salud,True,True,alta
2-s2.0-105019925203,2025,11,13,Solar P.,solar p,solar,"Universidad Finis Terrae, Avenida Pedro de Valdivia 1509, Santiago Región Metropolitana, Chile",,No determinada,True,True,alta
2-s2.0-85202564711,2024,4,10,Henriquez-Olguín C.,henriquez olguin c,henriquezolguin,"The August Krogh Section for Molecular Physiology, Department of Nutrition, Exercise and Sports, Faculty of Science, University of Copenhagen, Copenhagen, 2100, Denmark, Exercise Science Laboratory, Faculty of Medicine, Universidad Finis Terrae, Santiago, 7501015, Chile",Faculty of Medicine,Facultad de Medicina y Salud,True,True,alta
2-s2.0-105002338312,2025,1,4,Olive F.,olive f,olive,"Critical Care Department, Clinica Las Condes Hospital, Santiago, Chile, Critical Care Department, Finis Terrae University, Santiago, Chile",,No determinada,True,True,alta
2-s2.0-105002338312,2025,2,4,Sanhueza M.B.,sanhueza mb,sanhuezamb,"Critical Care Department, Clinica Las Condes Hospital, Santiago, Chile, Critical Care Department, Finis Terrae University, Santiago, Chile",,No determinada,True,True,alta
2-s2.0-105002338312,2025,3,4,Giglio A.,giglio a,giglio,"Critical Care Department, Clinica Las Condes Hospital, Santiago, Chile, Critical Care Department, Finis Terrae University, Santiago, Chile",,No determinada,True,True,alta
2-s2.0-105002338312,2025,4,4,Ferre A.,ferre a,ferre,"Critical Care Department, Clinica Las Condes Hospital, Santiago, Chile, Critical Care Department, Finis Terrae University, Santiago, Chile",,No determinada,True,True,alta
2-s2.0-85169302917,2024,2,10,Dreyse J.,dreyse j,dreyse,"Centro de Enfermedades Respiratorias, Clínica Las Condes, Universidad Finis Terrae, Santiago, Chile",,No determinada,True,True,alta
2-s2.0-85169302917,2024,3,10,Jorquera J.,jorquera j,jorquera,"Centro de Enfermedades Respiratorias, Clínica Las Condes, Universidad Finis Terrae, Santiago, Chile",,No determinada,True,True,alta
2-s2.0-85169302917,2024,8,10,Salas C.,salas c,salas,"Centro de Enfermedades Respiratorias, Clínica Las Condes, Universidad Finis Terrae, Santiago, Chile",,No determinada,True,True,alta
2-s2.0-85206696642,2024,11,12,Mujika I.,mujika i,mujika,"Department of Physiology, Faculty of Medicine and Nursing, University of the Basque Country, Basque Country, Leioa, Spain, Exercise Science Laboratory, School of Kinesiology, Faculty of Medicine, Universidad Finis Terrae, Santiago, Chile",Faculty of Medicine,Facultad de Medicina y Salud,True,True,alta
2-s2.0-105022178795,2025,1,4,Mujika I.,mujika i,mujika,"Department of Physiology, Faculty of Medicine and Nursing, University of the Basque Country UPV/EHU, Basque Country, Leioa, Spain, Exercise Science Laboratory, School of Kinesiology, Faculty of Medicine, Universidad Finis Terrae, Santiago, Chile",Faculty of Medicine,Facultad de Medicina y Salud,True,True,alta
2-s2.0-85212276677,2024,1,3,Rivas Orrego J.,rivas orrego j,rivasorrego,"Universidad Finis Terrae, Chile",,No determinada,True,True,alta
2-s2.0-85212276677,2024,2,3,Moena Benítez M.F.,moena benitez mf,moenabenitez,"Universidad Finis Terrae, Chile",,No determinada,True,True,alta
2-s2.0-85212276677,2024,3,3,Crisóstomo Flores P.,crisostomo flores p,crisostomoflores,"Universidad Finis Terrae, Chile",,No determinada,True,True,alta
2-s2.0-85194896543,2024,2,4,Gómez G.,gomez g,gomez,"Medical School, Finis Terrae University, Santiago, Chile",,No determinada,True,True,alta
2-s2.0-85194896543,2024,4,4,Soto M.,soto m,soto,"Center for Research in Medical Education and Health Sciences, Faculty of Medicine, Finis Terrae University, Santiago, Chile",Faculty of Medicine,Facultad de Medicina y Salud,True,True,alta
2-s2.0-105000547419,2025,1,5,Benites M.H.,benites mh,benitesmh,"Unidad de Pacientes Críticos, Clínica Las Condes, Santiago, Chile, Facultad de Medicina, Escuela de Medicina, Universidad Finis Terrae, Santiago, Chile, Doctorado en Ciencias Médicas, Escuela de Medicina, Pontificia Universidad Católica de Chile, Santiago, Chile, Departamento de Medicina Intensiva, ",Escuela de Medicina,Facultad de Medicina y Salud,True,True,alta
2-s2.0-105010226179,2025,4,6,Jiménez A.G.,jimenez ag,jimenezag,"Programa de Medicina Intensiva, Centro de Paciente Crítico, Universidad Finis Terrae, Santiago de Chile, Clínica Las Condes, Santiago, Chile",,No determinada,True,True,alta
2-s2.0-85215378071,2025,3,4,Allende-Valenzuela T.,allende valenzuela t,allendevalenzuela,"Carrera de Fonoaudiología, Facultad de Odontología y Ciencias de la Rehabilitación, Universidad San Sebastián, Santiago, Chile, Centro de Investigación en Psicología, Educación y Familia, Universidad Finis Terrae, Chile",,No determinada,True,True,alta
2-s2.0-85183446128,2024,2,6,Strauss F.J.,strauss fj,straussfj,"Clinic of Reconstructive Dentistry, University of Zurich, Zurich, Switzerland, Faculty of Dentistry, Universidad Finis Terrae, Santiago, Chile",Faculty of Dentistry,Facultad de Odontología,True,True,alta
2-s2.0-85215072903,2025,1,4,Giglio Jimenez A.,giglio jimenez a,gigliojimenez,"Critical Care Department, Finis Terrae University, Faculty of Medicine, Santiago, Chile, Critical Care Department, Clinica Las Condes Hospital, Santiago, Chile",,No determinada,True,True,alta
2-s2.0-85215072903,2025,2,4,Dreyse J.,dreyse j,dreyse,"Critical Care Department, Finis Terrae University, Faculty of Medicine, Santiago, Chile, Critical Care Department, Clinica Las Condes Hospital, Santiago, Chile",,No determinada,True,True,alta
2-s2.0-85215072903,2025,4,4,Ferre A.,ferre a,ferre,"Critical Care Department, Finis Terrae University, Faculty of Medicine, Santiago, Chile, Critical Care Department, Clinica Las Condes Hospital, Santiago, Chile",,No determinada,True,True,alta
2-s2.0-85210247504,2025,2,2,Hidalgo M.,hidalgo m,hidalgo,"Universidad Técnica Federico Santa María, Valparaíso, Chile, FDI - Universidad Finis Terrae, Santiago, Chile",,No determinada,True,True,alta
2-s2.0-85190421197,2025,9,7,and Senior Lecturer,and senior lecturer,andsenior,"Faculty of Dentistry, Universidad Finis Terrae, Santiago, Chile",Faculty of Dentistry,Facultad de Odontología,True,True,alta
2-s2.0-85211778873,2024,10,13,Orellana-Donoso M.,orellana donoso m,orellanadonoso,"Escuela de Medicina, Universidad Finis Terrae, Santiago, 7501015, Chile, Department of Morphological Sciences, Faculty of Medicine and Science, Universidad San Sebastián, Santiago, 8420524, Chile",Escuela de Medicina,Facultad de Medicina y Salud,True,True,alta
2-s2.0-85209230270,2024,4,35,Henriquez-Olguín C.,henriquez olguin c,henriquezolguin,"Department of Nutrition, Exercise and Sports, Faculty of Science, University of Copenhagen, Copenhagen, Denmark, Exercise Science Laboratory, Faculty of Medicine, Universidad Finis Terrae, Av. Pedro de Valdivia 1509, Santiago, Chile",Faculty of Medicine,Facultad de Medicina y Salud,True,True,alta
2-s2.0-105015052328,2025,2,3,Esis Villarroel I.S.,esis villarroel is,esisvillarroel,"Facultad de Derecho, Universidad Finis Terrae, Santiago, Chile",Facultad de Derecho,Facultad de Derecho,True,True,alta
2-s2.0-105009800568,2025,1,2,Loyola M.T.,loyola mt,loyolamt,"Escuela de Historia, Universidad Finis Terrae, Santiago, Chile",Escuela de Historia,Facultad de Humanidades y Comunicaciones,True,True,alta
2-s2.0-85204901781,2024,1,1,López A.L.,lopez al,lopezal,"Departamento de Derecho Penal, Universidad Finis Terrae, Chile",,No determinada,True,True,alta
2-s2.0-85218051245,2025,2,3,Hidalgo M.,hidalgo m,hidalgo,"Universidad Finis Terrae, Santiago, Chile",,No determinada,True,True,alta
2-s2.0-105013349857,2025,1,1,Letelier Widow G.,letelier widow g,letelierwidow,"Universidad Finis Terrae, Chile",,No determinada,True,True,alta
2-s2.0-85207478741,2024,2,3,de la Cruz P.S.,de la cruz ps,dela,"Universidad Finis Terrae, Chile",,No determinada,True,True,alta
2-s2.0-85207478741,2024,3,3,López Y.M.,lopez ym,lopezym,"Universidad Finis Terrae, Chile",,No determinada,True,True,alta
2-s2.0-105003571817,2025,1,7,Arroyo A.,arroyo a,arroyo,"Facultad de Medicina, Universidad Finis Terrae, Santiago, Chile, Unidad de Cuidados Críticos Coronarios, Clínica Santa María, Santiago, Chile",Facultad de Medicina,Facultad de Medicina y Salud,True,True,alta
2-s2.0-105003571817,2025,2,7,Zamorano A.,zamorano a,zamorano,"Facultad de Medicina, Universidad Finis Terrae, Santiago, Chile, Unidad de Cuidados Críticos Coronarios, Clínica Santa María, Santiago, Chile",Facultad de Medicina,Facultad de Medicina y Salud,True,True,alta
2-s2.0-105018093154,2025,1,4,Jeria-Espinoza V.,jeria espinoza v,jeriaespinoza,"Center for Exercise Physiology and Metabolism, Department of Kinesiology, Faculty of Medicine, Universidad Finis Terrae, Santiago, Chile",Faculty of Medicine,Facultad de Medicina y Salud,True,True,alta
2-s2.0-105018093154,2025,2,4,Henriquez-Olguin C.,henriquez olguin c,henriquezolguin,"Center for Exercise Physiology and Metabolism, Department of Kinesiology, Faculty of Medicine, Universidad Finis Terrae, Santiago, Chile",Faculty of Medicine,Facultad de Medicina y Salud,True,True,alta
2-s2.0-105034527029,2025,1,3,Undurraga R.,undurraga r,undurraga,"Universidad Finis Terrae, Spain",,No determinada,True,True,alta
2-s2.0-105034527029,2025,2,3,Montalva J.T.,montalva jt,montalvajt,"Universidad Finis Terrae, Spain",,No determinada,True,True,alta
2-s2.0-105034527029,2025,3,3,Barrera E.G.,barrera eg,barreraeg,"Universidad Finis Terrae, Spain",,No determinada,True,True,alta
2-s2.0-105000057258,2025,1,6,Balboa E.,balboa e,balboa,"Center for Biomedical Research, School of Medicine, Faculty of Medicine, Universidad Finis Terrae, Santiago, Chile",Faculty of Medicine,Facultad de Medicina y Salud,True,True,alta
2-s2.0-85208935712,2025,2,3,Pastén-Henríquez B.,pasten henriquez b,pastenhenriquez,"Facultad de Economía y Negocios, Universidad Finis Terrae, Chile",Facultad de Economía y Negocios,Facultad de Economía y Negocios,True,True,alta
2-s2.0-105009809377,2025,1,1,Reccius-Meza A.,reccius meza a,recciusmeza,"Centro de Paciente Crítico, Departamento de Neurología, Clínica Las Condes, Santiago, Chile, Departamento de Neurología, Clínica Las Condes, Santiago, Chile, Facultad de Medicina, Universidad Finis Terrae, Santiago, Chile",Facultad de Medicina,Facultad de Medicina y Salud,True,True,alta
2-s2.0-85207676879,2024,6,10,Orellana-Donoso M.I.,orellana donoso mi,orellanadonoso,"Escuela de Medicina, Universidad Finis Terrae, Santiago, 7501015, Chile, Department of Morphological Sciences, Faculty of Medicine and Science, Universidad San Sebastián, Santiago, 7510157, Chile",Escuela de Medicina,Facultad de Medicina y Salud,True,True,alta
2-s2.0-85185860056,2024,3,8,Perez-Jiménez D.,perez jimenez d,perezjimenez,"Department of Morphology and Function, Faculty of Health, University of the Americas Santiago, Chile, Escuela de Medicina, Universidad Finis Terrae, Santiago, Chile",Escuela de Medicina,Facultad de Medicina y Salud,True,True,alta
2-s2.0-105029840294,2025,3,5,Hidalgo M.,hidalgo m,hidalgo,"Universidad Finis Terrae, Providencia, Chile",,No determinada,True,True,alta
2-s2.0-85211925904,2025,1,7,Diaz-Pizarro M.,diaz pizarro m,diazpizarro,"Exercise Physiology and Metabolism Laboratory, School of Kinesiology, Finis Terrae University, Santiago, Chile",School of Kinesiology,Escuela de Kinesiología,True,True,alta
2-s2.0-85211925904,2025,2,7,Pino-Zúñiga J.,pino zuniga j,pinozuniga,"Exercise Physiology and Metabolism Laboratory, School of Kinesiology, Finis Terrae University, Santiago, Chile, Bariatric Center BIO, Santiago, Chile",School of Kinesiology,Escuela de Kinesiología,True,True,alta
2-s2.0-85211925904,2025,7,7,Cancino-López J.,cancino lopez j,cancinolopez,"Exercise Physiology and Metabolism Laboratory, School of Kinesiology, Finis Terrae University, Santiago, Chile",School of Kinesiology,Escuela de Kinesiología,True,True,alta
2-s2.0-85214533457,2025,2,11,Ayares G.,ayares g,ayares,"Departamento de Gastroenterología, Escuela de Medicina, Pontificia Universidad Católica de Chile, Santiago, Chile, Universidad Finis Terrae, Escuela de Medicina, Facultad de Medicina, Universidad Fines Terrae, Santiago, Chile",,No determinada,True,True,alta
2-s2.0-85217797698,2025,7,7,Cancino-Lopez J.,cancino lopez j,cancinolopez,"Exercise Physiology and Metabolism Laboratory, School of Kinesiology, Faculty of Medicine, Finis Terrae University, Santiago, Chile, NFT Center, Santiago, Chile",Faculty of Medicine,Facultad de Medicina y Salud,True,True,alta
2-s2.0-105014832499,2025,1,3,Rojas Gonzaga T.,rojas gonzaga t,rojasgonzaga,"Department of Orthopaedics and Traumatology, Universidad Finis Terrae, Santiago, Chile",,No determinada,True,True,alta
2-s2.0-85203633929,2024,1,2,Chacana R.A.,chacana ra,chacanara,"Pontificia Universidad Católica de Chile, Chile, Universidad Finis Terrae, Chile, Universidad de Santiago de Chile, Chile",,No determinada,True,True,alta
2-s2.0-105022754408,2025,2,2,Valdés C.Á.,valdes ca,valdesca,"Universidad Finis Terrae, Chile",,No determinada,True,True,alta
2-s2.0-85191944493,2024,1,5,Bassa J.C.,bassa jc,bassajc,"Hospital La Florida, Froilan Roa 6542, La Florida, Santiago, 8242238, CEP, Chile, Universidad Finis Terrae, Av. Pedro de Valdivia 1509, Providencia, Santiago, 7501015, CEP, Chile",,No determinada,True,True,alta
2-s2.0-85191944493,2024,4,5,Aroca Siré P.,aroca sire p,arocasire,"Hospital La Florida, Froilan Roa 6542, La Florida, Santiago, 8242238, CEP, Chile, Universidad Finis Terrae, Av. Pedro de Valdivia 1509, Providencia, Santiago, 7501015, CEP, Chile",,No determinada,True,True,alta
2-s2.0-85191944493,2024,5,5,Muñoz Fuentes C.,munoz fuentes c,munozfuentes,"Universidad Finis Terrae, Av. Pedro de Valdivia 1509, Providencia, Santiago, 7501015, CEP, Chile",,No determinada,True,True,alta
2-s2.0-105012780820,2025,1,2,Mujika I.,mujika i,mujika,"Department of Physiology, Faculty of Medicine and Nursing, University of the Basque Country, Leioa, Spain, Exercise Science Laboratory, School of Kinesiology, Faculty of Medicine, Universidad Finis Terrae, Santiago, Chile",Faculty of Medicine,Facultad de Medicina y Salud,True,True,alta
2-s2.0-105005102289,2025,2,3,López-Arana S.,lopez arana s,lopezarana,"Universidad Nacional de Colombia, Colombia, Universidad Finis Terrae, Universidad de Chile, Chile",,No determinada,True,True,alta
2-s2.0-85217892204,2025,1,2,Zárate A.,zarate a,zarate,"Departamento de Cirugía, Universidad Finis Terrae, Santiago, Chile, Unidad de Coloproctología, Departamento de Cirugía Adultos, Clínica Las Condes, Santiago, Chile",,No determinada,True,True,alta
2-s2.0-85217892204,2025,2,2,Triat M.T.,triat mt,triatmt,"Departamento de Cirugía, Universidad Finis Terrae, Santiago, Chile",,No determinada,True,True,alta
2-s2.0-105012222866,2025,3,5,Gutierrez M.,gutierrez m,gutierrez,"Department of Pediatrics, Finis Terrae University, Santiago, Chile",,No determinada,True,True,alta
2-s2.0-105011212960,2025,1,1,Amarouch García I.,amarouch garcia i,amarouchgarcia,"Laboratorio de Investigación Avanzada, Facultad de Arquitectura y Diseño, Universidad Finis Terrae (FAD-UFT), Santiago de Chile, Chile",Facultad de Arquitectura y Diseño,"Facultad de Arquitectura, Diseño y Estudios Creativos",True,True,alta
2-s2.0-105030132592,2025,1,1,Rugeles F.L.,rugeles fl,rugelesfl,"Universidad Finis Terrae, Santiago, Chile",,No determinada,True,True,alta
2-s2.0-105009929678,2025,1,8,Giglio A.,giglio a,giglio,"Critical Care Department, Universidad Finis Terrae, Santiago, Chile, Critical Care Department, Clínica Las Condes Hospital, Santiago, Chile",,No determinada,True,True,alta
2-s2.0-105009929678,2025,3,8,Ferre A.,ferre a,ferre,"Critical Care Department, Universidad Finis Terrae, Santiago, Chile, Critical Care Department, Clínica Las Condes Hospital, Santiago, Chile",,No determinada,True,True,alta
2-s2.0-105009929678,2025,4,8,Hasbun P.,hasbun p,hasbun,"Critical Care Department, Universidad Finis Terrae, Santiago, Chile, Critical Care Department, Clínica Las Condes Hospital, Santiago, Chile",,No determinada,True,True,alta
2-s2.0-105009929678,2025,8,8,Reccius A.,reccius a,reccius,"Critical Care Department, Universidad Finis Terrae, Santiago, Chile, Critical Care Department, Clínica Las Condes Hospital, Santiago, Chile, Neurology Department, Clínica Las Condes Hospital, Santiago, Chile",,No determinada,True,True,alta
2-s2.0-105000516989,2025,1,5,Torres K.,torres k,torres,"Escuela de Nutrición y Dietética, Universidad Finis Terrae, Santiago, Chile",Escuela de Nutrición y Dietética,Escuela de Nutrición y Dietética,True,True,alta
2-s2.0-105000516989,2025,3,5,Orellana C.,orellana c,orellana,"Escuela de Nutrición y Dietética, Universidad Finis Terrae, Santiago, Chile",Escuela de Nutrición y Dietética,Escuela de Nutrición y Dietética,True,True,alta
2-s2.0-105000516989,2025,4,5,Osorio M.,osorio m,osorio,"Escuela de Nutrición y Dietética, Universidad Finis Terrae, Santiago, Chile",Escuela de Nutrición y Dietética,Escuela de Nutrición y Dietética,True,True,alta
2-s2.0-105000516989,2025,5,5,Simón L.,simon l,simon,"Escuela de Nutrición y Dietética, Universidad Finis Terrae, Santiago, Chile",Escuela de Nutrición y Dietética,Escuela de Nutrición y Dietética,True,True,alta
2-s2.0-105023358927,2025,5,7,Figueroa D.,figueroa d,figueroa,"Universidad Finis Terrae, Santiago, Chile",,No determinada,True,True,alta
2-s2.0-85186751610,2024,1,2,Mujika I.,mujika i,mujika,"Department of Physiology, Faculty of Medicine and Nursing, University of the Basque Country, Leioa, Spain, Exercise Science Laboratory, School of Kinesiology, Faculty of Medicine, Universidad Finis Terrae, Santiago, Chile",Faculty of Medicine,Facultad de Medicina y Salud,True,True,alta
2-s2.0-105038048443,2025,2,5,Yanine F.,yanine f,yanine,"Facultad de Ingeniería, Universidad Finis Terrae, Santiago, Chile",Facultad de Ingeniería,Facultad de Ingeniería,True,True,alta
2-s2.0-85124551018,2024,2,3,Valle M.A.,valle ma,vallema,"Facultad de Economía Y Negocios, Universidad Finis Terrae, Santiago, Chile",Facultad de Economía Y Negocios,Facultad de Economía y Negocios,True,True,alta
2-s2.0-105004777660,2025,15,22,Herrero J.,herrero j,herrero,"Laboratorio LaNCE, Centro Interdisciplinario de Neurociencia, Facultad de Medicina, Pontificia Universidad Católica de Chile, Santiago, Chile, Facultad de Medicina, Escuela de Kinesiología, Finis Terrae University, Providencia, Chile",Escuela de Kinesiología,Escuela de Kinesiología,True,True,alta
2-s2.0-85189513161,2024,5,5,Zárate A.,zarate a,zarate,"Unidad de Coloproctología, Clínica Las Condes, Santiago, Chile, Facultad de Medicina, Universidad Finis Terrae, Santiago, Chile",Facultad de Medicina,Facultad de Medicina y Salud,True,True,alta
2-s2.0-85185493715,2024,1,4,Hernandez A.,hernandez a,hernandez,"Nursing School, Finis Terrae University, Pedro de Valdivia Avenue, 1509, Región Metropolitana, Providencia, Chile",,No determinada,True,True,alta
2-s2.0-85185493715,2024,2,4,Busquets P.,busquets p,busquets,"Nursing School, Finis Terrae University, Pedro de Valdivia Avenue, 1509, Región Metropolitana, Providencia, Chile",,No determinada,True,True,alta
2-s2.0-105005176800,2025,1,1,Muszalski H.,muszalski h,muszalski,"Universidad Finis Terrae Chile, Chile",,No determinada,True,True,alta
2-s2.0-85198397605,2024,6,12,Orellana-Donoso M.,orellana donoso m,orellanadonoso,"Escuela de Medicina, Universidad Finis Terrae, Santiago, 7501015, Chile",Escuela de Medicina,Facultad de Medicina y Salud,True,True,alta
2-s2.0-85215558958,2025,6,8,Marín G.J.,marin gj,maringj,"Departmento de Biologia, Universidad de Chile, Santiago, Chile, Facultad de Medicina, Universidad Finis Terrae, Santiago, Chile",Facultad de Medicina,Facultad de Medicina y Salud,True,True,alta
2-s2.0-105002731372,2025,5,6,Strauss F.J.,strauss fj,straussfj,"Clinic of Reconstructive Dentistry, University of Zurich, Zurich, Switzerland, Center for Studies and Innovation in Dentistry, Faculty of Dentistry, Universidad Finis Terrae, Santiago, Chile",Faculty of Dentistry,Facultad de Odontología,True,True,alta
2-s2.0-85198432793,2024,1,4,Stöwhas K.,stowhas k,stowhas,"Department of Rehabilitation, Clínica MEDS, Santiago, 7691236, Chile, Facultad de Medicina, Escuela de Kinesiología, Universidad Finis Terrae, Santiago, 7501014, Chile",Escuela de Kinesiología,Escuela de Kinesiología,True,True,alta
2-s2.0-85194839690,2024,2,3,Fernández-Verdejo R.,fernandez verdejo r,fernandezverdejo,"Laboratorio de Fisiología del Ejercicio y Metabolismo (LABFEM), Escuela de Kinesiología, Facultad de Medicina, Universidad Finis Terrae, Santiago, Chile",Facultad de Medicina,Facultad de Medicina y Salud,True,True,alta
2-s2.0-105003392328,2025,1,1,Flores P.C.,flores pc,florespc,"Finis Terrae University, Chile",,No determinada,True,True,alta
2-s2.0-105030880867,2025,1,1,Kobayashi M.A.,kobayashi ma,kobayashima,"Facultad de Artes, Universidad Finis Terrae",Facultad de Artes,Facultad de Artes,True,True,alta
2-s2.0-85205080327,2024,5,9,Cancino-López J.,cancino lopez j,cancinolopez,"Exercise Physiology and Metabolism Laboratory, Escuela de Kinesiología, Universidad Finis Terrae, Santiago, 7501015, Chile",Escuela de Kinesiología,Escuela de Kinesiología,True,True,alta
2-s2.0-85204724653,2024,3,7,Martínez M.M.,martinez mm,martinezmm,"Universidad Finis Terrae, Escuela de Medicina, Santiago, Chile",,No determinada,True,True,alta
2-s2.0-105008242401,2025,2,3,Crisóstomo-Flores P.,crisostomo flores p,crisostomoflores,"Universidad Finis Terrae, Chile",,No determinada,True,True,alta
2-s2.0-85193239807,2024,2,4,Farsani D.,farsani d,farsani,"Facultad de Educación, Psicología y Familia, Universidad Finis Terrae, Santiago, Chile",Facultad de Educación,Facultad de Educación y Ciencias Sociales,True,True,alta
2-s2.0-85217709541,2025,11,15,Cancino-López J.,cancino lopez j,cancinolopez,"Laboratorio de Fisiología del Ejercicio y Metabolismo, Escuela de Kinesiología, Facultad de Medicina, Universidad Finis Terrae, Santiago, Santiago, Chile",Facultad de Medicina,Facultad de Medicina y Salud,True,True,alta
2-s2.0-85174728321,2024,6,7,Farsani D.,farsani d,farsani,"Facultad de Educación, Psicología y Familia, Universidad Finis Terrae, Santiago, Chile",Facultad de Educación,Facultad de Educación y Ciencias Sociales,True,True,alta
2-s2.0-105001020192,2025,1,3,Pastén-Henríquez B.,pasten henriquez b,pastenhenriquez,"Facultad de Economía y Negocios, Universidad Finis Terrae, Chile",Facultad de Economía y Negocios,Facultad de Economía y Negocios,True,True,alta
2-s2.0-85209206144,2024,3,3,Fernández-Verdejo R.,fernandez verdejo r,fernandezverdejo,"Laboratorio de Fisiología del Ejercicio y Metabolismo (LABFEM), Escuela de Kinesiología, Facultad de Medicina, Universidad Finis Terrae, Santiago, Chile, Pennington Biomedical Research Center, Louisiana State University, Baton Rouge, LA, United States",Facultad de Medicina,Facultad de Medicina y Salud,True,True,alta
2-s2.0-85209173991,2024,2,7,López-Arana S.,lopez arana s,lopezarana,"Escuela de Nutrición y Dietética, Facultad de Medicina, Universidad Finis Terrae, Santiago, Chile",Facultad de Medicina,Facultad de Medicina y Salud,True,True,alta
2-s2.0-85214579541,2025,2,5,Martínez Galdames B.,martinez galdames b,martinezgaldames,"Facultad de Medicina, Universidad Finis Terrae, Santiago, Chile",Facultad de Medicina,Facultad de Medicina y Salud,True,True,alta
2-s2.0-85214559954,2025,4,6,Hartmann D.,hartmann d,hartmann,"Faculty of Medicine, Universidad Finis Terrae, Santiago, Chile",Faculty of Medicine,Facultad de Medicina y Salud,True,True,alta
2-s2.0-85214934806,2025,6,6,Gaete M.,gaete m,gaete,"Department of Anatomy, Faculty of Medicine, School of Medicine, Pontificia Universidad Católica de Chile, Santiago, Chile, Center for Studies and Innovation in Dentistry, Faculty of Dentistry, Universidad Finis Terrae, Santiago, Chile",Faculty of Dentistry,Facultad de Odontología,True,True,alta
2-s2.0-85216316930,2025,2,6,Galaz M.T.V.,galaz mtv,galazmtv,"Unidad de Ginecología, Hospital El Carmen Dr. Luis Valentín Ferrada, Camino Rinconada 1202 Maipú, Santiago, 9274443, Chile, Facultad de Medicina, Universidad Finis Terrae, Av. Pedro de Valdivia 1509 Providencia, Región Metropolitana, Santiago, 7501014, Chile",Facultad de Medicina,Facultad de Medicina y Salud,True,True,alta
2-s2.0-85216316930,2025,3,6,Villarroel N.C.,villarroel nc,villarroelnc,"Unidad de Ginecología, Hospital El Carmen Dr. Luis Valentín Ferrada, Camino Rinconada 1202 Maipú, Santiago, 9274443, Chile, Facultad de Medicina, Universidad Finis Terrae, Av. Pedro de Valdivia 1509 Providencia, Región Metropolitana, Santiago, 7501014, Chile",Facultad de Medicina,Facultad de Medicina y Salud,True,True,alta
2-s2.0-85216316930,2025,4,6,Martin P.A.Q.S.,martin paqs,martinpaqs,"Unidad de Ginecología, Hospital El Carmen Dr. Luis Valentín Ferrada, Camino Rinconada 1202 Maipú, Santiago, 9274443, Chile, Facultad de Medicina, Universidad Finis Terrae, Av. Pedro de Valdivia 1509 Providencia, Región Metropolitana, Santiago, 7501014, Chile",Facultad de Medicina,Facultad de Medicina y Salud,True,True,alta
2-s2.0-85216316930,2025,5,6,Landreau C.C.,landreau cc,landreaucc,"Unidad de Ginecología, Hospital El Carmen Dr. Luis Valentín Ferrada, Camino Rinconada 1202 Maipú, Santiago, 9274443, Chile, Facultad de Medicina, Universidad Finis Terrae, Av. Pedro de Valdivia 1509 Providencia, Región Metropolitana, Santiago, 7501014, Chile",Facultad de Medicina,Facultad de Medicina y Salud,True,True,alta
2-s2.0-85216316930,2025,6,6,Candell M.B.,candell mb,candellmb,"Unidad de Ginecología, Hospital El Carmen Dr. Luis Valentín Ferrada, Camino Rinconada 1202 Maipú, Santiago, 9274443, Chile, Facultad de Medicina, Universidad Finis Terrae, Av. Pedro de Valdivia 1509 Providencia, Región Metropolitana, Santiago, 7501014, Chile",Facultad de Medicina,Facultad de Medicina y Salud,True,True,alta
2-s2.0-85198476555,2024,7,12,Orellana-Donoso M.,orellana donoso m,orellanadonoso,"Departamento de Morfología, Facultad de Medicina, Universidad Andrés Bello, Santiago, 8370146, Chile, Escuela de Medicina, Universidad Finis Terrae, Santiago, 7501015, Chile",Escuela de Medicina,Facultad de Medicina y Salud,True,True,alta
2-s2.0-105001299109,2025,2,4,Catalán C.,catalan c,catalan,"Medical Oncology, Universidad Finis Terrae, Santiago, 7501014, Chile",,No determinada,True,True,alta
2-s2.0-105015407727,2025,1,2,Lomboy Finsterbusch M.I.,lomboy finsterbusch mi,lomboyfinsterbusch,"Faculty of Education, Psychology and Family, Finis Terrae University, Santiago, Chile",Faculty of Education,Facultad de Educación y Ciencias Sociales,True,True,alta
2-s2.0-105007903192,2025,1,4,Maldonado-Agurto R.,maldonado agurto r,maldonadoagurto,"Center for Biomedical Research (CIBMED), Faculty of Medicine, Universidad Finis Terrae, Santiago, Chile, Institute of Biomedical Sciences, Faculty of Medicine, Universidad Andres Bello, Santiago, Chile",Faculty of Medicine,Facultad de Medicina y Salud,True,True,alta
2-s2.0-85201423875,2024,4,10,Silva A.K.,silva ak,silvaak,"Department of Head and Neck Surgery, Universidad Finis Terrae, Santiago, Chile",,No determinada,True,True,alta
2-s2.0-105006776695,2025,1,11,Larrañaga M.,larranaga m,larranaga,"Urology Intern Program, Faculty of Medicine, Finis Terrae University, Santiago, 7501014, Chile",Faculty of Medicine,Facultad de Medicina y Salud,True,True,alta
2-s2.0-105006776695,2025,2,11,Ibañez H.,ibanez h,ibanez,"Urology Resident Program, Faculty of Medicine, Finis Terrae University, Santiago, 7501014, Chile",Faculty of Medicine,Facultad de Medicina y Salud,True,True,alta
2-s2.0-85216733698,2025,3,3,Puyol F.,puyol f,puyol,"Faculty of Education, Psychology and Family, University Finis Terrae, Santiago, Chile",Faculty of Education,Facultad de Educación y Ciencias Sociales,True,True,alta
2-s2.0-105013575505,2025,1,6,Balboa E.,balboa e,balboa,"Center for Biomedical Research, Universidad Finis Terrae, Santiago, Chile",,No determinada,True,True,alta
2-s2.0-105013575505,2025,2,6,Saud F.,saud f,saud,"Center for Biomedical Research, Universidad Finis Terrae, Santiago, Chile",,No determinada,True,True,alta
2-s2.0-105013575505,2025,4,6,Fuente M.D.L.,fuente mdl,fuentemdl,"Center for Biomedical Research, Universidad Finis Terrae, Santiago, Chile",,No determinada,True,True,alta
2-s2.0-105013575505,2025,5,6,Landskron G.,landskron g,landskron,"Center for Biomedical Research, Universidad Finis Terrae, Santiago, Chile",,No determinada,True,True,alta
2-s2.0-85186067484,2024,2,3,Hartmann Schatloff D.,hartmann schatloff d,hartmannschatloff,"Facultad de Medicina, Universidad Finis Terrae, Santiago, Chile",Facultad de Medicina,Facultad de Medicina y Salud,True,True,alta
2-s2.0-105010940955,2025,6,7,Mujika I.,mujika i,mujika,"Department of Physiology, Faculty of Medicine and Nursing, University of the Basque Country, Leioa, Basque Country, Spain, Exercise Science Laboratory, School of Kinesiology, Faculty of Medicine, Universidad Finis Terrae, Santiago, Chile",Faculty of Medicine,Facultad de Medicina y Salud,True,True,alta
2-s2.0-85211105603,2024,4,5,Farsani D.,farsani d,farsani,"Facultad de Educación, Psicología y Familia, Universidad Finis Terrae, Santiago, Chile",Facultad de Educación,Facultad de Educación y Ciencias Sociales,True,True,alta
2-s2.0-85219634773,2025,1,2,Benites M.H.,benites mh,benitesmh,"Facultad de MedicinaEscuela de Medicina, Universidad Finis Terrae, Santiago, Chile, Programa Doctorado en Ciencias MédicasEscuela de Medicina, Pontificia Universidad Católica de Chile, Santiago, Chile, Unidad de Pacientes Críticos, Clínica Las Condes, Santiago, Chile, Departamento de Medicina Intens",Facultad de Medicina,Facultad de Medicina y Salud,True,True,alta
2-s2.0-105003413370,2025,2,2,Salas-Guzmán N.,salas guzman n,salasguzman,"Centro de Investigación en Psicología, Educación y Familia, Universidad Finis Terrae, Santiago, Chile",,No determinada,True,True,alta
2-s2.0-105015299960,2025,5,11,González A.,gonzalez a,gonzalez,"Department of Psychiatry, School of Medicine, Pontificia Universidad Católica de Chile, Santiago, Chile, School of Medicine, Universidad Finis Terrae, Chile",School of Medicine,Facultad de Medicina y Salud,True,True,alta
2-s2.0-85215813917,2025,4,15,Henriquez-Olguin C.,henriquez olguin c,henriquezolguin,"August Krogh Section for Human and Molecular Physiology, Department of Nutrition, Exercise and Sports, University of Copenhagen, Copenhagen, Denmark, Exercise Science Laboratory, Faculty of Medicine, Universidad Finis Terrae, Santiago, Chile",Faculty of Medicine,Facultad de Medicina y Salud,True,True,alta
2-s2.0-105001176342,2025,1,5,Mujika I.,mujika i,mujika,"Department of Physiology, Faculty of Medicine and Nursing, University of the Basque Country, Leioa, 48940, Spain, Exercise Science Laboratory, School of Kinesiology, Faculty of Medicine, Universidad Finis Terrae, Santiago, 7501014, Chile",Faculty of Medicine,Facultad de Medicina y Salud,True,True,alta
2-s2.0-105000330260,2025,4,11,Simón L.,simon l,simon,"Cellular Communication Laboratory, Center for Studies on Exercise, Metabolism and Cancer (CEMC), Institute of Biomedical Sciences (ICBM), Faculty of Medicine, University of Chile, Santiago, Chile, Advanced Center for Chronic Diseases (ACCDiS), Faculty of Medicine, University of Chile, Santiago, Chil",,No determinada,True,True,alta
2-s2.0-105004015051,2025,1,3,Fernández-Verdejo R.,fernandez verdejo r,fernandezverdejo,"Pennington Biomedical Research Center, Louisiana State University, Baton Rouge, LA, United States, Centro de Fisiología del Ejercicio y Metabolismo, Escuela de Kinesiología, Facultad de Medicina, Universidad Finis Terrae, Santiago, Chile",Facultad de Medicina,Facultad de Medicina y Salud,True,True,alta
2-s2.0-85217907150,2025,2,5,Rojas J.P.,rojas jp,rojasjp,"Facultad de Medicina, Universidad Finis Terrae, Santiago, Chile",Facultad de Medicina,Facultad de Medicina y Salud,True,True,alta
2-s2.0-85217907150,2025,3,5,de Vos V.,de vos v,devos,"Facultad de Medicina, Universidad Finis Terrae, Santiago, Chile",Facultad de Medicina,Facultad de Medicina y Salud,True,True,alta
2-s2.0-85217907150,2025,4,5,Cid N.,cid n,cid,"Facultad de Medicina, Universidad Finis Terrae, Santiago, Chile",Facultad de Medicina,Facultad de Medicina y Salud,True,True,alta
2-s2.0-85217907150,2025,5,5,Verschae G.,verschae g,verschae,"Instituto de Seguridad del Trabajo, Santiago, Chile, Facultad de Medicina, Universidad Finis Terrae, Santiago, Chile, Departamento de Traumatología y Ortopedia, Clínica Las Condes, Las Condes, Chile",Facultad de Medicina,Facultad de Medicina y Salud,True,True,alta
2-s2.0-85211207629,2024,1,1,Rego T.,rego t,rego,"Dirección de Filosofía y Formación General, Universidad Finis Terrae, Chile",,No determinada,True,True,alta
2-s2.0-85201517464,2024,1,1,Dreyse J.,dreyse j,dreyse,"Departamento de Medicina Interna, Clínica Las Condes, Santiago, Chile, Centro de Pacientes Críticos, Clínica Las Condes, Santiago, Chile, Facultad de Medicina, Universidad Finis Terrae, Santiago, Chile",Facultad de Medicina,Facultad de Medicina y Salud,True,True,alta
2-s2.0-105003546905,2025,1,6,Cerda E.,cerda e,cerda,"Centro de Pacientes Críticos, Clínica Las Condes, Santiago, Chile, Facultad de Medicina, Universidad Finis Terrae, Santiago, Chile",Facultad de Medicina,Facultad de Medicina y Salud,True,True,alta
2-s2.0-105003546905,2025,2,6,Urbina K.G.D.,urbina kgd,urbinakgd,"Centro de Pacientes Críticos, Clínica Las Condes, Santiago, Chile, Facultad de Medicina, Universidad Finis Terrae, Santiago, Chile",Facultad de Medicina,Facultad de Medicina y Salud,True,True,alta
2-s2.0-105003546905,2025,3,6,Ferre A.,ferre a,ferre,"Centro de Pacientes Críticos, Clínica Las Condes, Santiago, Chile, Facultad de Medicina, Universidad Finis Terrae, Santiago, Chile",Facultad de Medicina,Facultad de Medicina y Salud,True,True,alta
2-s2.0-105003546905,2025,4,6,Dreyse J.,dreyse j,dreyse,"Centro de Pacientes Críticos, Clínica Las Condes, Santiago, Chile, Facultad de Medicina, Universidad Finis Terrae, Santiago, Chile",Facultad de Medicina,Facultad de Medicina y Salud,True,True,alta
2-s2.0-105003546905,2025,5,6,Giglio A.,giglio a,giglio,"Centro de Pacientes Críticos, Clínica Las Condes, Santiago, Chile, Facultad de Medicina, Universidad Finis Terrae, Santiago, Chile",Facultad de Medicina,Facultad de Medicina y Salud,True,True,alta
2-s2.0-105003546905,2025,6,6,Valenzuela R.,valenzuela r,valenzuela,"Centro de Pacientes Críticos, Clínica Las Condes, Santiago, Chile, Facultad de Medicina, Universidad Finis Terrae, Santiago, Chile",Facultad de Medicina,Facultad de Medicina y Salud,True,True,alta
2-s2.0-105006432616,2025,5,5,López-Arana S.,lopez arana s,lopezarana,"Center for Cancer Prevention and Control (CECAN), Santiago, 7820436, Chile, Escuela de Nutrición y Dietética, Facultad de Medicina, Universidad Finis Terrae, Providencia, 7501014, Chile",Facultad de Medicina,Facultad de Medicina y Salud,True,True,alta
2-s2.0-85208565505,2024,2,5,Fernández-Verdejo R.,fernandez verdejo r,fernandezverdejo,"Laboratorio de Fisiología del Ejercicio y Metabolismo (LABFEM), Escuela de Kinesiología, Facultad de Medicina, Universidad Finis Terrae, Santiago, Chile, Pennington Biomedical Research Center, Louisiana State University, Baton Rouge, LA, United States",Facultad de Medicina,Facultad de Medicina y Salud,True,True,alta
2-s2.0-105010641875,2025,9,9,Ruiz Riquelme P.,ruiz riquelme p,ruizriquelme,"Department of Orthopedic and Traumatology, Las Condes Clinic, Santiago, 7591047, Chile, School of Medicine, Finis Terrae University, Santiago, 7501015, Chile",School of Medicine,Facultad de Medicina y Salud,True,True,alta
2-s2.0-85210267275,2024,6,11,Quezada M.,quezada m,quezada,"Facultad de Medicina, Universidad Finis Terrae, Santiago, 7501015, Chile",Facultad de Medicina,Facultad de Medicina y Salud,True,True,alta
2-s2.0-105014108527,2025,4,19,Mujika I.,mujika i,mujika,"Department of Physiology, Faculty of Medicine and Nursing, University of the Basque Country, Basque Country, Leioa, Spain, Exercise Science Laboratory, School of Kinesiology, Faculty of Medicine, Universidad Finis Terrae, Santiago, Chile",Faculty of Medicine,Facultad de Medicina y Salud,True,True,alta
2-s2.0-85184870035,2024,1,2,Lermanda Peña C.,lermanda pena c,lermandapena,"Facultad de Medicina, Universidad Finis Terrae, Santiago, Chile, Escuela de Enfermería, Universidad de las Américas, Santiago, Chile",Facultad de Medicina,Facultad de Medicina y Salud,True,True,alta
2-s2.0-85184870035,2024,2,2,Hernández Cortina A.,hernandez cortina a,hernandezcortina,"Escuela de Enfermería, Universidad Finis Terrae, Santiago, Chile",Escuela de Enfermería,Escuela de Enfermería,True,True,alta
2-s2.0-85196191257,2024,1,2,Dávila C.M.,davila cm,davilacm,"Universidad Finis Terrae, Chile",,No determinada,True,True,alta
2-s2.0-85196191257,2024,2,2,Prieto I.T.,prieto it,prietoit,"Universidad Finis Terrae, Chile, Universidad Alberto Hurtado, Chile",,No determinada,True,True,alta
2-s2.0-85205078698,2024,8,11,Orellana-Donoso M.,orellana donoso m,orellanadonoso,"Departamento de Morfología, Facultad de Medicina, Universidad Andrés Bello, Santiago, 7591538, Chile, Escuela de Medicina, Universidad Finis Terrae, Santiago, 7501015, Chile",Escuela de Medicina,Facultad de Medicina y Salud,True,True,alta
2-s2.0-85211638159,2024,1,2,Fernández-Verdejo R.,fernandez verdejo r,fernandezverdejo,"Pennington Biomedical Research Center, Louisiana State University, Baton Rouge, LA, United States, Centro de Fisiología del Ejercicio y Metabolismo, Escuela de Kinesiología, Facultad de Medicina, Universidad Finis Terrae, Santiago, Chile",Facultad de Medicina,Facultad de Medicina y Salud,True,True,alta
2-s2.0-85205918921,2024,2,5,Fernández-Verdejo R.,fernandez verdejo r,fernandezverdejo,"Pennington Biomedical Research Center, Baton Rouge, LA, United States, Laboratorio de Fisiología del Ejercicio y Metabolismo (LABFEM), Escuela de Kinesiología, Facultad de Medicina, Universidad Finis Terrae, Santiago, Chile",Facultad de Medicina,Facultad de Medicina y Salud,True,True,alta
2-s2.0-105033633263,2025,1,1,Debesa-Arregui L.M.,debesa arregui lm,debesaarregui,"Universidad de Los Andes, Departamento de Derecho Laboral, Facultad de Derecho, Universidad Finis Terrae, Providencia, Chile",Facultad de Derecho,Facultad de Derecho,True,True,alta
2-s2.0-105007847416,2025,8,9,Strauss F.J.,strauss fj,straussfj,"Clinic of Reconstructive Dentistry, Center of Dental Medicine, University of Zurich, Zurich, Plattenstrasse 11, Zürich, 8032, Switzerland, Center for Studies and Innovation in Dentistry, Faculty of Dentistry, Universidad Finis Terrae, Santiago, Chile",Faculty of Dentistry,Facultad de Odontología,True,True,alta
2-s2.0-105022173050,2025,2,6,Valderrama P.,valderrama p,valderrama,"Escuela de Medicina, Universidad Finis Terrae, Santiago, Chile",Escuela de Medicina,Facultad de Medicina y Salud,True,True,alta
2-s2.0-85202889574,2024,3,4,Pizarro S.,pizarro s,pizarro,"Servicio de Atención Médica de Urgencia (SAMU), Santiago, Chile, Facultad de Medicina, Universidad Finis Terrae, Chile",Facultad de Medicina,Facultad de Medicina y Salud,True,True,alta
2-s2.0-105028224020,2025,1,1,Sánchez M.,sanchez m,sanchez,"Universidad Católica de Chile, Universidad Finis Terrae, Chile",,No determinada,True,True,alta
2-s2.0-85207189257,2024,1,1,Santander A.S.,santander as,santanderas,"Universidad Finis Terrae, Chile",,No determinada,True,True,alta
2-s2.0-105001330915,2025,18,20,Diaz F.,diaz f,diaz,"Red Colaborativa Pediatrica de Latinoamérica (LARed Network), Montevideo, Uruguay, Universidad Finis Terrae, Unidad de Investigacion y Epidemiologia Clínica, Escuela de Medicina, Santiago, Chile, Pediatric Intensive Care, Hospital El Carmen de Maipú, Santiago, Chile",,No determinada,True,True,alta
2-s2.0-85214386901,2025,2,3,Salas-Guzmán N.,salas guzman n,salasguzman,"Centro de Investigación en Psicología, Educación y Familia (CIPEF), Universidad Finis Terrae, Santiago de Chile, Chile",,No determinada,True,True,alta
2-s2.0-85201029704,2024,4,5,Strauss F.J.,strauss fj,straussfj,"School of Dentistry, University of Chile, Chile, Clinic of Reconstructive Dentistry, Center of Dental Medicine, University of Zurich, Zurich, Switzerland, Faculty of Dentistry, Universidad Finis Terrae, Santiago, Chile",Faculty of Dentistry,Facultad de Odontología,True,True,alta
2-s2.0-105037529753,2025,3,4,Rocco-Toloza V.,rocco toloza v,roccotoloza,"Dirección de Investigación, Vicerrectoría de Investigación, Creación Artística e Innovación, Universidad Finis Terrae, Santiago, Chile",,No determinada,True,True,alta
2-s2.0-85197494682,2024,7,8,Strauss F.J.,strauss fj,straussfj,"Clinic of Reconstructive Dentistry, Center for Dental Medicine, University of Zurich, Zurich, Switzerland, Faculty of Dentistry, Universidad Finis Terrae, Santiago, Chile",Faculty of Dentistry,Facultad de Odontología,True,True,alta
2-s2.0-105005324704,2025,1,4,Montero-Orellana M.J.,montero orellana mj,monteroorellana,"Physiotherapy Unit, School of Physiotherapy, Faculty of Medicine, Universidad Finis Terrae",Faculty of Medicine,Facultad de Medicina y Salud,True,True,alta
2-s2.0-105005324704,2025,3,4,Ossa-Cox M.,ossa cox m,ossacox,"School of Physiotherapy, Faculty of Medicine, Universidad Finis Terrae",Faculty of Medicine,Facultad de Medicina y Salud,True,True,alta
2-s2.0-105003554304,2025,5,12,Orellana-Donoso M.,orellana donoso m,orellanadonoso,"Escuela de Medicina, Universidad Finis Terrae, Santiago, 7501015, Chile, Department of Morphological Sciences, Faculty of Medicine and Science, Universidad San Sebastián, Santiago, 7510157, Chile",Escuela de Medicina,Facultad de Medicina y Salud,True,True,alta
2-s2.0-105022195058,2025,1,3,Mujika I.,mujika i,mujika,"Department of Physiology, Faculty of Medicine and Nursing, University of the Basque Country, Leioa, Spain, Exercise Science Laboratory, School of Kinesiology, Faculty of Medicine, Universidad Finis Terrae, Santiago, Chile",Faculty of Medicine,Facultad de Medicina y Salud,True,True,alta
2-s2.0-105008230374,2025,4,8,Diaz F.,diaz f,diaz,"Pediatric Intensive Care Unit, Hospital El Carmen Dr Luis Valentin Ferrada, Santiago, Chile, Facultad de Medicina, Universidad Finis Terrae, Santiago, Chile",Facultad de Medicina,Facultad de Medicina y Salud,True,True,alta
2-s2.0-85192173231,2024,2,3,Valle M.A.,valle ma,vallema,"Centro de Economía y Negocios Sostenibles (CENS), Universidad Finis Terrae, Chile",,No determinada,True,True,alta
2-s2.0-105026965629,2025,2,2,Giordanino E.,giordanino e,giordanino,"Jefe Técnico Intensivo Cardiovascular y Jefe Insuficiencia Cardíaca y Trasplante Cardíaco, Clínica Las Condes, Santiago, Chile, Jefe Académico Cardiología, Facultad de Medicina, Universidad Finis Terrae, Santiago, Chile",Facultad de Medicina,Facultad de Medicina y Salud,True,True,alta
2-s2.0-105035827005,2025,1,2,Perez S.,perez s,perez,"Universidad Finis Terrae, Santiago, Chile",,No determinada,True,True,alta
2-s2.0-105035827005,2025,2,2,Rojas D.,rojas d,rojas,"Universidad Finis Terrae, Santiago, Chile",,No determinada,True,True,alta
2-s2.0-85195264160,2024,4,5,Strauss F.J.,strauss fj,straussfj,"Clinic of Reconstructive Dentistry, Center of Dental Medicine, University of Zurich, Zurich, Switzerland, Faculty of Dentistry, Universidad Finis Terrae, Santiago, Chile",Faculty of Dentistry,Facultad de Odontología,True,True,alta
2-s2.0-105003932507,2025,2,3,Giglio A.,giglio a,giglio,"Critical Care Department, Clinica Las Condes Hospital, Santiago, Chile, Critical Care Department, Finis Terrae University, Santiago, Chile",,No determinada,True,True,alta
2-s2.0-105003932507,2025,3,3,Ferre A.,ferre a,ferre,"Critical Care Department, Clinica Las Condes Hospital, Santiago, Chile, Critical Care Department, Finis Terrae University, Santiago, Chile",,No determinada,True,True,alta
2-s2.0-105001275073,2025,5,13,Rojas-Costa G.M.,rojas costa gm,rojascosta,"School of Medicine, Finis Terrae University, Santiago, 750115, Chile, Biomedical Imaging Unit and Artificial Intelligence FISABIO-CIPF, Foundation for the Promotion of Health and Biomedical Research of the Valencia Region, Valencia, Spain",School of Medicine,Facultad de Medicina y Salud,True,True,alta
2-s2.0-85199872756,2024,7,10,Orellana-Donoso M.,orellana donoso m,orellanadonoso,"Departamento de Morfología, Facultad de Medicina, Universidad Andrés Bello, Santiago, 8370146, Chile, Escuela de Medicina, Universidad Finis Terrae, Santiago, 7501015, Chile",Escuela de Medicina,Facultad de Medicina y Salud,True,True,alta
2-s2.0-85199926245,2024,7,10,Retamal M.J.,retamal mj,retamalmj,"Facultad de Ingeniería, Universidad Finis Terrae, Santiago, 7501015, Chile",Facultad de Ingeniería,Facultad de Ingeniería,True,True,alta
2-s2.0-105021937565,2025,3,6,Polanco V.,polanco v,polanco,"Escuela de Ingeniería Civil Biomédica, Facultad de Ingeniería, Universidad Finis Terrae, Santiago, 7501015, Chile",Facultad de Ingeniería,Facultad de Ingeniería,True,True,alta
2-s2.0-105013639272,2025,2,3,Valdés C.Á.,valdes ca,valdesca,"Universidad Finis Terrae, Chile",,No determinada,True,True,alta
2-s2.0-85213446767,2024,1,7,Giancáspero-Inostroza F.,giancaspero inostroza f,giancasperoinostroza,"Unidad de Fisiología del Ejercicio, Centro de Innovación, Clínica MEDS, Santiago, 7550615, Chile, Magister en Ciencias de la Salud y el Deporte, Escuela de Kinesiología, Facultad de Medicina, Universidad Finis Terrae, Santiago, 7501015, Chile",Facultad de Medicina,Facultad de Medicina y Salud,True,True,alta
2-s2.0-85204486796,2024,1,3,Cavada Chacón G.,cavada chacon g,cavadachacon,"Facultad de Medicina, Universidad de Chile, Santiago, Chile, Facultad de Medicina, Universidad Finis Terrae, Santiago, Chile",Facultad de Medicina,Facultad de Medicina y Salud,True,True,alta
2-s2.0-85204486796,2024,3,3,Horna Campos O.,horna campos o,hornacampos,"Facultad de Medicina, Universidad de Chile, Santiago, Chile, Facultad de Medicina, Universidad Finis Terrae, Santiago, Chile",Facultad de Medicina,Facultad de Medicina y Salud,True,True,alta
2-s2.0-105013688751,2025,3,5,Carvajal C.,carvajal c,carvajal,"Facultad de Medicina, Universidad Finis Terrae, Santiago de Chile, Chile",Facultad de Medicina,Facultad de Medicina y Salud,True,True,alta
2-s2.0-85181891137,2024,10,15,Rojas-Costa G.M.,rojas costa gm,rojascosta,"Department of Radiology, Clínica las Condes, Santiago, Chile, Advanced Epilepsy Center, Clínica las Condes, Santiago, Chile, Join Unit FISABIO-CIPF, Valencia, Spain, School of Medicine, Finis Terrae University, Santiago, Chile, Health Innovation Center, Clínica Las Condes, Santiago, Chile",School of Medicine,Facultad de Medicina y Salud,True,True,alta
2-s2.0-85194821198,2024,1,6,Simón L.,simon l,simon,"Nutrition and Dietetic School, Universidad Finis Terrae, Santiago, Chile, Cellular Communication Laboratory, Center for Studies on Exercise, Metabolism and Cancer (CEMC), Institute of Biomedical Sciences (ICBM), Faculty of Medicine, University of Chile, Santiago, Chile, Advanced Center for Chronic D",,No determinada,True,True,alta
2-s2.0-105005555951,2025,1,8,Tapia-Castillo A.,tapia castillo a,tapiacastillo,"Department of Endocrinology, School of Medicine, Pontificia Universidad Católica de Chile, Santiago, Chile, Centro Traslacional de Endocrinología UC (CETREN-UC), Santiago, Chile, Faculty of Engineering, Universidad Finis Terrae, Santiago, Chile",Faculty of Engineering,Facultad de Ingeniería,True,True,alta
2-s2.0-85200962404,2025,1,9,Ferre A.,ferre a,ferre,"Critical Care Department, Clinica Las Condes Hospital, Santiago, Chile, Critical Care Department, Finis Terrae University, Santiago, Chile",,No determinada,True,True,alta
2-s2.0-85200962404,2025,2,9,Giglio A.,giglio a,giglio,"Critical Care Department, Clinica Las Condes Hospital, Santiago, Chile, Critical Care Department, Finis Terrae University, Santiago, Chile",,No determinada,True,True,alta
2-s2.0-85200962404,2025,3,9,Van Sint Jan N.,van sint jan n,vansint,"Critical Care Department, Finis Terrae University, Santiago, Chile",,No determinada,True,True,alta
2-s2.0-85200962404,2025,5,9,Benites M.,benites m,benites,"Critical Care Department, Clinica Las Condes Hospital, Santiago, Chile, Critical Care Department, Finis Terrae University, Santiago, Chile",,No determinada,True,True,alta
2-s2.0-85200962404,2025,8,9,Dreyse J.,dreyse j,dreyse,"Critical Care Department, Clinica Las Condes Hospital, Santiago, Chile, Critical Care Department, Finis Terrae University, Santiago, Chile",,No determinada,True,True,alta
2-s2.0-85200962404,2025,9,9,Hasbun P.,hasbun p,hasbun,"Critical Care Department, Clinica Las Condes Hospital, Santiago, Chile, Critical Care Department, Finis Terrae University, Santiago, Chile, Simulation Centre, Clinica Las Condes Hospital, Santiago, Chile",,No determinada,True,True,alta
2-s2.0-105015162848,2025,3,5,Puyol F.,puyol f,puyol,"Faculty of Education, University Finis Terrae, Santiago, Chile",Faculty of Education,Facultad de Educación y Ciencias Sociales,True,True,alta
2-s2.0-85213020589,2024,4,4,Mardónez M.M.,mardonez mm,mardonezmm,"Department of Coloproctology, INDISA Clinic, Faculty of Medicine, University Finis Terrae, Región Metropolitana, Providencia, Chile",Faculty of Medicine,Facultad de Medicina y Salud,True,True,alta
2-s2.0-85190807889,2024,1,21,Valderrama P.,valderrama p,valderrama,"Facultad de Medicina, Universidad Finis Terrae, Santiago, Chile",Facultad de Medicina,Facultad de Medicina y Salud,True,True,alta
2-s2.0-85200249531,2025,6,7,Santibáñez D.,santibanez d,santibanez,"Facultad de Educación, Psicología y Familia, Universidad Finis Terrae, Santiago, Chile",Facultad de Educación,Facultad de Educación y Ciencias Sociales,True,True,alta
2-s2.0-105017992313,2025,2,4,Castillo O.,castillo o,castillo,"Facultad de Medicina, Universidad Finis Terrae, Escuela de Nutrición y Dietética, Santiago de Chile, Chile",Facultad de Medicina,Facultad de Medicina y Salud,True,True,alta
2-s2.0-105021446355,2025,1,2,López-Arana S.,lopez arana s,lopezarana,"Escuela de Nutrición y Dietética, Facultad de Medicina, Universidad Finis Terrae, Providencia, 7501014, Chile",Facultad de Medicina,Facultad de Medicina y Salud,True,True,alta
2-s2.0-105021446355,2025,2,2,Bustos-Arriagada E.,bustos arriagada e,bustosarriagada,"Escuela de Nutrición y Dietética, Facultad de Medicina, Universidad Finis Terrae, Providencia, 7501014, Chile",Facultad de Medicina,Facultad de Medicina y Salud,True,True,alta
2-s2.0-105025646291,2025,6,6,Santibáñez D.,santibanez d,santibanez,"Facultad de Educación y Ciencias Sociales, Universidad Finis Terrae, Chile",Facultad de Educación y Ciencias Sociales,Facultad de Educación y Ciencias Sociales,True,True,alta
2-s2.0-85205043671,2024,6,13,Vallejos-Penaloza G.,vallejos penaloza g,vallejospenaloza,"Departamento de Ginecología y Obstetricia, Facultad de Medicina, Clínica Alemana, Universidad del Desarrollo, Santiago, 7610315, Chile, Departamento de Ginecología y Obstetricia, Hospital Dr Luis Valentín Ferrada, Universidad Finis Terrae, Santiago, 7501014, Chile",,No determinada,True,True,alta
2-s2.0-105014254129,2025,7,9,Erazo P.V.,erazo pv,erazopv,"Servicio de Pediatría, Clínica Universidad de Los Andes, Santiago, Chile, Escuela de Medicina, Universidad Finis Terrae, Santiago, Chile",Escuela de Medicina,Facultad de Medicina y Salud,True,True,alta
2-s2.0-85200534575,2024,1,3,Hartmann Schatloff D.,hartmann schatloff d,hartmannschatloff,"Faculty of Medicine, Finis Terrae University, Santiago, Chile",Faculty of Medicine,Facultad de Medicina y Salud,True,True,alta
2-s2.0-105012890637,2025,10,26,Ferre Contreras A.,ferre contreras a,ferrecontreras,"Critical Care Patient Center, Coordinator Critical Care Patient Center, Clínica Las Condes, Universidad Finis Terrae, Faculty of Medicine, Santiago, Chile",,No determinada,True,True,alta
2-s2.0-85203665259,2024,5,8,Chavez-Reyes A.,chavez reyes a,chavezreyes,"Medical School, Universidad Finis Terrae, Santiago de Chile, 7501014, Chile",,No determinada,True,True,alta
2-s2.0-85182999283,2024,1,1,Molina M.,molina m,molina,"Department of Orthopedic Surgery, Spine Center, Clínica Alemana, Av. Vitacura 5951, Santiago, Chile, Universidad Finis Terrae, School of Medicine, Santiago, Chile",,No determinada,True,True,alta
2-s2.0-105024621696,2025,2,2,Aedo S.,aedo s,aedo,"Faculty of Medicine, University Finis Terrae, Santiago, 7501015, Chile",Faculty of Medicine,Facultad de Medicina y Salud,True,True,alta
2-s2.0-105006749271,2025,1,1,Murray N.P.,murray np,murraynp,"Faculty of Medicine, Universidad Finis Terrae, Santiago, 7501015, Chile, Department of Medicine, Hospital de Carabineros de Chile, Santiago, 7770199, Chile",Faculty of Medicine,Facultad de Medicina y Salud,True,True,alta
2-s2.0-85189175737,2024,5,9,Contreras-Contreras G.,contreras contreras g,contrerascontreras,"Escuela de Nutrición y Dietética, Facultad de Medicina, Universidad Finis Terrae, Santiago, 7501015, Chile",Facultad de Medicina,Facultad de Medicina y Salud,True,True,alta
2-s2.0-85189175737,2024,9,9,Mariotti-Celis M.S.,mariotti celis ms,mariotticelis,"Escuela de Nutrición y Dietética, Facultad de Medicina, Universidad Finis Terrae, Santiago, 7501015, Chile",Facultad de Medicina,Facultad de Medicina y Salud,True,True,alta
2-s2.0-85216338090,2025,25,25,Manzur A.,manzur a,manzur,"Universidad Finis Terrae, Unidad de Medicina Reprodutiva de Clínicas MEDS y Asociación Latinoamericana de Endocrinología Ginecológica (ALEG), Santiago de Chile, Chile",,No determinada,True,True,alta
2-s2.0-85208163795,2024,3,9,Henríquez-Olguín C.,henriquez olguin c,henriquezolguin,"August Krogh Section for Molecular Physiology, Department of Nutrition, Exercise and Sports, University of Copenhagen, Copenhagen, 2100, Denmark, Exercise Science Laboratory, Faculty of Medicine, Universidad Finis Terrae, Santiago, 1509, Chile",Faculty of Medicine,Facultad de Medicina y Salud,True,True,alta
2-s2.0-105008209360,2025,2,4,Guevara E.,guevara e,guevara,"Faculty of Economics and Business, Universidad Finis Terrae, Santiago, Chile",Faculty of Economics and Business,Facultad de Economía y Negocios,True,True,alta
2-s2.0-105009283774,2025,1,3,Diaz F.,diaz f,diaz,"Unidad de Paciente Crítico Pediátrico, Hospital El Carmen de Maipú, Santiago, Chile, Unidad de Investigación y Epidemiología Clínica (UIEC), Escuela de Medicina, Universidad Finis Terrae, Santiago, Chile, Red Colaborativa Pediatrica de Latinoamérica, LARed Network, Santiago, Chile",Escuela de Medicina,Facultad de Medicina y Salud,True,True,alta
2-s2.0-85217580314,2025,1,4,Saenz A.,saenz a,saenz,"Critical Care Department, Finis Terrae University, Santiago, Chile",,No determinada,True,True,alta
2-s2.0-85217580314,2025,2,4,Dreyse J.,dreyse j,dreyse,"Critical Care Department, Finis Terrae University, Santiago, Chile, Critical Care Department, Clinica Las Condes Hospital, Santiago, Chile, Clinica Las Condes Hospital, Respiratory Unit, Santiago, Chile, Clinica Las Condes Hospital, Thoraxic Surgery and Transplant Unit, Santiago, Chile",,No determinada,True,True,alta
2-s2.0-85217580314,2025,4,4,Giglio A.,giglio a,giglio,"Critical Care Department, Finis Terrae University, Santiago, Chile, Critical Care Department, Clinica Las Condes Hospital, Santiago, Chile",,No determinada,True,True,alta
2-s2.0-105008991612,2025,1,8,Etchegaray-Armijo K.,etchegaray armijo k,etchegarayarmijo,"PhD Program in Nutrition and Food, Universidad de Chile, Santiago, Chile, School of Nutrition and Dietetics, Faculty of Medicine, Universidad Finis Terrae, Santiago, Chile",Faculty of Medicine,Facultad de Medicina y Salud,True,True,alta
2-s2.0-105008991612,2025,2,8,Bustos-Arriagada E.,bustos arriagada e,bustosarriagada,"School of Nutrition and Dietetics, Faculty of Medicine, Universidad Finis Terrae, Santiago, Chile",Faculty of Medicine,Facultad de Medicina y Salud,True,True,alta
2-s2.0-85208595172,2024,1,4,Moya P.,moya p,moya,"Salud Pública e Investigación, Universidad Finis Terrae, Santiago, Chile, Instituto de Salud Pública, Universidad Andrés Bello, Santiago, Chile",,No determinada,True,True,alta
2-s2.0-85192205328,2024,4,7,Hidalgo-Rosa Y.,hidalgo rosa y,hidalgorosa,"Departamento de Química Inorgánica, Facultad de Química y de Farmacia, Centro de Energía UC, Centro de Investigación en Nanotecnología y Materiales Avanzados CIEN-UC Pontificia, Universidad Católica de Chile Avenida Vicuña Mackenna, Santiago, 4860, Chile, Facultad de Ingeniería, Universidad Finis Te",Facultad de Ingeniería,Facultad de Ingeniería,True,True,alta
2-s2.0-105013392942,2025,9,14,Nachar R.,nachar r,nachar,"Programa de Intervención Temprana (PROITP), Instituto Psiquiátrico José Horwitz Barak, Santiago, Chile, School of Medicine, Universidad Finis Terrae, Santiago, Chile",School of Medicine,Facultad de Medicina y Salud,True,True,alta
2-s2.0-105013392942,2025,10,14,Mena C.,mena c,mena,"Programa de Intervención Temprana (PROITP), Instituto Psiquiátrico José Horwitz Barak, Santiago, Chile, School of Medicine, Universidad Finis Terrae, Santiago, Chile",School of Medicine,Facultad de Medicina y Salud,True,True,alta
2-s2.0-105013392942,2025,13,14,Gonzalez-Valderrama A.,gonzalez valderrama a,gonzalezvalderrama,"Programa de Intervención Temprana (PROITP), Instituto Psiquiátrico José Horwitz Barak, Santiago, Chile, School of Medicine, Universidad Finis Terrae, Santiago, Chile",School of Medicine,Facultad de Medicina y Salud,True,True,alta
2-s2.0-85194565971,2024,3,3,Henríquez-Olguín C.,henriquez olguin c,henriquezolguin,"The August Krogh Section for Molecular Physiology, Department of Nutrition, Exercise and Sports, University of Copenhagen, Denmark, Exercise Science Laboratory, Faculty of Medicine, Universidad Finis Terrae, Santiago, Chile",Faculty of Medicine,Facultad de Medicina y Salud,True,True,alta
2-s2.0-85197805968,2024,1,11,Benites M.H.,benites mh,benitesmh,"Unidad de Pacientes Críticos, Clínica Las Condes, Santiago, Chile, Facultad de Medicina, Escuela de Medicina, Universidad Finis Terrae, Santiago, Chile, Doctorado en Ciencias Médicas, Escuela de Medicina, Pontificia Universidad Católica de Chile, Santiago, Chile",Escuela de Medicina,Facultad de Medicina y Salud,True,True,alta
2-s2.0-85197805968,2024,6,11,Ferre A.,ferre a,ferre,"Unidad de Pacientes Críticos, Clínica Las Condes, Santiago, Chile, Facultad de Medicina, Escuela de Medicina, Universidad Finis Terrae, Santiago, Chile",Escuela de Medicina,Facultad de Medicina y Salud,True,True,alta
2-s2.0-85197805968,2024,7,11,Dreyse J.,dreyse j,dreyse,"Unidad de Pacientes Críticos, Clínica Las Condes, Santiago, Chile, Facultad de Medicina, Escuela de Medicina, Universidad Finis Terrae, Santiago, Chile",Escuela de Medicina,Facultad de Medicina y Salud,True,True,alta
2-s2.0-85214904344,2025,1,4,Morales-Guevara R.,morales guevara r,moralesguevara,"Laboratorio de Síntesis Organometálica, Centro de Nanociencias Aplicadas (CANS), Facultad de Ciencias Exactas, Universidad Andres Bello, Santiago, Chile, Departamento de Química de los Materiales, Facultad de Química y Biología, Universidad de Santiago de Chile, Santiago, Chile, Facultad de Ingenier",Facultad de Ingeniería,Facultad de Ingeniería,True,True,alta
2-s2.0-85191660176,2024,4,6,Hidalgo-Rosa Y.,hidalgo rosa y,hidalgorosa,"Departamento de Química Inorgánica, Facultad de Química y de Farmacia, Pontificia Universidad Católica de Chile, Vicuña Mackenna 4860, Santiago, 7500000, Chile, Facultad de Ingeniería, Universidad Finis Terrae, Av. Pedro de Valdivia 1509, Santiago, 7500000, Chile",Facultad de Ingeniería,Facultad de Ingeniería,True,True,alta
2-s2.0-105020199353,2025,1,15,Benites M.H.,benites mh,benitesmh,"Centro de Pacientes Críticos, Clínica las Condes, Santiago, Chile, Departamento de Medicina Intensiva, Facultad de Medicina, Pontificia Universidad Católica de Chile, Santiago, Chile, Facultad de Medicina, Escuela de Medicina, Universidad Finis Terrae, Santiago, Chile, Escuela de Medicina, Programa ",Escuela de Medicina,Facultad de Medicina y Salud,True,True,alta
2-s2.0-85206632773,2025,5,6,Hartmann D.,hartmann d,hartmann,"Facultad de Medicina, Universidad Finis Terrae, Santiago, Chile",Facultad de Medicina,Facultad de Medicina y Salud,True,True,alta
2-s2.0-105022004567,2025,2,7,Fernández-Verdejo R.,fernandez verdejo r,fernandezverdejo,"Pennington Biomedical Research Center, Louisiana State University, Baton Rouge, 70802, LA, United States, Centro de Fisiología Del Ejercicio y Metabolismo, Escuela de Kinesiología, Facultad de Medicina, Universidad Finis Terrae, Santiago, 7501015, Chile",Facultad de Medicina,Facultad de Medicina y Salud,True,True,alta
2-s2.0-105001372013,2025,1,7,Rivera-Tovar P.R.,rivera tovar pr,riveratovar,"Nutrition and Dietetics School, Faculty of Medicine, Universidad Finis Terrae, Pedro de Valdivia 1509, Santiago, Providencia, 7501015, Chile",Faculty of Medicine,Facultad de Medicina y Salud,True,True,alta
2-s2.0-105001372013,2025,2,7,Contreras-Contreras G.,contreras contreras g,contrerascontreras,"Nutrition and Dietetics School, Faculty of Medicine, Universidad Finis Terrae, Pedro de Valdivia 1509, Santiago, Providencia, 7501015, Chile",Faculty of Medicine,Facultad de Medicina y Salud,True,True,alta
2-s2.0-105001372013,2025,7,7,Mariotti-Celis M.S.,mariotti celis ms,mariotticelis,"Nutrition and Dietetics School, Faculty of Medicine, Universidad Finis Terrae, Pedro de Valdivia 1509, Santiago, Providencia, 7501015, Chile",Faculty of Medicine,Facultad de Medicina y Salud,True,True,alta
2-s2.0-105037990993,2025,1,2,Zambrano C.,zambrano c,zambrano,"Facultad de Ingenieria, Universidad San Sebastian, Universidad Finis Terrae, Santiago, Chile",,No determinada,True,True,alta
2-s2.0-105017236109,2025,5,5,Bopp M.-J.,bopp m j,bopp,"Faculty of Engineering, Universidad Finis Terrae, Santiago, 7501015, Chile",Faculty of Engineering,Facultad de Ingeniería,True,True,alta
2-s2.0-85215067709,2025,18,18,Aedo S.,aedo s,aedo,"Escuela Medicina, Universidad Finis Terrae, Santiago de Chile, Chile",,No determinada,True,True,alta
2-s2.0-85201146042,2024,3,4,Henríquez-Olguín C.,henriquez olguin c,henriquezolguin,"The August Krogh Section for Molecular Physiology, Department of Nutrition, Exercise and Sports, University of Copenhagen, Universitetsparken 13, Copenhagen, 2100, Denmark, Center of Exercise Physiology and Metabolism, Department of Kinesiology, Faculty of Medicine, Universidad Finis Terrae, Santiag",Faculty of Medicine,Facultad de Medicina y Salud,True,True,alta
2-s2.0-105014613650,2025,3,3,Moyano C.,moyano c,moyano,"Universidad Finis Terrae and Millennium Nucleus on Digital Inequalities and Opportunities (NUDOS), Chile",,No determinada,True,True,alta
2-s2.0-85197149301,2024,5,11,Orellana-Donoso M.,orellana donoso m,orellanadonoso,"Escuela de Medicina, Universidad Finis Terrae, Santiago, 7501015, Chile, Department of Morphological Sciences, Faculty of Medicine and Science, Universidad San Sebastián, Santiago, 8420524, Chile",Escuela de Medicina,Facultad de Medicina y Salud,True,True,alta
2-s2.0-85197148575,2024,5,7,Stöwhas K.,stowhas k,stowhas,"Clínica MEDS, Santiago, 7691236, Chile, Facultad de Medicina, Escuela de Kinesiología, Universidad Finis Terrae, Santiago, 7501014, Chile",Escuela de Kinesiología,Escuela de Kinesiología,True,True,alta
2-s2.0-85195795525,2024,6,11,Orellana-Donoso M.,orellana donoso m,orellanadonoso,"Department of Morphological Sciences, Faculty of Medicine and Science, Universidad San Sebastián, Santiago, 8420524, Chile, Escuela de Medicina, Universidad Finis Terrae, Santiago, 7501015, Chile",Escuela de Medicina,Facultad de Medicina y Salud,True,True,alta
2-s2.0-105013202169,2025,1,9,Morales J.-P.,morales j p,morales,"Business School University of Sydney, Darlington, Australia, Facultad de Educación Psicología y Familia, Universidad Finis Terrae, Santiago, Chile",Facultad de Educación Psicología y Familia,Facultad de Educación y Ciencias Sociales,True,True,alta
2-s2.0-105032964720,2025,3,14,Bellomi P.,bellomi p,bellomi,"AVIO S.p.A., Via Ariana Km 5.2, RM, Colleferro, 00034, Italy, FINIS TERRAE Srl., Via Giacomo Peroni, 130, RM, Roma, 00131, Italy",,No determinada,True,False,media
2-s2.0-105014602755,2025,1,3,Giglio A.,giglio a,giglio,"Critical Care Department, Finis Terrae University and Clinica Las Condes Hospital Faculty of Medicine, Centro de Pacientes Críticos CLC, Estoril 450Santiago, Las Condes, Chile, Critical Care Department, Clinica Las Condes Hospital, Santiago, Chile",,No determinada,True,True,alta
2-s2.0-105014602755,2025,2,3,Ferre A.,ferre a,ferre,"Critical Care Department, Finis Terrae University and Clinica Las Condes Hospital Faculty of Medicine, Centro de Pacientes Críticos CLC, Estoril 450Santiago, Las Condes, Chile, Critical Care Department, Clinica Las Condes Hospital, Santiago, Chile",,No determinada,True,True,alta
2-s2.0-105014602755,2025,3,3,Garcia J.,garcia j,garcia,"Simulation Center, Clinica Las Condes Hospital and Finis Terrae University Faculty of Medicine, Santiago, Chile",,No determinada,True,True,alta
2-s2.0-105009525406,2025,7,8,Henriquez-Olguin C.,henriquez olguin c,henriquezolguin,"August Krogh Section for Human and Molecular Physiology, Department of Nutrition, Exercise and Sports, Faculty of Science, University of Copenhagen, Copenhagen, Denmark, Exercise Science Laboratory, Faculty of Medicine, Universidad Finis Terrae, Santiago, Chile",Faculty of Medicine,Facultad de Medicina y Salud,True,True,alta
2-s2.0-105013309795,2025,12,12,Orellana-Donoso M.,orellana donoso m,orellanadonoso,"Departamento de Morfología, Facultad de Medicina, Universidad Andrés Bello, Santiago, 8370227, Chile, Escuela de Medicina, Universidad Finis Terrae, Santiago, 7501015, Chile",Escuela de Medicina,Facultad de Medicina y Salud,True,True,alta
2-s2.0-85213252656,2024,6,6,Mariotti-Celis M.S.,mariotti celis ms,mariotticelis,"Faculty of Medicine, Nutrition and Dietetics School, Universidad Finis Terrae, Pedro de Valdivia 1509, Santiago, Providencia, 7501015, Chile",Faculty of Medicine,Facultad de Medicina y Salud,True,True,alta
2-s2.0-105002076440,2025,1,4,Urrea F.,urrea f,urrea,"Urology Resident, Faculty of Medicine, Finis Terrae University, Santiago, Chile",Faculty of Medicine,Facultad de Medicina y Salud,True,True,alta
2-s2.0-105002076440,2025,2,4,Villena J.M.,villena jm,villenajm,"Urology Resident, Faculty of Medicine, Finis Terrae University, Santiago, Chile",Faculty of Medicine,Facultad de Medicina y Salud,True,True,alta
2-s2.0-105002076440,2025,3,4,Larrañaga M.,larranaga m,larranaga,"Urology Intern, Faculty of Medicine, Finis Terrae University, Santiago, Chile",Faculty of Medicine,Facultad de Medicina y Salud,True,True,alta
2-s2.0-85207274444,2025,2,4,Vergara F.V.,vergara fv,vergarafv,"Finis Terrae University, Chile",,No determinada,True,True,alta
2-s2.0-85202905959,2024,1,3,Fernández-Verdejo R.,fernandez verdejo r,fernandezverdejo,"Pennington Biomedical Research Center, Louisiana State University, Baton Rouge, LA, United States, Laboratorio de Fisiología del Ejercicio y Metabolismo (LABFEM), Escuela de Kinesiología, Facultad de Medicina, Universidad Finis Terrae, Santiago, Chile",Facultad de Medicina,Facultad de Medicina y Salud,True,True,alta
2-s2.0-105006537091,2025,1,1,Montero V.,montero v,montero,"Universidad Finis Terrae, Chile",,No determinada,True,True,alta
2-s2.0-105034689949,2025,1,2,Casals M.,casals m,casals,"Universidad Finis Terrae, Pedro de Valdivia 1509, Providencia, Santiago, CP 7501015, Chile",,No determinada,True,True,alta
2-s2.0-105015569770,2025,2,11,Giglio A.,giglio a,giglio,"Multidisicplinary Sepsis Group, Son Llatzer Hospital, Palma, 07198, Spain, Health Research Institute of the Balearic Islands (IdISBa), Palma, 07120, Spain, Fundación Codigo Sepsis, Valencia, 46003, Spain, Critical Care Center, Clínica Las Condes Hospital, Santiago, 7591046, Chile, Critical Care Depa",Faculty of Medicine,Facultad de Medicina y Salud,True,True,alta
2-s2.0-85211148658,2024,5,12,Orellana-Donoso M.,orellana donoso m,orellanadonoso,"Escuela de Medicina, Universidad Finis Terrae, Santiago, 7501015, Chile, Faculty of Health and Social Sciences, Universidad de Las Américas, Santiago, 8370040, Chile",Escuela de Medicina,Facultad de Medicina y Salud,True,True,alta
2-s2.0-105030927249,2025,1,8,Díaz F.,diaz f,diaz,"Unidad de Investigación y Epidemiología Clínica, UIEC, Escuela de Medicina, Universidad Finis Terrae, Santiago, Chile, Hospital El Carmen de Maipú, Santiago, Chile, Red Colaborativa Pediátrica de Latinoamérica, LARed Network, Chile",Escuela de Medicina,Facultad de Medicina y Salud,True,True,alta
2-s2.0-85205318422,2024,6,11,Orellana-Donoso M.,orellana donoso m,orellanadonoso,"Escuela de Medicina, Universidad Finis Terrae, Santiago, 7501015, Chile, Department of Morphological Sciences, Faculty of Medicine and Science, Universidad San Sebastián, Santiago, Chile",Escuela de Medicina,Facultad de Medicina y Salud,True,True,alta
2-s2.0-105024771428,2024,1,1,Hernández R.N.,hernandez rn,hernandezrn,"Universidad Finis Terrae, Santiago, Chile",,No determinada,True,True,alta
2-s2.0-85207388806,2024,8,14,Movement Sciences (NUTRIM),movement sciences nutrim,movementsciences,"Maastricht, Netherlands, Exercise Physiology and Metabolism Laboratory (LABFEM), School of Kinesiology, Faculty of Medicine, Universidad Finis Terrae, Santiago, Chile",Faculty of Medicine,Facultad de Medicina y Salud,True,True,alta
2-s2.0-85183561640,2024,1,2,Guevara Ó.J.,guevara oj,guevaraoj,"Universidad Finis Terrae, Facultad de Economía y Negocios, Av. Pedro de Valdivia 1509, Santiago, Providencia, Chile",,No determinada,True,True,alta
2-s2.0-105016573331,2025,6,6,Mujika I.,mujika i,mujika,"Department of Physiology, Faculty of Medicine and Nursing, University of the Basque Country UPV/EHU, Leioa, Spain, Exercise Science Laboratory, School of Kinesiology, Faculty of Medicine, Universidad Finis Terrae, Santiago, Chile",Faculty of Medicine,Facultad de Medicina y Salud,True,True,alta
2-s2.0-105003590751,2025,1,4,Neira M.,neira m,neira,"Escuela de Nutrición y Dietética, Universidad Finis Terrae, Santiago, 7501015, Chile",Escuela de Nutrición y Dietética,Escuela de Nutrición y Dietética,True,True,alta
2-s2.0-105003590751,2025,2,4,Mena C.,mena c,mena,"Escuela de Nutrición y Dietética, Universidad Finis Terrae, Santiago, 7501015, Chile",Escuela de Nutrición y Dietética,Escuela de Nutrición y Dietética,True,True,alta
2-s2.0-105003590751,2025,3,4,Torres K.,torres k,torres,"Escuela de Nutrición y Dietética, Universidad Finis Terrae, Santiago, 7501015, Chile",Escuela de Nutrición y Dietética,Escuela de Nutrición y Dietética,True,True,alta
2-s2.0-105003590751,2025,4,4,Simón L.,simon l,simon,"Escuela de Nutrición y Dietética, Universidad Finis Terrae, Santiago, 7501015, Chile",Escuela de Nutrición y Dietética,Escuela de Nutrición y Dietética,True,True,alta
2-s2.0-85202769941,2025,5,6,Molina C.,molina c,molina,"Facultad de Medicina, Universidad Finis Terrae, Santiago, Chile",Facultad de Medicina,Facultad de Medicina y Salud,True,True,alta
2-s2.0-85207330751,2024,1,3,Bustos-Arriagada E.,bustos arriagada e,bustosarriagada,"Faculty of Medicine, Nutrition and Dietetics School, Universidad Finis Terrae, Pedro de Valdivia 1509, Santiago, Providencia, 7501015, Chile",Faculty of Medicine,Facultad de Medicina y Salud,True,True,alta
2-s2.0-85207330751,2024,3,3,Mariotti-Celis M.S.,mariotti celis ms,mariotticelis,"Faculty of Medicine, Nutrition and Dietetics School, Universidad Finis Terrae, Pedro de Valdivia 1509, Santiago, Providencia, 7501015, Chile",Faculty of Medicine,Facultad de Medicina y Salud,True,True,alta
2-s2.0-105010256496,2025,6,6,Mariotti-Celis M.S.,mariotti celis ms,mariotticelis,"Nutrition and Dietetics School, Faculty of Medicine, Universidad Finis Terrae, Pedro de Valdivia 1509, Santiago, Providencia, 7501015, Chile",Faculty of Medicine,Facultad de Medicina y Salud,True,True,alta
2-s2.0-105021636801,2025,3,4,Bustos-Arriagada E.,bustos arriagada e,bustosarriagada,"Faculty of Medicine, Nutrition and Dietetics School, Universidad Finis Terrae, Pedro de Valdivia 1509, Providencia, Santiago, 7501015, Chile",Faculty of Medicine,Facultad de Medicina y Salud,True,True,alta
2-s2.0-105021636801,2025,4,4,Etchegaray-Armijo K.,etchegaray armijo k,etchegarayarmijo,"Faculty of Medicine, Nutrition and Dietetics School, Universidad Finis Terrae, Pedro de Valdivia 1509, Providencia, Santiago, 7501015, Chile",Faculty of Medicine,Facultad de Medicina y Salud,True,True,alta
2-s2.0-85184054027,2024,4,4,Paredes R.,paredes r,paredes,"Facultad de Ingeniería, Universidad Finis Terrae, Av. Pedro de Valdivia 1509, Providencia, Santiago, Chile",Facultad de Ingeniería,Facultad de Ingeniería,True,True,alta
2-s2.0-85198416544,2024,1,4,Trautmann D.,trautmann d,trautmann,"Nutrition and Dietetic School, Universidad Finis Terrae, Santiago, 7501015, Chile",,No determinada,True,True,alta
2-s2.0-85198416544,2024,2,4,Suazo F.,suazo f,suazo,"Nutrition and Dietetic School, Universidad Finis Terrae, Santiago, 7501015, Chile",,No determinada,True,True,alta
2-s2.0-85198416544,2024,3,4,Torres K.,torres k,torres,"Nutrition and Dietetic School, Universidad Finis Terrae, Santiago, 7501015, Chile, Department of Hematology and Oncology, School of Medicine, Pontificia Universidad Católica de Chile, Santiago, 8331150, Chile",,No determinada,True,True,alta
2-s2.0-85198416544,2024,4,4,Simón L.,simon l,simon,"Nutrition and Dietetic School, Universidad Finis Terrae, Santiago, 7501015, Chile",,No determinada,True,True,alta
2-s2.0-85199900489,2024,2,9,Zaio Á.,zaio a,zaio,"Laboratorio de Fisiología del Ejercicio y Metabolismo, Escuela de Kinesiología, Facultad de Medicina, Universidad Finis Terrae, Santiago, 7501015, Chile",Facultad de Medicina,Facultad de Medicina y Salud,True,True,alta
2-s2.0-85199900489,2024,8,9,Castro M.,castro m,castro,"Laboratorio de Fisiología del Ejercicio y Metabolismo, Escuela de Kinesiología, Facultad de Medicina, Universidad Finis Terrae, Santiago, 7501015, Chile",Facultad de Medicina,Facultad de Medicina y Salud,True,True,alta
2-s2.0-85191194456,2024,1,3,Tapia-Curimil G.,tapia curimil g,tapiacurimil,"Exercise Physiology and Metabolism Laboratory, School of Kinesiology, Faculty of Medicine, Universidad Finis Terrae, Santiago, Chile, Centro de Salud Deportiva, Clínica Santa María, Santiago, Chile",Faculty of Medicine,Facultad de Medicina y Salud,True,True,alta
2-s2.0-85191194456,2024,2,3,Castro-Sepulveda M.,castro sepulveda m,castrosepulveda,"Exercise Physiology and Metabolism Laboratory, School of Kinesiology, Faculty of Medicine, Universidad Finis Terrae, Santiago, Chile",Faculty of Medicine,Facultad de Medicina y Salud,True,True,alta
2-s2.0-85191194456,2024,3,3,Zbinden-Foncea H.,zbinden foncea h,zbindenfoncea,"Exercise Physiology and Metabolism Laboratory, School of Kinesiology, Faculty of Medicine, Universidad Finis Terrae, Santiago, Chile, Centro de Salud Deportiva, Clínica Santa María, Santiago, Chile, Facultad de Ciencias de la Salud, Universidad Francisco de Vitoria, Madrid, Spain",Faculty of Medicine,Facultad de Medicina y Salud,True,True,alta
2-s2.0-105037997770,2025,1,2,Galleguillos R.,galleguillos r,galleguillos,"Faculty of Engineering, Universidad Finis Terrae Providencia, Santiago, Chile",Faculty of Engineering,Facultad de Ingeniería,True,True,alta
2-s2.0-105037997770,2025,2,2,Ponce P.,ponce p,ponce,"Faculty of Engineering, Universidad Finis Terrae Providencia, Santiago, Chile",Faculty of Engineering,Facultad de Ingeniería,True,True,alta
2-s2.0-105001353763,2025,1,6,Tiscornia C.,tiscornia c,tiscornia,"Escuela de Nutrición y Dietética, Universidad Finis Terrae, Santiago, 7501014, Chile",Escuela de Nutrición y Dietética,Escuela de Nutrición y Dietética,True,True,alta
2-s2.0-105001353763,2025,2,6,Tapia V.,tapia v,tapia,"Escuela de Nutrición y Dietética, Universidad Finis Terrae, Santiago, 7501014, Chile",Escuela de Nutrición y Dietética,Escuela de Nutrición y Dietética,True,True,alta
2-s2.0-105001353763,2025,3,6,Águila D.,aguila d,aguila,"Escuela de Nutrición y Dietética, Universidad Finis Terrae, Santiago, 7501014, Chile",Escuela de Nutrición y Dietética,Escuela de Nutrición y Dietética,True,True,alta
2-s2.0-105001353763,2025,4,6,Lorca-Ponce E.,lorca ponce e,lorcaponce,"Escuela de Enfermería, Universidad Finis Terrae, Santiago, 7501014, Chile, Escuela de Kinesiología, Facultad de Arte y Educación Física, Universidad Metropolitana en Ciencias de la Santiago, Santiago, 7760197, Chile",Escuela de Enfermería,Escuela de Enfermería,True,True,alta
2-s2.0-105001353763,2025,6,6,Vásquez F.,vasquez f,vasquez,"Escuela de Nutrición y Dietética, Universidad Finis Terrae, Santiago, 7501014, Chile",Escuela de Nutrición y Dietética,Escuela de Nutrición y Dietética,True,True,alta
2-s2.0-85203352103,2024,1,7,Diaz-Pizarro M.,diaz pizarro m,diazpizarro,"Exercise Physiology and Metabolism Laboratory, School of Kinesiology, Universidad Finis Terrae, Santiago, Chile",School of Kinesiology,Escuela de Kinesiología,True,True,alta
2-s2.0-85203352103,2024,2,7,Pino-Zúñiga J.,pino zuniga j,pinozuniga,"Exercise Physiology and Metabolism Laboratory, School of Kinesiology, Universidad Finis Terrae, Santiago, Chile, Centro BIO, Santiago, Chile",School of Kinesiology,Escuela de Kinesiología,True,True,alta
2-s2.0-85203352103,2024,7,7,Cancino-Lopez J.,cancino lopez j,cancinolopez,"Exercise Physiology and Metabolism Laboratory, School of Kinesiology, Universidad Finis Terrae, Santiago, Chile",School of Kinesiology,Escuela de Kinesiología,True,True,alta
2-s2.0-85187672325,2024,4,7,Valle M.A.,valle ma,vallema,"Facultad de Economía y Negocios, Universidad Finis Terrae, Santiago, Chile",Facultad de Economía y Negocios,Facultad de Economía y Negocios,True,True,alta
2-s2.0-85179989770,2024,1,7,Strauss F.J.,strauss fj,straussfj,"Clinic of Reconstructive Dentistry, Center of Dental Medicine, University of Zurich, Zurich, Switzerland, Department of Conservative Dentistry, Faculty of Dentistry, University of Chile, Santiago, Chile, Faculty of Dentistry, Universidad Finis Terrae, Santiago, Chile",Faculty of Dentistry,Facultad de Odontología,True,True,alta
2-s2.0-85208550405,2024,1,2,Martineau P.D.H.C.,martineau pdhc,martineaupdhc,"Centro de Investigación en Educación Médica y Ciencias de la Salud, Universidad Finis Terrae Santiago, Chile, Fundación Instituto Profesional Duoc UC, Santiago, Chile",,No determinada,True,True,alta
2-s2.0-85208550405,2024,2,2,Cortina A.H.,cortina ah,cortinaah,"Escuela de Enfermería, Facultad de Medicina, Universidad Finis Terrae, Santiago, Chile",Facultad de Medicina,Facultad de Medicina y Salud,True,True,alta
2-s2.0-105010933575,2025,35,79,Gonzalez-Valderrama A.,gonzalez valderrama a,gonzalezvalderrama,"Early Intervention Program, Instituto Psiquiátrico Dr. J. Horwitz Barak, Santiago, Chile, School of Medicine, Universidad Finis Terrae, Santiago, Chile",School of Medicine,Facultad de Medicina y Salud,True,True,alta
2-s2.0-105017453190,2025,22,80,Galleguillos R.B.,galleguillos rb,galleguillosrb,"Millennium Institute of Astrophysics (MAS), Nuncio Monseñor Sótero Sanz 100, Providencia, Santiago, Chile, Faculty of Engineering, Finis Terrae University, 1509 Pedro de Valdivia Ave, RM, Providencia, Chile",Faculty of Engineering,Facultad de Ingeniería,True,True,alta
2-s2.0-105024993739,2025,1,5,Aguilar-Risco C.,aguilar risco c,aguilarrisco,"Master in Health and Sports Sciences, Faculty of Medicine, Finis Terrae University, Santiago, Chile, Escuela de Kinesiología, Facultad de Odontología y Ciencias de la Rehabilitación, Universidad San Sebastián, Valdivia, Chile, Escuela de Kinesiología, Instituto de Aparato Locomotor y Rehabilitación,",Faculty of Medicine,Facultad de Medicina y Salud,True,True,alta
2-s2.0-105024993739,2025,5,5,Mendez-Rebolledo G.,mendez rebolledo g,mendezrebolledo,"Master in Health and Sports Sciences, Faculty of Medicine, Finis Terrae University, Santiago, Chile, Laboratorio de Investigación Somatosensorial y Motora, Escuela de Kinesiología, Faculta de Salud, Universidad Santo Tomás, Talca, Chile",Faculty of Medicine,Facultad de Medicina y Salud,True,True,alta
2-s2.0-105014339563,2025,3,7,Mariotti-Celis M.S.,mariotti celis ms,mariotticelis,"Escuela de Nutrición y Dietética, Facultad de Medicina, Universidad Finis Terrae, Pedro de Valdivia 1509, Santiago, Chile",Facultad de Medicina,Facultad de Medicina y Salud,True,True,alta
2-s2.0-85206501956,2024,2,10,Morales-Guevara R.,morales guevara r,moralesguevara,"Laboratory of Organometallic Synthesis, Center of Applied NanoSciences (CANS), Facultad de Ciencias Exactas, Universidad Andres Bello, República 330, Santiago, 8370186, Chile, Departamento de Química de los Materiales, Facultad de Química y Biología, Universidad de Santiago de Chile, Av. Libertador ",Facultad de Ingeniería,Facultad de Ingeniería,True,True,alta
2-s2.0-105014292965,2025,1,3,Escobar-González S.,escobar gonzalez s,escobargonzalez,"Universidad Finis Terrae, CIPEF, Chile",,No determinada,True,True,alta
2-s2.0-105023068352,2025,7,13,Lang M.,lang m,lang,"Departamento de Kinesiología, Facultad de Medicina, Universidad de Chile, Santiago, 8580453, Chile, Facultad de Medicina, Universidad Finis Terrae, Santiago, 7501015, Chile",Facultad de Medicina,Facultad de Medicina y Salud,True,True,alta
2-s2.0-105023068352,2025,9,13,Quezada M.,quezada m,quezada,"Facultad de Medicina, Universidad Finis Terrae, Santiago, 7501015, Chile",Facultad de Medicina,Facultad de Medicina y Salud,True,True,alta
2-s2.0-85208406087,2024,3,3,Puyol F.,puyol f,puyol,"Universidad Finis Terrae, Santiago, Chile",,No determinada,True,True,alta
2-s2.0-85209768147,2025,4,6,López-Arana S.,lopez arana s,lopezarana,"Escuela de Nutrición y Dietética, Facultad de Medicina, Universidad Finis Terrae, Santiago, Chile",Facultad de Medicina,Facultad de Medicina y Salud,True,True,alta
2-s2.0-105007196459,2025,2,3,Reyes M.,reyes m,reyes,"Universidad Finis Terrae, Santiago, Chile",,No determinada,True,True,alta
2-s2.0-105007196459,2025,3,3,Díaz F.,diaz f,diaz,"Red Pediátrica Colaborativa de Latino América (LARed Network), Argentina, Unidad de Investigación y Epidemiología Clínica, Facultad de Medicina, Universidad Finis Terrae, Santiago, Chile, Unidad de Paciente Crítico Pediátrico, Hospital El Carmen de Maipú, Santiago, Chile",Facultad de Medicina,Facultad de Medicina y Salud,True,True,alta
2-s2.0-85208235194,2025,1,3,Hidalgo M.,hidalgo m,hidalgo,"FDI - Universidad Finis Terrae, Santiago, Chile, DII - Universidad Técnica Federico Santa María, Valparaíso, Chile",,No determinada,True,True,alta
2-s2.0-85190519023,2024,1,6,Pino-Zúñiga J.,pino zuniga j,pinozuniga,"Bariatric Center BIO, Santiago, Chile, Exercise Physiology and Metabolism Laboratory, School of Kinesiology, Faculty of Medicine, Finis Terrae University, Pedro de Valdivia #1509, Providencia, Santiago, Chile",Faculty of Medicine,Facultad de Medicina y Salud,True,True,alta
2-s2.0-85190519023,2024,2,6,Olivares M.,olivares m,olivares,"Bariatric Center BIO, Santiago, Chile, Exercise Physiology and Metabolism Laboratory, School of Kinesiology, Faculty of Medicine, Finis Terrae University, Pedro de Valdivia #1509, Providencia, Santiago, Chile",Faculty of Medicine,Facultad de Medicina y Salud,True,True,alta
2-s2.0-85190519023,2024,6,6,Cancino-López J.,cancino lopez j,cancinolopez,"Exercise Physiology and Metabolism Laboratory, School of Kinesiology, Faculty of Medicine, Finis Terrae University, Pedro de Valdivia #1509, Providencia, Santiago, Chile",Faculty of Medicine,Facultad de Medicina y Salud,True,True,alta
2-s2.0-105022805166,2025,8,12,Ramos T.,ramos t,ramos,"Memory Unit, Memory and Neuropsychiatric Center (CMYN), Faculty of Medicine, Neurology Department, Hospital del Salvador, Universidad de Chile, Metropolitan Region, Santiago, 8420000, Chile, Faculty of Medicine, Department of Neurology, Universidad Finis Terrae, Metropolitan Region, Santiago, 750000",Faculty of Medicine,Facultad de Medicina y Salud,True,True,alta
2-s2.0-105003371923,2025,2,5,Giglio A.,giglio a,giglio,"Critical Care Department, Finis Terrae University, Providencia, Chile, Critical Care Department, Clínica las Condes Hospital, Las Condes, Chile",,No determinada,True,True,alta
2-s2.0-105012964277,2025,1,3,López Arana S.,lopez arana s,lopezarana,"Escuela de Nutrición y Dietética, Facultad de Medicina, Universidad Finis Terrae, Santiago, Chile",Facultad de Medicina,Facultad de Medicina y Salud,True,True,alta
2-s2.0-105012964277,2025,2,3,Conti Donoso F.,conti donoso f,contidonoso,"Escuela de Nutrición y Dietética, Facultad de Medicina, Universidad Finis Terrae, Santiago, Chile",Facultad de Medicina,Facultad de Medicina y Salud,True,True,alta
2-s2.0-105012964277,2025,3,3,Castillo Valenzuela O.,castillo valenzuela o,castillovalenzuela,"Escuela de Nutrición y Dietética, Facultad de Medicina, Universidad Finis Terrae, Santiago, Chile",Facultad de Medicina,Facultad de Medicina y Salud,True,True,alta
2-s2.0-105044988818,2024,1,1,Widow G.L.,widow gl,widowgl,"Universidad de Padua, Italy, Facultad de Humanidades y Comunicaciones de la Universidad Finis Terrae, Chile",,No determinada,True,False,media
2-s2.0-85189700511,2024,1,2,Vidal C. M.,vidal c m,vidal,"Facultad de Medicina, Universidad Finis Terrae, Santiago, Chile",Facultad de Medicina,Facultad de Medicina y Salud,True,True,alta
2-s2.0-105002655309,2025,3,4,Mujika I.,mujika i,mujika,"Department of Physiology, Faculty of Medicine and Nursing, University of the Basque Country, Leioa, Basque Country, Spain, Exercise Science Laboratory, School of Kinesiology, Faculty of Medicine, Universidad Finis Terrae, Santiago, Chile",Faculty of Medicine,Facultad de Medicina y Salud,True,True,alta
2-s2.0-105003736290,2025,1,2,Arroyo A.,arroyo a,arroyo,"Facultad de Medicina, Universidad Finis Terrae, Santiago, Chile, Centro de Pacientes Críticos, Clínica Las Condes, Santiago, Chile",Facultad de Medicina,Facultad de Medicina y Salud,True,True,alta
2-s2.0-105003736290,2025,2,2,Reccius A.,reccius a,reccius,"Facultad de Medicina, Universidad Finis Terrae, Santiago, Chile, Centro de Pacientes Críticos, Clínica Las Condes, Santiago, Chile",Facultad de Medicina,Facultad de Medicina y Salud,True,True,alta
2-s2.0-105019256759,2025,1,2,Pizarro S.I.,pizarro si,pizarrosi,"Facultad de Medicina, Universidad Finis Terrae, Santiago Metropolitan Region, Santiago, 7501014, Chile, SAMU Metropolitano, Santiago, Chile",Facultad de Medicina,Facultad de Medicina y Salud,True,True,alta
2-s2.0-105019930683,2025,3,5,Figueroa-Moya D.,figueroa moya d,figueroamoya,Universidad Finis Terrae,,No determinada,True,True,alta
2-s2.0-105003481210,2025,2,6,Martín M.J.S.,martin mjs,martinmjs,"Escuela de Psicología, Facultad de Educación, Psicología y Familia, Universidad Finis Terrae, Santiago, Chile",Facultad de Educación,Facultad de Educación y Ciencias Sociales,True,True,alta
2-s2.0-85218453368,2025,1,3,González I.,gonzalez i,gonzalez,"Center for Biomedical Research (CIBMED), Faculty of Medicine, Universidad Finis Terrae, Santiago, Chile",Faculty of Medicine,Facultad de Medicina y Salud,True,True,alta
2-s2.0-85218453368,2025,3,3,Maldonado-Agurto R.,maldonado agurto r,maldonadoagurto,"Center for Biomedical Research (CIBMED), Faculty of Medicine, Universidad Finis Terrae, Santiago, Chile",Faculty of Medicine,Facultad de Medicina y Salud,True,True,alta
2-s2.0-105022732486,2025,1,5,San Martín T.,san martin t,sanmartin,"Medical Oncology Specialty Training Program, Finis Terrae University, Santiago, Chile",,No determinada,True,True,alta
2-s2.0-105020273091,2025,2,9,Valderrama E P.,valderrama e p,valderrama,"School of Medicine, Finis Terrae University, Santiago, Chile",School of Medicine,Facultad de Medicina y Salud,True,True,alta
2-s2.0-105004457421,2025,1,3,González S.E.,gonzalez se,gonzalezse,"Universidad de Chile, Universidad de Lleida, Spain, Académico de la Facultad de Educación, Universidad Finis Terrae, Chile",Facultad de Educación,Facultad de Educación y Ciencias Sociales,True,True,alta
2-s2.0-105004457421,2025,3,3,Silva I.M.,silva im,silvaim,"Pontificia Universidad Católica de Chile, Chile, Universidad Nacional Autónoma de México, Mexico, Universidad Finis Terrae, Chile",,No determinada,True,True,alta
2-s2.0-105005519883,2025,18,29,Henriquez-Olguín C.,henriquez olguin c,henriquezolguin,"Department of Nutrition, Exercise and Sports, Faculty of Science, University of Copenhagen, Copenhagen, Denmark, Center for Exercise Physiology and Metabolism, Department of Kinesiology, Faculty of Medicine, Universidad Finis Terrae, Santiago, Chile",Faculty of Medicine,Facultad de Medicina y Salud,True,True,alta
2-s2.0-105007047226,2025,6,7,Cancino-López J.,cancino lopez j,cancinolopez,"Exercise Physiology and Metabolism Laboratory, Escuela de Kinesiología, Universidad Finis Terrae, Santiago, Chile",Escuela de Kinesiología,Escuela de Kinesiología,True,True,alta
2-s2.0-85215785622,2024,2,3,Flores P.C.,flores pc,florespc,"Universidad Finis Terrae, Alberto Henckel 2317, Providencia, 7510450, Chile",,No determinada,True,True,alta
2-s2.0-85217977198,2025,1,6,Verschae G.,verschae g,verschae,"Facultad de Medicina, Universidad Finis Terrae, Santiago, Chile, Departamento de Traumatología y Ortopedia, Clínica Las Condes, Santiago, Chile, Instituto de Seguridad del Trabajo, Santiago, Chile",Facultad de Medicina,Facultad de Medicina y Salud,True,True,alta
2-s2.0-85217977198,2025,2,6,Val V.,val v,val,"Facultad de Medicina, Universidad Finis Terrae, Santiago, Chile",Facultad de Medicina,Facultad de Medicina y Salud,True,True,alta
2-s2.0-85217977198,2025,3,6,Alba V.,alba v,alba,"Facultad de Medicina, Universidad Finis Terrae, Santiago, Chile",Facultad de Medicina,Facultad de Medicina y Salud,True,True,alta
2-s2.0-85217977198,2025,5,6,Pavez S.,pavez s,pavez,"Facultad de Medicina, Universidad Finis Terrae, Santiago, Chile",Facultad de Medicina,Facultad de Medicina y Salud,True,True,alta
2-s2.0-85217977198,2025,6,6,Cid N.,cid n,cid,"Facultad de Medicina, Universidad Finis Terrae, Santiago, Chile",Facultad de Medicina,Facultad de Medicina y Salud,True,True,alta
2-s2.0-105015390928,2025,8,9,Manzur A.,manzur a,manzur,"Obstetricia y Ginecología, Universidad Finis Terrae y Clínica MEDS, Santiago de Chile, Chile",,No determinada,True,True,alta
2-s2.0-105008652475,2025,8,14,Retamal M.J.,retamal mj,retamalmj,"Faculty of Engineering, Universidad Finis Terrae, Santiago, Chile",Faculty of Engineering,Facultad de Ingeniería,True,True,alta
2-s2.0-105024475536,2025,9,15,Orellana-Donoso M.,orellana donoso m,orellanadonoso,"Escuela de Medicina, Universidad Finis Terrae, Santiago, 7501015, Chile, Universidad San Sebastián, 7510157, Chile",Escuela de Medicina,Facultad de Medicina y Salud,True,True,alta
2-s2.0-85201500956,2024,1,5,Ruiz-Riquelme P.,ruiz riquelme p,ruizriquelme,"Escuela de Medicina, Universidad Finis Terrae, Santiago, Chile, Equipo Tobillo y Pie, Departamento Traumatología y Ortopedia, Clínica Las Condes, Santiago, Chile, Equipo Tobillo y Pie, Departamento Traumatología y Ortopedia, Hospital Clínico La Florida, Santiago, Chile",Escuela de Medicina,Facultad de Medicina y Salud,True,True,alta
2-s2.0-85201500956,2024,2,5,Cáceres-Hernández A.,caceres hernandez a,cacereshernandez,"Escuela de Medicina, Universidad Finis Terrae, Santiago, Chile",Escuela de Medicina,Facultad de Medicina y Salud,True,True,alta
2-s2.0-85201500956,2024,4,5,Quintana-Guiñez F.,quintana guinez f,quintanaguinez,"Escuela de Medicina, Universidad Finis Terrae, Santiago, Chile",Escuela de Medicina,Facultad de Medicina y Salud,True,True,alta
2-s2.0-85201500956,2024,5,5,Castro-Cruz M.,castro cruz m,castrocruz,"Escuela de Medicina, Universidad Finis Terrae, Santiago, Chile, Unidad de Investigación y Epidemiología Clínica, Universidad Finis Terrae, Santiago, Chile",Escuela de Medicina,Facultad de Medicina y Salud,True,True,alta
2-s2.0-85189157391,2024,1,9,Ferre A.,ferre a,ferre,"Critical Care Medicine Program, Universidad Finis Terrae, Santiago, Chile, Adult Critical Care Unit, Clinica Las Condes, Santiago, Chile",,No determinada,True,True,alta
2-s2.0-85189157391,2024,2,9,Giglio A.,giglio a,giglio,"Critical Care Medicine Program, Universidad Finis Terrae, Santiago, Chile, Adult Critical Care Unit, Clinica Las Condes, Santiago, Chile",,No determinada,True,True,alta
2-s2.0-85189157391,2024,5,9,Van Sint Jan N.,van sint jan n,vansint,"Critical Care Medicine Program, Universidad Finis Terrae, Santiago, Chile, Adult Critical Care Unit, Clinica Las Condes, Santiago, Chile",,No determinada,True,True,alta
2-s2.0-85189157391,2024,7,9,Reccius A.,reccius a,reccius,"Critical Care Medicine Program, Universidad Finis Terrae, Santiago, Chile, Adult Critical Care Unit, Clinica Las Condes, Santiago, Chile, Neurology Department, Clinica Las Condes, Santiago, Chile",,No determinada,True,True,alta
2-s2.0-85189157391,2024,8,9,Dreyse J.,dreyse j,dreyse,"Critical Care Medicine Program, Universidad Finis Terrae, Santiago, Chile, Adult Critical Care Unit, Clinica Las Condes, Santiago, Chile",,No determinada,True,True,alta
2-s2.0-85189157391,2024,9,9,Hasbun P.,hasbun p,hasbun,"Critical Care Medicine Program, Universidad Finis Terrae, Santiago, Chile, Adult Critical Care Unit, Clinica Las Condes, Santiago, Chile",,No determinada,True,True,alta
2-s2.0-85191358580,2024,4,5,Muzard A.,muzard a,muzard,"Doctoral Program in Psychotherapy, School of Psychology, Pontificia Universidad Católica de Chile, Av. Vicuña Mackenna 4860, Santiago, Chile, Millennium Institute for Research in Depression and Personality (MIDAP), Santiago, Chile, School of Psychology, Finis Terrae University, Santiago, Chile",School of Psychology,Facultad de Educación y Ciencias Sociales,True,True,alta
2-s2.0-105001475943,2025,3,6,Mariotti-Cellis M.S.,mariotti cellis ms,mariotticellis,"Universidad Finis Terrae, Escuela de Nutrición & Dietética, Facultad de Medicina, Pedro Valdivia 1509, Santiago, Chile",,No determinada,True,True,alta
2-s2.0-85219011365,2025,1,2,Díaz F.,diaz f,diaz,"Unidad de Paciente Crítico Pediátrico, Hospital El Carmen de Maipú, Santiago, Chile, Unidad de Investigación y Epidemiología Clínica, Facultad de Medicina, Universidad Finis Terrae, Santiago, Chile, LARed Network, Chile",Facultad de Medicina,Facultad de Medicina y Salud,True,True,alta
2-s2.0-85219011365,2025,2,2,Carvajal C.,carvajal c,carvajal,"Unidad de Investigación y Epidemiología Clínica, Facultad de Medicina, Universidad Finis Terrae, Santiago, Chile, LARed Network, Chile",Facultad de Medicina,Facultad de Medicina y Salud,True,True,alta
2-s2.0-105000111424,2025,29,122,Castiglioni C.,castiglioni c,castiglioni,"Department of Neurology, Clinica Meds, School of Medicine, Universidad Finis Terrae, Santiago, Chile",School of Medicine,Facultad de Medicina y Salud,True,True,alta
2-s2.0-105022964082,2025,3,3,Mujika I.,mujika i,mujika,"Department of Physiology, Faculty of Medicine and Nursing, University of the Basque Country, Basque Country, Leioa, Spain, Exercise Science Laboratory, School of Kinesiology, Faculty of Medicine, Universidad Finis Terrae, Santiago, Chile",Faculty of Medicine,Facultad de Medicina y Salud,True,True,alta
2-s2.0-85149541629,2025,5,6,Mujika I.,mujika i,mujika,"Department of Physiology, Faculty of Medicine and Nursing, University of the Basque Country, Leioa, Spain, Exercise Science Laboratory, School of Kinesiology, Faculty of Medicine, University of Finis Terrae, Santiago, Chile",,No determinada,True,True,alta
2-s2.0-105006772737,2025,6,13,Orellana-Donoso M.,orellana donoso m,orellanadonoso,"Escuela de Medicina, Universidad Finis Terrae, Santiago, 7501015, Chile",Escuela de Medicina,Facultad de Medicina y Salud,True,True,alta
2-s2.0-105002132315,2025,1,9,Ayares G.,ayares g,ayares,"Departamento de Gastroenterología, Escuela de Medicina, Pontificia Universidad Católica de Chile, Santiago, Chile, Escuela de Medicina, Universidad Finis Terrae, Santiago, Chile",Escuela de Medicina,Facultad de Medicina y Salud,True,True,alta
2-s2.0-105007292368,2025,1,4,Pedreros C.,pedreros c,pedreros,"Critical Care Department, Finis Terrae University Faculty of Medicine, Santiago, Chile, Critical Care Department, Clinica Las Condes Hospital, Santiago, Chile",,No determinada,True,True,alta
2-s2.0-105007292368,2025,2,4,Saenz A.,saenz a,saenz,"Critical Care Department, Finis Terrae University Faculty of Medicine, Santiago, Chile, Critical Care Department, Clinica Las Condes Hospital, Santiago, Chile",,No determinada,True,True,alta
2-s2.0-105007292368,2025,3,4,Ferre A.,ferre a,ferre,"Critical Care Department, Finis Terrae University Faculty of Medicine, Santiago, Chile, Critical Care Department, Clinica Las Condes Hospital, Santiago, Chile",,No determinada,True,True,alta
2-s2.0-105007292368,2025,4,4,Giglio A.,giglio a,giglio,"Critical Care Department, Finis Terrae University Faculty of Medicine, Santiago, Chile, Critical Care Department, Clinica Las Condes Hospital, Santiago, Chile",,No determinada,True,True,alta
2-s2.0-85191103643,2024,7,11,Dreyse J.,dreyse j,dreyse,"Department of Internal Medicine and Critical Care Center, Clínica Las Condes, School of Medicine Universidad Finis Terrae, Santiago, Chile",,No determinada,True,True,alta
2-s2.0-105033170449,2025,1,2,Thielemann L.,thielemann l,thielemann,"Universidad Finis Terrae, Santiago, Chile",,No determinada,True,True,alta
2-s2.0-105033170449,2025,2,2,Caffarena P.,caffarena p,caffarena,"Universidad Finis Terrae, Santiago, Chile",,No determinada,True,True,alta
2-s2.0-105000398688,2025,1,1,Yanine F.,yanine f,yanine,"Faculty of Engineering, Universidad Finis Terrae, Santiago, Chile",Faculty of Engineering,Facultad de Ingeniería,True,True,alta
2-s2.0-85201364254,2024,2,2,Sepúlveda P. P.,sepulveda p p,sepulveda,"Facultad de Medicina, Universidad Finis Terrae, Santiago, Chile",Facultad de Medicina,Facultad de Medicina y Salud,True,True,alta
2-s2.0-85189760150,2024,4,4,Dıaz F.,dıaz f,dıaz,"Unidad de Paciente Crıtico Pediatrico, Departamento de Pediatrıa, Hospital El Carmen de Maipu, Santiago, Chile, Red Colaborativa Pediatrica de Latinoamerica (LARed Network), Chile, Unidad de Investigacion y Epidemiologıa Clınica, Escuela de Medicina, Universidad Finis Terrae, Santiago, Chile",Escuela de Medicina,Facultad de Medicina y Salud,True,True,alta
2-s2.0-105007922570,2025,5,13,Orellana-Donoso M.,orellana donoso m,orellanadonoso,"Escuela de Medicina, Universidad Finis Terrae, Santiago, 7501015, Chile, Faculty of Medicine and Science, Universidad San Sebastián, Santiago, 8420524, Chile",Escuela de Medicina,Facultad de Medicina y Salud,True,True,alta
2-s2.0-85206253906,2024,1,2,Cartaya M.A.,cartaya ma,cartayama,"Medicine, Orthopaedic and Trauma Department, Universidad Finis Terrae Clinica Las Condes, Santiago, Chile",,No determinada,True,True,alta
2-s2.0-105026192250,2025,7,14,Orellana Donoso M.,orellana donoso m,orellanadonoso,"Departamento de Morfología, Facultad de Medicina, Universidad Andrés Bello, Santiago, 8370146, Chile, Escuela de Medicina, Universidad Finis Terrae, Santiago, 7501015, Chile",Escuela de Medicina,Facultad de Medicina y Salud,True,True,alta
2-s2.0-105021421573,2025,6,13,Muzard A.,muzard a,muzard,"Universidad Finis Terrae/Pontificia Universidad Católica de Chile/Millennium Institute for Research in Depression and Personality (MIDAP), Santiago, Chile",,No determinada,True,True,alta
2-s2.0-85180257668,2024,4,6,Puyol F.,puyol f,puyol,"Universidad Finis Terrae, Santiago, Chile",,No determinada,True,True,alta
2-s2.0-85189442847,2024,1,3,Guevara E.,guevara e,guevara,"Center for Economics and Sustainable Business, Faculty of Economics and Business, Universidad Finis Terrae, Chile",Faculty of Economics and Business,Facultad de Economía y Negocios,True,True,alta
2-s2.0-105013525045,2025,4,7,Castiglioni C.,castiglioni c,castiglioni,"Department of Neurology, Clinica Meds, School of Medicine, Universidad Finis Terrae, Santiago, Chile",School of Medicine,Facultad de Medicina y Salud,True,True,alta
2-s2.0-105010237891,2025,1,1,Casals-Hill A.,casals hill a,casalshill,"Universidad Finis Terrae, Santiago de Chile, Chile",,No determinada,True,True,alta
2-s2.0-85210445194,2024,5,6,Rodas C.,rodas c,rodas,"Hospital de Urgencia Asistencia Publica and Universidad Finis Terrae, Santiago, Chile",,No determinada,True,True,alta
2-s2.0-85209377957,2024,1,9,Fernández-Verdejo R.,fernandez verdejo r,fernandezverdejo,"Pennington Biomedical Research Center, Louisiana State University, 6400 Perkins Road, Baton Rouge, LA, United States, Centro de Fisiología del Ejercicio y Metabolismo, Escuela de Kinesiología, Facultad de Medicina, Universidad Finis Terrae, Santiago, Chile",Facultad de Medicina,Facultad de Medicina y Salud,True,True,alta
2-s2.0-85209377957,2024,2,9,Gutiérrez-Pino J.,gutierrez pino j,gutierrezpino,"Centro de Fisiología del Ejercicio y Metabolismo, Escuela de Kinesiología, Facultad de Medicina, Universidad Finis Terrae, Santiago, Chile",Facultad de Medicina,Facultad de Medicina y Salud,True,True,alta
2-s2.0-85209377957,2024,3,9,Hayes-Ortiz T.,hayes ortiz t,hayesortiz,"Centro de Fisiología del Ejercicio y Metabolismo, Escuela de Kinesiología, Facultad de Medicina, Universidad Finis Terrae, Santiago, Chile",Facultad de Medicina,Facultad de Medicina y Salud,True,True,alta
2-s2.0-85209377957,2024,4,9,Zbinden-Foncea H.,zbinden foncea h,zbindenfoncea,"Centro de Fisiología del Ejercicio y Metabolismo, Escuela de Kinesiología, Facultad de Medicina, Universidad Finis Terrae, Santiago, Chile, Facultad de Ciencias de la Salud, Universidad Francisco de Vitoria, Madrid, Spain",Facultad de Medicina,Facultad de Medicina y Salud,True,True,alta
2-s2.0-85209377957,2024,7,9,Tuñón-Suárez M.,tunon suarez m,tunonsuarez,"Centro de Fisiología del Ejercicio y Metabolismo, Escuela de Kinesiología, Facultad de Medicina, Universidad Finis Terrae, Santiago, Chile",Facultad de Medicina,Facultad de Medicina y Salud,True,True,alta
2-s2.0-85209377957,2024,8,9,Vargas-Foitzick R.,vargas foitzick r,vargasfoitzick,"Centro de Fisiología del Ejercicio y Metabolismo, Escuela de Kinesiología, Facultad de Medicina, Universidad Finis Terrae, Santiago, Chile",Facultad de Medicina,Facultad de Medicina y Salud,True,True,alta
2-s2.0-85191097483,2024,1,4,Giglio A.,giglio a,giglio,"Critical Care Department, Finis Terrae University, Santiago, Chile, Critical Care Department, Clinica Las Condes Hospital, Santiago, Chile",,No determinada,True,True,alta
2-s2.0-85191097483,2024,3,4,Ferre A.,ferre a,ferre,"Critical Care Department, Finis Terrae University, Santiago, Chile, Critical Care Department, Clinica Las Condes Hospital, Santiago, Chile, Critical Care Program Director, Finis Terrae University, Santiago, Chile",,No determinada,True,True,alta
2-s2.0-85191097483,2024,4,4,Reccius A.,reccius a,reccius,"Critical Care Department, Finis Terrae University, Santiago, Chile, Critical Care Department, Clinica Las Condes Hospital, Santiago, Chile, Neurocritical Care Program Director, Finis Terrae University, Santiago, Chile, Neurology Department, Clinica Las Condes Hospital, Santiago, Chile",,No determinada,True,True,alta
2-s2.0-85191303984,2024,2,4,Giglio A.,giglio a,giglio,"Critical Care Department, Finis Terrae University, Santiago, Chile, Critical Care Department, Clínica Las Condes Hospital, Las Condes, Chile",,No determinada,True,True,alta
2-s2.0-85186625457,2024,2,7,Strauss F.J.,strauss fj,straussfj,"Clinic of Reconstructive Dentistry, Center of Dental Medicine, University of Zurich, Zurich, Switzerland, Faculty of Dentistry, Universidad Finis Terrae, Santiago, Chile, Department of Conservative Dentistry, Faculty of Dentistry, University of Chile, Santiago, Chile",Faculty of Dentistry,Facultad de Odontología,True,True,alta
2-s2.0-85190753267,2024,9,9,Díaz F.,diaz f,diaz,"Unidad de Paciente Crítico Pediátrico, Departamento de Pediatría, Hospital El Carmen Dr. Luis Valentín Ferrada, Santiago, Chile, Unidad de Investigación y Epidemiología Clínica, Escuela de Medicina, Universidad Finis Terrae, Santiago, Chile",Escuela de Medicina,Facultad de Medicina y Salud,True,True,alta
2-s2.0-105045176079,2025,1,1,Avendano B.S.,avendano bs,avendanobs,"Universidad de los Andes, Chile, Santiago, Chile, Universidad Finis Terrae, Santiago, Chile",,No determinada,True,False,media
2-s2.0-105009309845,2025,2,6,Montalva-Valenzuela F.,montalva valenzuela f,montalvavalenzuela,"Laboratorio de Fisiología del Ejercicio y Metabolismo (LABFEM), Escuela de Kinesiología, Facultad de Medicina, Universidad Finis Terrae, Santiago, 7501014, Chile",Facultad de Medicina,Facultad de Medicina y Salud,True,True,alta
2-s2.0-105017683036,2025,2,2,Valdés C.Á.,valdes ca,valdesca,"Facultad de Educación, Psicología y Familia, Universidad Finis Terrae, Chile",Facultad de Educación,Facultad de Educación y Ciencias Sociales,True,True,alta
2-s2.0-105030031270,2025,1,4,López-Soto P.,lopez soto p,lopezsoto,"Instituto de Bioética, Facultad de Medicina, Universidad Finis Terrae, Santiago, Chile",Facultad de Medicina,Facultad de Medicina y Salud,True,True,alta
2-s2.0-105030031270,2025,2,4,Santos M.,santos m,santos,"Instituto de Bioética, Facultad de Medicina, Universidad Finis Terrae, Santiago, Chile",Facultad de Medicina,Facultad de Medicina y Salud,True,True,alta
2-s2.0-105030031270,2025,3,4,Herrera N.,herrera n,herrera,"Sistema de Bibliotecas, Universidad Finis Terrae, Santiago, Chile",,No determinada,True,True,alta
2-s2.0-105009885110,2025,1,1,Espinoza A.R.,espinoza ar,espinozaar,"Departamento de Neurología, Clínica Las Condes, Santiago, Chile, Facultad de Medicina, Universidad Finis Terrae, Santiago, Chile",Facultad de Medicina,Facultad de Medicina y Salud,True,True,alta
2-s2.0-85216717612,2025,2,3,Martínez-Mardones M.B.,martinez mardones mb,martinezmardones,"Colorectal Unit, Surgery Department, Hospital Del Salvador, Santiago, Chile, Universidad Finis Terrae, Medicine School, Santiago, Chile",,No determinada,True,True,alta
2-s2.0-85209077922,2025,17,68,Rojas-Costa G.M.,rojas costa gm,rojascosta,"Advanced Epilepsy Center, Clínica las Condes, Santiago, Chile, School of Medicine, Finis Terrae University, Santiago, Chile",School of Medicine,Facultad de Medicina y Salud,True,True,alta
2-s2.0-85209077922,2025,18,68,Gálvez M.,galvez m,galvez,"Advanced Epilepsy Center, Clínica las Condes, Santiago, Chile, School of Medicine, Finis Terrae University, Santiago, Chile",School of Medicine,Facultad de Medicina y Salud,True,True,alta
2-s2.0-105008900246,2025,2,6,Gaete M.,gaete m,gaete,"Sociedad de Biología del Desarrollo de Chile, Santiago, Chile, Center for Studies and Innovation in Dentistry, Faculty of Dentistry, Universidad Finis Terrae, Santiago, Chile",Faculty of Dentistry,Facultad de Odontología,True,True,alta
2-s2.0-85215351011,2025,3,7,Cancino-López J.,cancino lopez j,cancinolopez,"Exercise Physiology and Metabolism Laboratory, Escuela de Kinesiología, Universidad Finis Terrae, Santiago, 7501015, Chile",Escuela de Kinesiología,Escuela de Kinesiología,True,True,alta
2-s2.0-105001351276,2024,1,3,López-Arana S.,lopez arana s,lopezarana,"Escuela de Nutrición y Dietética, Facultad de Medicina, Universidad Finis Terrae, Chile",Facultad de Medicina,Facultad de Medicina y Salud,True,True,alta
2-s2.0-105001351276,2024,2,3,Bustos-Arriagada E.,bustos arriagada e,bustosarriagada,"Escuela de Nutrición y Dietética, Facultad de Medicina, Universidad Finis Terrae, Chile",Facultad de Medicina,Facultad de Medicina y Salud,True,True,alta
2-s2.0-105001351276,2024,3,3,Castillo O.,castillo o,castillo,"Escuela de Nutrición y Dietética, Facultad de Medicina, Universidad Finis Terrae, Chile",Facultad de Medicina,Facultad de Medicina y Salud,True,True,alta
2-s2.0-105013199742,2025,1,5,Vasquez F.,vasquez f,vasquez,"Escuela de Nutrición y Dietética, Universidad Finis Terrae, Santiago, 8320000, Chile",Escuela de Nutrición y Dietética,Escuela de Nutrición y Dietética,True,True,alta
2-s2.0-105013199742,2025,2,5,Tiscornia C.,tiscornia c,tiscornia,"Escuela de Nutrición y Dietética, Universidad Finis Terrae, Santiago, 8320000, Chile",Escuela de Nutrición y Dietética,Escuela de Nutrición y Dietética,True,True,alta
2-s2.0-105013199742,2025,3,5,Lorca-Ponce E.,lorca ponce e,lorcaponce,"Escuela de Enfermería, Universidad Finis Terrae, Santiago, 8320000, Chile, Escuela de Kinesiología, Facultad de Arte y Educación Física, Universidad Metropolitana en Ciencias de la Educación, Santiago, 7760170, Chile",Escuela de Enfermería,Escuela de Enfermería,True,True,alta
2-s2.0-105005794899,2025,2,2,Salas-Guzmán N.,salas guzman n,salasguzman,"Universidad Finis Terrae, Santiago, Chile",,No determinada,True,True,alta
2-s2.0-105020593436,2025,1,6,Pineda T.,pineda t,pineda,"Universidad Andrés Bello, Hospital del Trabajador, Facultad de Medicina, Santiago, Chile, Universidad Finis Terrae, Hospital el Carmen, Facultad de Medicina, Santiago, Chile",Facultad de Medicina,Facultad de Medicina y Salud,True,True,alta
2-s2.0-105026244514,2025,1,1,Díaz F.,diaz f,diaz,"Unidad de Paciente Crítico Pediátrico, Hospital El Carmen de Maipú, Santiago, Chile, Unidad de Investigación y Epidemiología Clínica, Escuela de Medicina, Universidad Finis Terrae, Santiago, Chile, LARed Network, United States",Escuela de Medicina,Facultad de Medicina y Salud,True,True,alta
2-s2.0-105017463254,2025,2,7,Gubbins V.,gubbins v,gubbins,"Research Center on Subjective Theories, Center for Psychology, Education, and Family Research, Faculty of Education, Psychology, and Family, Finis Terrae University, Santiago, 8320000, Chile",Faculty of Education,Facultad de Educación y Ciencias Sociales,True,True,alta
2-s2.0-105040086008,2025,1,2,Arregui L.M.D.,arregui lmd,arreguilmd,"Universidad Finis Terrae, Santiago, Chile",,No determinada,True,True,alta
2-s2.0-105040086008,2025,2,2,Zañartu T.V.,zanartu tv,zanartutv,"Universidad Finis Terrae, Santiago, Chile",,No determinada,True,True,alta
2-s2.0-85199751688,2024,3,6,Metabolism,metabolism,metabolism,"Faculty of Medicine, Universidad Finis Terrae, Santiago, Chile",Faculty of Medicine,Facultad de Medicina y Salud,True,True,alta
2-s2.0-85209738764,2025,19,31,De la Fuente M.,de la fuente m,dela,"Center of Biomedical Research (CIBMED), School of Medicine, Faculty of Medicine-Clinica Las Condes, Universidad Finis Terrae, Santiago, Chile, Laboratory of Innate Immunity, Program of Immunology, Institute of Biomedical Sciences, Faculty of Medicine, Universidad de Chile, Santiago, Chile",,No determinada,True,True,alta
2-s2.0-105002229956,2025,6,8,Mariotti-Celis M.S.,mariotti celis ms,mariotticelis,"Escuela de Nutrición y Dietética, Facultad de Medicina, Universidad Finis Terrae, Pedro de Valdivia 1509, Santiago, 7501015, Chile",Facultad de Medicina,Facultad de Medicina y Salud,True,True,alta
2-s2.0-85205228998,2024,1,2,Lagos M.,lagos m,lagos,"Facultad de Ingeniería, Universidad Finis Terrae, Av. Pedro de Valdivia 1509, Providencia, Santiago, Chile",Facultad de Ingeniería,Facultad de Ingeniería,True,True,alta
2-s2.0-105012953195,2025,3,3,Yanine F.F.,yanine ff,yanineff,"Faculty of Engineering, Universidad Finis Terrae, Providencia, Santiago, Chile",Faculty of Engineering,Facultad de Ingeniería,True,True,alta
2-s2.0-105013654794,2025,2,12,Gutiérrez J.,gutierrez j,gutierrez,"Escuela de Kinesiología, Facultad de Medicina, Universidad Finis Terrae, Santiago, Chile",Facultad de Medicina,Facultad de Medicina y Salud,True,True,alta
2-s2.0-105013654794,2025,5,12,Muñoz-Medina C.,munoz medina c,munozmedina,"Escuela de Kinesiología, Facultad de Medicina, Universidad Finis Terrae, Santiago, Chile",Facultad de Medicina,Facultad de Medicina y Salud,True,True,alta
2-s2.0-105013654794,2025,6,12,Carriel-Nesvara A.,carriel nesvara a,carrielnesvara,"Escuela de Kinesiología, Facultad de Medicina, Universidad Finis Terrae, Santiago, Chile",Facultad de Medicina,Facultad de Medicina y Salud,True,True,alta
2-s2.0-105013654794,2025,11,12,Castro-Sepúlveda M.,castro sepulveda m,castrosepulveda,"Escuela de Kinesiología, Facultad de Medicina, Universidad Finis Terrae, Santiago, Chile",Facultad de Medicina,Facultad de Medicina y Salud,True,True,alta
2-s2.0-105009857908,2025,1,2,Franchello M.E.,franchello me,franchellome,"Servicio de Neurología, Hospital Ángel C. Padilla de Tucumán, Tucumán, Argentina, Servicio de Neurología, Clínica las Condes, Santiago, Chile, Centro Pacientes Críticos, Clínica las Condes, Santiago, Chile, Facultad de Medicina, Universidad Finis Terrae, Santiago, Chile",Facultad de Medicina,Facultad de Medicina y Salud,True,True,alta
2-s2.0-85209134877,2025,3,3,Farsani D.,farsani d,farsani,"Facultad de EducaciónPsicología y Familia, Universidad Finis Terrae, Santiago, Chile","Facultad de Educación, Psicología y Familia",Facultad de Educación y Ciencias Sociales,True,True,alta
2-s2.0-85216993871,2025,1,3,Villegas P.A.P.,villegas pap,villegaspap,"Universidad Finis Terrae, Chile",,No determinada,True,True,alta
2-s2.0-85216993871,2025,2,3,Cortina A.H.,cortina ah,cortinaah,"Universidad Finis Terrae, Chile",,No determinada,True,True,alta
2-s2.0-105003555837,2025,1,1,Vergara K.,vergara k,vergara,"Unidad de Reumatología, Clínica Las Condes, Santiago, Chile, Centro de Paciente Crítico, Clínica Las Condes, Santiago, Chile, Facultad de Medicina, Universidad Finis Terrae, Santiago, Chile",Facultad de Medicina,Facultad de Medicina y Salud,True,True,alta
2-s2.0-85186319082,2024,1,10,Ramirez P.,ramirez p,ramirez,"Department of Hematology Oncology, Clinica Las Condes, Santiago, Chile and School of Medicine, Universidad Finis Terrae, Santiago, Chile",School of Medicine,Facultad de Medicina y Salud,True,True,alta
2-s2.0-105020755054,2025,16,19,Moreno S.,moreno s,moreno,"Urology, Clinica Santa Maria, Universidad Finis Terrae, Santiago, 7520378, Chile",,No determinada,True,True,alta
2-s2.0-105020755054,2025,17,19,Henríquez C.,henriquez c,henriquez,"Urology, Clinica Santa Maria, Universidad Finis Terrae, Santiago, 7520378, Chile",,No determinada,True,True,alta
2-s2.0-85216011073,2024,1,1,Elton Í.A.G.,elton iag,eltoniag,"Universidad Finis Terrae, Chile",,No determinada,True,True,alta
2-s2.0-105003281114,2025,5,6,Ruiz-Riquelme P.,ruiz riquelme p,ruizriquelme,"Foot and Ankle Surgery Unit, Department of Orthopedics and Traumatology, Clínica Las Condes, Santiago, Chile, Foot and Ankle Surgery Unit, Department of Orthopedic and Traumatology, Hospital Clínico La Florida, Santiago, Chile, School of Medicine, Finis Terrae University, Santiago, Chile",School of Medicine,Facultad de Medicina y Salud,True,True,alta
2-s2.0-85203438784,2024,1,3,Pastén-Henríquez B.,pasten henriquez b,pastenhenriquez,"Facultad de Economía y Negocios, Universidad Finis Terrae, Chile",Facultad de Economía y Negocios,Facultad de Economía y Negocios,True,True,alta
2-s2.0-85192535624,2024,1,3,Hartmann Schatloff D.,hartmann schatloff d,hartmannschatloff,"Facultad de Medicina, Universidad Finis Terrae, Santiago, Chile",Facultad de Medicina,Facultad de Medicina y Salud,True,True,alta
2-s2.0-85183428139,2024,10,15,Rojas-Costa G.M.,rojas costa gm,rojascosta,"Department of Radiology, Clínica las Condes, Santiago, Chile, Advanced Epilepsy Center, Clínica las Condes, Santiago, Chile, Join Unit FISABIO-CIPF, Valencia, Spain, School of Medicine, Finis Terrae University, Santiago, Chile, Health Innovation Center, Clínica Las Condes, Santiago, Chile",School of Medicine,Facultad de Medicina y Salud,True,True,alta
2-s2.0-85191040175,2024,1,10,Giglio A.,giglio a,giglio,"Critical Care Department, Finis Terrae University, Pedro de Valdivia 1509 Providencia, Santiago, Chile, Critical Care Center, Clinica Las Condes Hospital, Estoril 450, Las Condes, Santiago, Chile",,No determinada,True,True,alta
2-s2.0-85191040175,2024,2,10,Reccius A.,reccius a,reccius,"Critical Care Department, Finis Terrae University, Pedro de Valdivia 1509 Providencia, Santiago, Chile, Critical Care Center, Clinica Las Condes Hospital, Estoril 450, Las Condes, Santiago, Chile",,No determinada,True,True,alta
2-s2.0-85191040175,2024,4,10,Carvajal C.,carvajal c,carvajal,"Medical Informatics, Finis Terrae University, Santiago, Chile",,No determinada,True,True,alta
2-s2.0-85191040175,2024,5,10,Pedreros C.,pedreros c,pedreros,"Critical Care Department, Finis Terrae University, Pedro de Valdivia 1509 Providencia, Santiago, Chile, Critical Care Center, Clinica Las Condes Hospital, Estoril 450, Las Condes, Santiago, Chile",,No determinada,True,True,alta
2-s2.0-85191040175,2024,9,10,Ferre A.,ferre a,ferre,"Critical Care Department, Finis Terrae University, Pedro de Valdivia 1509 Providencia, Santiago, Chile, Critical Care Center, Clinica Las Condes Hospital, Estoril 450, Las Condes, Santiago, Chile",,No determinada,True,True,alta
2-s2.0-105016120982,2025,1,13,Orellana-Donoso M.,orellana donoso m,orellanadonoso,"Escuela de Medicina, Universidad Finis Terrae, Santiago, 7501015, Chile, Facultad de Medicina y Ciencia, Universidad San Sebastián, Lota 2465, Santiago, 7510157, Chile",Escuela de Medicina,Facultad de Medicina y Salud,True,True,alta
2-s2.0-105016120982,2025,2,13,Barrenechea-Salvador M.,barrenechea salvador m,barrenecheasalvador,"Escuela de Medicina, Universidad Finis Terrae, Santiago, 7501015, Chile",Escuela de Medicina,Facultad de Medicina y Salud,True,True,alta
2-s2.0-105016120982,2025,3,13,Caro-Navarro J.,caro navarro j,caronavarro,"Escuela de Medicina, Universidad Finis Terrae, Santiago, 7501015, Chile",Escuela de Medicina,Facultad de Medicina y Salud,True,True,alta
2-s2.0-105016120982,2025,4,13,Cervela-Díaz M.,cervela diaz m,cerveladiaz,"Escuela de Medicina, Universidad Finis Terrae, Santiago, 7501015, Chile",Escuela de Medicina,Facultad de Medicina y Salud,True,True,alta
2-s2.0-105016120982,2025,5,13,Chacón-Ortiz C.,chacon ortiz c,chaconortiz,"Escuela de Medicina, Universidad Finis Terrae, Santiago, 7501015, Chile",Escuela de Medicina,Facultad de Medicina y Salud,True,True,alta
2-s2.0-105016120982,2025,6,13,Claudet-Córdoba N.,claudet cordoba n,claudetcordoba,"Escuela de Medicina, Universidad Finis Terrae, Santiago, 7501015, Chile",Escuela de Medicina,Facultad de Medicina y Salud,True,True,alta
2-s2.0-85218863798,2025,1,2,Loyola M.,loyola m,loyola,"Universidad Finis Terrae, Chile",,No determinada,True,True,alta
2-s2.0-85200827817,2024,4,6,Cavada G.,cavada g,cavada,"Escuela de Salud Pública, Facultad de Medicina Universidad de Chile, Santiago, Chile, Facultad de Medicina Universidad Finis Terrae, Santiago, Chile, Unidad de Investigación Clínica, Clínica Alemana de Santiago, Santiago, Chile",,No determinada,True,True,alta
2-s2.0-105011383287,2025,1,3,Fernández-Verdejo R.,fernandez verdejo r,fernandezverdejo,"Pennington Biomedical Research Center, Louisiana State University, Baton Rouge, LA, United States, Centro de Fisiología del Ejercicio y Metabolismo, Escuela de Kinesiología, Facultad de Medicina, Universidad Finis Terrae, Santiago, Chile",Facultad de Medicina,Facultad de Medicina y Salud,True,True,alta
2-s2.0-86000546568,2025,7,9,Murray N.P.,murray np,murraynp,"Facultad de Medicina, Universidad Finis Terrae, Santiago, 7501015, Chile",Facultad de Medicina,Facultad de Medicina y Salud,True,True,alta
2-s2.0-86000546568,2025,8,9,Aedo S.,aedo s,aedo,"Facultad de Medicina, Universidad Finis Terrae, Santiago, 7501015, Chile",Facultad de Medicina,Facultad de Medicina y Salud,True,True,alta
2-s2.0-85211508534,2024,1,5,Hartmann D.,hartmann d,hartmann,"Facultad de Medicina, Universidad Finis Terrae, Santiago, Chile",Facultad de Medicina,Facultad de Medicina y Salud,True,True,alta
2-s2.0-105025676736,2025,2,7,Montalva-Valenzuela F.,montalva valenzuela f,montalvavalenzuela,"Laboratorio de Fisiología del Ejercicio y Metabolismo (LABFEM), Facultad de Medicina, Universidad Finis Terrae, Escuela de Kinesiología, Santiago, 7501014, Chile",Facultad de Medicina,Facultad de Medicina y Salud,True,True,alta
2-s2.0-85214489007,2025,1,4,Vasquez F.,vasquez f,vasquez,"School of Nutrition and Dietetics, Finis Terrae University, Providencia, 7501014, Chile",School of Nutrition and Dietetics,Escuela de Nutrición y Dietética,True,True,alta
2-s2.0-105003831479,2025,2,3,Yanine F.,yanine f,yanine,"Faculty of Engineering, Universidad Finis Terrae, Av. Pedro de Valdivia 1509, Providencia, Santiago, Chile",Faculty of Engineering,Facultad de Ingeniería,True,True,alta
2-s2.0-105007725331,2025,1,2,Núñez-Lisboa M.N.,nunez lisboa mn,nunezlisboa,"Laboratory of biomechanics and Physiology of Locomotion, Institute of NeuroScience, Université catholique de Louvain, Louvain-la-Neuve, Belgium, Exercise Science Laboratory, School of Kinesiology, Faculty of Medicine, Universidad Finis Terrae, Santiago, Chile",Faculty of Medicine,Facultad de Medicina y Salud,True,True,alta
2-s2.0-85175303101,2024,1,3,Sepúlveda A I.,sepulveda a i,sepulveda,"Finis Terrae University School of Dentistry, Santiago, Chile, Radiology Department, ENT-Head&Neck Surgery and Maxillofacial Services, General Hospital of Concepción, San Martín Av. N° 1436, Concepción, Chile",,No determinada,True,True,alta
2-s2.0-85151493381,2023,2,9,School of Psychology,school of psychology,schoolof,"Universidad Finis Terrae, Santiago, Chile",,No determinada,True,True,alta
2-s2.0-85151493381,2023,5,9,School of Psychology,school of psychology,schoolof,"Universidad Finis Terrae, Santiago, Chile, School of Psychology, Universidad Adolfo Ibañez, Santiago, Chile",,No determinada,True,True,alta
2-s2.0-85151493381,2023,9,9,School of Psychology,school of psychology,schoolof,"Universidad Finis Terrae, Santiago, Chile",,No determinada,True,True,alta
2-s2.0-85159961359,2023,2,4,Yanine F.F.,yanine ff,yanineff,"Faculty of Engineering, Universidad Finis Terrae, Santiago, Chile",Faculty of Engineering,Facultad de Ingeniería,True,True,alta
2-s2.0-85207837235,2024,1,3,Hidalgo M.,hidalgo m,hidalgo,"FDI - Universidad Finis Terrae, Universidad Técnica Federico Santa María, Santiago, Chile",,No determinada,True,True,alta
2-s2.0-85172467984,2023,4,5,Mariotti-Celis M.S.,mariotti celis ms,mariotticelis,"Escuela de Nutrición y Dietética, Universidad Finis Terrae, Santiago, 7501015, Chile",Escuela de Nutrición y Dietética,Escuela de Nutrición y Dietética,True,True,alta
2-s2.0-85176748532,2023,10,16,Cancino-Lopez J.,cancino lopez j,cancinolopez,"Exercise Physiology and Metabolism Laboratory, Escuela de Kinesiología, Universidad Finis Terrae, Santiago, Chile",Escuela de Kinesiología,Escuela de Kinesiología,True,True,alta
2-s2.0-85179083166,2024,2,6,Montalva-Valenzuela F.,montalva valenzuela f,montalvavalenzuela,"Universidad Finis Terrae, Chile",,No determinada,True,True,alta
2-s2.0-85172441471,2023,13,16,González A.,gonzalez a,gonzalez,"Early Intervention Program, Instituto Psiquiátrico Dr J. Horwitz Barak, Santiago, Chile, School of Medicine, Universidad Finis Terrae, Santiago, Chile",School of Medicine,Facultad de Medicina y Salud,True,True,alta
2-s2.0-85145697726,2023,5,5,Marín G.J.,marin gj,maringj,"Departamento de Biología, Facultad de Ciencias, Universidad de Chile, Santiago, 7800003, Chile, Facultad de Medicina, Universidad Finis Terrae, Santiago, 7501015, Chile",Facultad de Medicina,Facultad de Medicina y Salud,True,True,alta
2-s2.0-85179614626,2023,2,2,Muszalski H.,muszalski h,muszalski,"Universidad de Navarra, Spain, Universidad Finis Terrae, Chile",,No determinada,True,True,alta
2-s2.0-85211612326,2024,3,7,Gubbins V.,gubbins v,gubbins,"Faculty of Education, Psychology and Family, Center for Psychology, Education and Family Research, Universidad Finis Terrae, Santiago, Chile",Faculty of Education,Facultad de Educación y Ciencias Sociales,True,True,alta
2-s2.0-105002477028,2023,1,3,Cancino J.,cancino j,cancino,"Facultad de Odontología, Universidad Finis Terrae, Santiago, Chile",Facultad de Odontología,Facultad de Odontología,True,True,alta
2-s2.0-85137245275,2023,8,9,Ceron M.L.,ceron ml,ceronml,"Facultad de Ingenierı́a, Universidad Finis Terrae, Santiago, Chile",Facultad de Ingeniería,Facultad de Ingeniería,True,True,alta
2-s2.0-85166506712,2023,3,3,Mariotti-Celis M.S.,mariotti celis ms,mariotticelis,"Escuela de Nutrición y Dietética, Facultad de Medicina, Universidad Finis Terrae, Chile",Facultad de Medicina,Facultad de Medicina y Salud,True,True,alta
2-s2.0-85179101235,2023,1,2,Tapia R.H.,tapia rh,tapiarh,"LLM Pontificia Universidad Católica de Chile, mención Derecho Constitucional. Profesor Universidad Finis Terrae, doctorando en Derecho Constitucional Universidad de Barcelona, Av. Pedro de Valdivia 1509, Chile",,No determinada,True,False,media
2-s2.0-85152839187,2023,1,4,Mariotti-Celis M.S.,mariotti celis ms,mariotticelis,"School of Nutrition and Dietetics, Faculty of Medicine, Universidad Finis Terrae, Santiago, Chile",Faculty of Medicine,Facultad de Medicina y Salud,True,True,alta
2-s2.0-85166389205,2023,5,7,Cerón M.L.,ceron ml,ceronml,"Facultad de Ingeniería, Universidad Finis Terrae, Av. Pedro de Valdivia 1509, Providencia, Santiago, Chile",Facultad de Ingeniería,Facultad de Ingeniería,True,True,alta
2-s2.0-85165944801,2023,6,7,Contreras-Contreras G.,contreras contreras g,contrerascontreras,"Escuela de Nutrición y Dietética, Facultad de Medicina, Universidad Finis Terrae, Santiago, 7501015, Chile",Facultad de Medicina,Facultad de Medicina y Salud,True,True,alta
2-s2.0-85165944801,2023,7,7,Mariotti-Celis M.S.,mariotti celis ms,mariotticelis,"Escuela de Nutrición y Dietética, Facultad de Medicina, Universidad Finis Terrae, Santiago, 7501015, Chile",Facultad de Medicina,Facultad de Medicina y Salud,True,True,alta
2-s2.0-85160283740,2023,1,7,Hidalgo-Rosa Y.,hidalgo rosa y,hidalgorosa,"Departamento de Química Inorgánica, Facultad de Química y de Farmacia, Centro de Energía UC, Centro de Investigación en Nanotecnología y Materiales Avanzados CIEN-UC, Pontificia Universidad Católica de Chile, Vicuña Mackenna 4860, Macul, Santiago, 7820436, Chile, Facultad de Ingeniería, Universidad ",Facultad de Ingeniería,Facultad de Ingeniería,True,True,alta
2-s2.0-85152903274,2023,4,4,Ponce D.,ponce d,ponce,"Universidad Finis Terrae, Chile",,No determinada,True,True,alta
2-s2.0-85153785558,2023,5,5,Chavez-Reyes A.,chavez reyes a,chavezreyes,"Department of Genetic Therapy, Monterrey Unit, Center for Research and Advanced Studies of the National Polytechnic Institute, Nuevo León, Monterrey, 66600, Mexico, Basic Sciences Unit, Medical School, Universidad Finis Terrae, Santiago de Chile, 7501015, Chile",,No determinada,True,True,alta
2-s2.0-85168471820,2023,1,2,Montero V.,montero v,montero,"Universidad Finis Terrae, Santiago, Chile",,No determinada,True,True,alta
2-s2.0-85183026431,2024,1,1,Murray N.P.,murray np,murraynp,"Minimal Residual Disease Laboratory, Faculty of Medicine, University Finis Terrae, Santiago, Chile, Department of Haematology, Hospital de Carabineros de Chile, Santiago, Chile",Faculty of Medicine,Facultad de Medicina y Salud,True,True,alta
2-s2.0-85214639634,2024,4,4,Yanine F.F.,yanine ff,yanineff,"Faculty of Engineering, Universidad Finis Terrae, Santiago, Chile",Faculty of Engineering,Facultad de Ingeniería,True,True,alta
2-s2.0-85160233146,2023,2,7,Casas-Cordero J.P.,casas cordero jp,casascordero,"Traumatology Resident, Finis Terrae University, Santiago, Chile",,No determinada,True,True,alta
2-s2.0-85151044636,2023,5,7,Milla V.P.,milla vp,millavp,"Centro de Salud Familiar El Belloto SUR, Servicio de Salud Valparaíso, Valparaíso, Chile, Universidad Finis Terrae, Santiago, Chile",,No determinada,True,True,alta
2-s2.0-85137821773,2023,1,4,Festa R.R.,festa rr,festarr,"Laboratorio de Fisiología del Ejercicio y Metabolismo, Escuela de Kinesiología, Universidad Finis Terrae, Santiago, Chile",Escuela de Kinesiología,Escuela de Kinesiología,True,True,alta
2-s2.0-85137821773,2023,3,4,Cancino J.,cancino j,cancino,"Laboratorio de Fisiología del Ejercicio y Metabolismo, Escuela de Kinesiología, Universidad Finis Terrae, Santiago, Chile",Escuela de Kinesiología,Escuela de Kinesiología,True,True,alta
2-s2.0-85151506555,2024,15,43,Gonzalez- Valderrama A.,gonzalez valderrama a,gonzalezvalderrama,"School of Medicine, Universidad Finis Terrae, Santiago, Chile, Early Intervention in Psychosis Program, Instituto Psiquiátrico ‘Dr. José Horwitz B.’, Santiago, Chile",School of Medicine,Facultad de Medicina y Salud,True,True,alta
2-s2.0-85199188575,2024,1,1,Torrealba F.P.,torrealba fp,torrealbafp,"Universidad Finis Terrae, Chile",,No determinada,True,True,alta
2-s2.0-85181896730,2024,1,7,Mansilla-Obando K.,mansilla obando k,mansillaobando,"Faculty of Economics and Business, Universidad Finis Terrae, Santiago, 7501015, Chile, Center of Economics and Sustainability, Universidad Finis Terrae, Santiago, 7501015, Chile",Faculty of Economics and Business,Facultad de Economía y Negocios,True,True,alta
2-s2.0-85181896730,2024,2,7,Llanos G.,llanos g,llanos,"Faculty of Economics and Business, Universidad Finis Terrae, Santiago, 7501015, Chile, Center of Economics and Sustainability, Universidad Finis Terrae, Santiago, 7501015, Chile",Faculty of Economics and Business,Facultad de Economía y Negocios,True,True,alta
2-s2.0-85181896730,2024,3,7,Gómez-Sotta E.,gomez sotta e,gomezsotta,"Faculty of Economics and Business, Universidad Finis Terrae, Santiago, 7501015, Chile, Center of Economics and Sustainability, Universidad Finis Terrae, Santiago, 7501015, Chile, Faculty of Education and Social Sciences, Universität Vechta, Vechta, 49377, Germany",Faculty of Economics and Business,Facultad de Economía y Negocios,True,True,alta
2-s2.0-85181896730,2024,4,7,Buchuk P.,buchuk p,buchuk,"Faculty of Economics and Business, Universidad Finis Terrae, Santiago, 7501015, Chile, Center of Economics and Sustainability, Universidad Finis Terrae, Santiago, 7501015, Chile",Faculty of Economics and Business,Facultad de Economía y Negocios,True,True,alta
2-s2.0-85181896730,2024,5,7,Ortiz F.,ortiz f,ortiz,"Faculty of Economics and Business, Universidad Finis Terrae, Santiago, 7501015, Chile",Faculty of Economics and Business,Facultad de Economía y Negocios,True,True,alta
2-s2.0-85181896730,2024,6,7,Aguirre M.,aguirre m,aguirre,"Faculty of Economics and Business, Universidad Finis Terrae, Santiago, 7501015, Chile",Faculty of Economics and Business,Facultad de Economía y Negocios,True,True,alta
2-s2.0-85181896730,2024,7,7,Ahumada F.,ahumada f,ahumada,"Faculty of Economics and Business, Universidad Finis Terrae, Santiago, 7501015, Chile",Faculty of Economics and Business,Facultad de Economía y Negocios,True,True,alta
2-s2.0-85217219280,2024,2,4,Puyol F.,puyol f,puyol,"Universidad Finis Terrae, Av. Pedro de Valdivia 1509. Providencia, Región Metropolitana, Chile",,No determinada,True,True,alta
2-s2.0-85214993472,2024,1,2,Martínez-Cárdenas B.,martinez cardenas b,martinezcardenas,"Universidad Finis Terrae, Chile",,No determinada,True,True,alta
2-s2.0-85162243228,2023,1,2,Valle M.A.,valle ma,vallema,"Facultad de Economía y Negocios, Universidad Finis Terrae, Santiago, Chile",Facultad de Economía y Negocios,Facultad de Economía y Negocios,True,True,alta
2-s2.0-85184209523,2024,4,8,Brocco S.Z.,brocco sz,broccosz,"Department of Radiology, Clinica las Condes, Universidad Finis Terrae, Santiago, Chile",,No determinada,True,True,alta
2-s2.0-85202579214,2024,1,1,Prado-Medel C.,prado medel c,pradomedel,"GRIAL Research Group, Institute for Educational Sciences, University of Salamanca, Salamanca, Spain, Faculty of Education, Psychology and Family, Universidad Finis Terrae, Providencia, Chile",Faculty of Education,Facultad de Educación y Ciencias Sociales,True,True,alta
2-s2.0-85148749088,2023,4,6,Pino J.,pino j,pino,"Centro de Nutrición y Enfermedades Metabólicas, Clínica Las Condes, Santiago, Chile, Escuela de Kinesiología, Universidad Finis Terrae, Santiago, Chile",Escuela de Kinesiología,Escuela de Kinesiología,True,True,alta
2-s2.0-85148749088,2023,5,6,Cancino J.,cancino j,cancino,"Laboratorio de Fisiología del Ejercicio y Metabolismo, Universidad Finis Terrae, Santiago, Chile",,No determinada,True,True,alta
2-s2.0-85181960019,2023,1,7,Llanos G.,llanos g,llanos,"Faculty of Economics and Business, Universidad Finis Terrae, Santiago, 7501015, Chile",Faculty of Economics and Business,Facultad de Economía y Negocios,True,True,alta
2-s2.0-85181960019,2023,3,7,Mansilla-Obando K.,mansilla obando k,mansillaobando,"Faculty of Economics and Business, Universidad Finis Terrae, Santiago, 7501015, Chile",Faculty of Economics and Business,Facultad de Economía y Negocios,True,True,alta
2-s2.0-85181960019,2023,4,7,Gómez-Sotta E.,gomez sotta e,gomezsotta,"Faculty of Economics and Business, Universidad Finis Terrae, Santiago, 7501015, Chile, Faculty of Education and Social Sciences, Universität Vechta, Vechta, 49377, Germany",Faculty of Economics and Business,Facultad de Economía y Negocios,True,True,alta
2-s2.0-85181960019,2023,5,7,Buchuk P.,buchuk p,buchuk,"Faculty of Economics and Business, Universidad Finis Terrae, Santiago, 7501015, Chile",Faculty of Economics and Business,Facultad de Economía y Negocios,True,True,alta
2-s2.0-85181960019,2023,6,7,Altamirano M.,altamirano m,altamirano,"Faculty of Economics and Business, Universidad Finis Terrae, Santiago, 7501015, Chile",Faculty of Economics and Business,Facultad de Economía y Negocios,True,True,alta
2-s2.0-85181960019,2023,7,7,Alviz M.,alviz m,alviz,"Faculty of Economics and Business, Universidad Finis Terrae, Santiago, 7501015, Chile",Faculty of Economics and Business,Facultad de Economía y Negocios,True,True,alta
2-s2.0-85181231740,2023,1,1,García I.A.,garcia ia,garciaia,"Advanced Research Laboratory, Faculty of Archi-tecture and Design, Finis Terrae University, Santiago de Chile (FAD-UFT)",Faculty of Archi-tecture and Design,"Facultad de Arquitectura, Diseño y Estudios Creativos",True,True,alta
2-s2.0-105045560615,2023,2,2,Caffarena P.,caffarena p,caffarena,"Universidad Finis Terrae, Santiago, Chile",,No determinada,True,False,media
2-s2.0-85168453709,2023,1,1,Ayala M.,ayala m,ayala,"Universidad Finis Terrae, Santiago, Chile",,No determinada,True,True,alta
2-s2.0-85173868977,2023,7,7,Mariotti-Celis M.S.,mariotti celis ms,mariotticelis,"Escuela de Nutrición y Dietética, Facultad de Medicina, Universidad Finis Terrae, Santiago, 7501015, Chile",Facultad de Medicina,Facultad de Medicina y Salud,True,True,alta
2-s2.0-85164258460,2023,4,5,Mujika I.,mujika i,mujika,"Department of Physiology, Faculty of Medicine and Nursing, University of the Basque Country, Leioa, Basque Country, Spain, School of Kinesiology, Faculty of Medicine, Universidad Finis Terrae, Santiago, Chile",Faculty of Medicine,Facultad de Medicina y Salud,True,True,alta
2-s2.0-85144904044,2023,1,7,Ruiz-Riquelme P.,ruiz riquelme p,ruizriquelme,"Master Fellow Foot and Ankle Surgery, Universitat de Barcelona, Barcelona, Spain, Department of Orthopedic and Traumatology, Hospital Clínico La Florida / Clínica Las Condes, Santiago, Chile, School of Medicine, Finis Terrae University, Santiago, Chile",School of Medicine,Facultad de Medicina y Salud,True,True,alta
2-s2.0-85166301280,2024,11,12,Díaz F.,diaz f,diaz,"Red Colaborativa Pediátrica de Latinoamérica (LARed Network), Hospital El Carmen de Maipú, Dr. Luis Valentín Ferrada, Santiago, Chile, Unidad de Investigación y Epidemiología Clínica, Escuela de Medicina, Universidad Finis Terrae, Santiago, Chile",Escuela de Medicina,Facultad de Medicina y Salud,True,True,alta
2-s2.0-85183990068,2024,1,9,Kemeny R.,kemeny r,kemeny,"Medicina Intensiva, Universidad Finis Terrae, Santiago, Chile",,No determinada,True,True,alta
2-s2.0-85183990068,2024,2,9,Giglio A.,giglio a,giglio,"Medicina Intensiva, Universidad Finis Terrae, Santiago, Chile",,No determinada,True,True,alta
2-s2.0-85183990068,2024,3,9,Ramos A.,ramos a,ramos,"Medicina Intensiva, Universidad Finis Terrae, Santiago, Chile",,No determinada,True,True,alta
2-s2.0-85183990068,2024,4,9,Arroyo A.,arroyo a,arroyo,"Medicina Intensiva, Universidad Finis Terrae, Santiago, Chile",,No determinada,True,True,alta
2-s2.0-85183990068,2024,5,9,Pedreros C.,pedreros c,pedreros,"Medicina Intensiva, Universidad Finis Terrae, Santiago, Chile",,No determinada,True,True,alta
2-s2.0-85183990068,2024,8,9,Ferre A.,ferre a,ferre,"Medicina Intensiva, Universidad Finis Terrae, Santiago, Chile",,No determinada,True,True,alta
2-s2.0-85184615443,2024,1,3,van Sint Jan D N.,van sint jan d n,vansint,"Unidad ECMO, Clínica Las Condes, Santiago, Chile, Centro de Paciente Crítico, Clínica Las Condes, Santiago, Chile, Universidad Finis Terrae, Santiago, Chile",,No determinada,True,True,alta
2-s2.0-85184615443,2024,2,3,Ferre A.,ferre a,ferre,"Centro de Paciente Crítico, Clínica Las Condes, Santiago, Chile, Universidad Finis Terrae, Santiago, Chile",,No determinada,True,True,alta
2-s2.0-85216851062,2024,1,1,Botto Stuven A.,botto stuven a,bottostuven,"Universidad Finis Terrae, Chile",,No determinada,True,True,alta
2-s2.0-85216253641,2024,1,2,Errázuriz A.M.,errazuriz am,errazurizam,"Universidad Finis Terrae, Santiago de, Chile",,No determinada,True,True,alta
2-s2.0-85216253641,2024,2,2,Chadwick C.F.,chadwick cf,chadwickcf,"Universidad Finis Terrae, Santiago de, Chile",,No determinada,True,True,alta
2-s2.0-85194527504,2024,3,3,Yanine F.F.,yanine ff,yanineff,"Universidad Finis Terrae, Providencia, Santiago, Chile",,No determinada,True,True,alta
2-s2.0-105032576880,2023,2,3,Fernández J.,fernandez j,fernandez,"Universidad Finis Terrae, Chile",,No determinada,True,True,alta
2-s2.0-105032576880,2023,3,3,Casals M.,casals m,casals,"Universidad Finis Terrae, Chile",,No determinada,True,True,alta
2-s2.0-85183352428,2024,8,8,Mariotti-Celis M.S.,mariotti celis ms,mariotticelis,"Escuela de Nutrición y Dietética, Facultad de Medicina, Universidad Finis Terrae, Santiago, 7501015, Chile",Facultad de Medicina,Facultad de Medicina y Salud,True,True,alta
2-s2.0-85181104283,2023,1,9,Jorquera J.,jorquera j,jorquera,"Center for Respiratory Diseases, Las Condes Clinic, Faculty of Medicine, Finis Terrae University, Santiago, Chile",Faculty of Medicine,Facultad de Medicina y Salud,True,True,alta
2-s2.0-85181104283,2023,2,9,Dreyse J.,dreyse j,dreyse,"Center for Respiratory Diseases, Las Condes Clinic, Faculty of Medicine, Finis Terrae University, Santiago, Chile",Faculty of Medicine,Facultad de Medicina y Salud,True,True,alta
2-s2.0-85181104283,2023,3,9,Salas C.,salas c,salas,"Center for Respiratory Diseases, Las Condes Clinic, Faculty of Medicine, Finis Terrae University, Santiago, Chile",Faculty of Medicine,Facultad de Medicina y Salud,True,True,alta
2-s2.0-85181104283,2023,4,9,Letelier F.,letelier f,letelier,"Center for Respiratory Diseases, Las Condes Clinic, Faculty of Medicine, Finis Terrae University, Santiago, Chile",Faculty of Medicine,Facultad de Medicina y Salud,True,True,alta
2-s2.0-85158815783,2023,1,1,Carvajal G.,carvajal g,carvajal,"Universidad Finis Terrae, Chile",,No determinada,True,True,alta
2-s2.0-85139715653,2023,4,12,Ferreira-Wortsman C.,ferreira wortsman c,ferreirawortsman,"School of Medicine, Universidad Finis Terrae, Santiago, Chile",School of Medicine,Facultad de Medicina y Salud,True,True,alta
2-s2.0-85167685213,2023,2,7,Dreyse J.,dreyse j,dreyse,"Centro de Enfermedades Respiratorias, Clínica Las Condes, Facultad de Medicina, Universidad Finis Terrae, Santiago, 7591047, Chile",Facultad de Medicina,Facultad de Medicina y Salud,True,True,alta
2-s2.0-85167685213,2023,3,7,Jorquera J.,jorquera j,jorquera,"Centro de Enfermedades Respiratorias, Clínica Las Condes, Facultad de Medicina, Universidad Finis Terrae, Santiago, 7591047, Chile",Facultad de Medicina,Facultad de Medicina y Salud,True,True,alta
2-s2.0-85167685213,2023,5,7,Salas C.,salas c,salas,"Centro de Enfermedades Respiratorias, Clínica Las Condes, Facultad de Medicina, Universidad Finis Terrae, Santiago, 7591047, Chile",Facultad de Medicina,Facultad de Medicina y Salud,True,True,alta
2-s2.0-85174710743,2024,1,2,Hartmann Schatloff D.,hartmann schatloff d,hartmannschatloff,"Facultad de Medicina, Universidad Finis Terrae, Santiago, Chile",Facultad de Medicina,Facultad de Medicina y Salud,True,True,alta
2-s2.0-85174029513,2023,1,2,Fernández-Verdejo R.,fernandez verdejo r,fernandezverdejo,"Pennington Biomedical Research Center, Louisiana State University, Baton Rouge, LA, United States, Laboratorio de Fisiología del Ejercicio y Metabolismo (LABFEM), Escuela de Kinesiología, Facultad de Medicina, Universidad Finis Terrae, Santiago, Chile",Facultad de Medicina,Facultad de Medicina y Salud,True,True,alta
2-s2.0-85190804203,2023,1,1,Santander A.S.,santander as,santanderas,"Universidad Finis Terrae, Chile",,No determinada,True,True,alta
2-s2.0-85181196845,2024,2,3,Undurraga R.,undurraga r,undurraga,"School of Family Sciences, Universidad Finis Terrae, Santiago, Chile",School of Family Sciences,Escuela de Ciencias de la Familia,True,True,alta
2-s2.0-85161451497,2023,7,10,Castro-Sepúlveda M.,castro sepulveda m,castrosepulveda,"Exercise Physiology and Metabolism Laboratory, School of Kinesiology, Faculty of Medicine, Finis Terrae University, Santiago, Chile",Faculty of Medicine,Facultad de Medicina y Salud,True,True,alta
2-s2.0-105000403648,2023,3,4,Puyol F.,puyol f,puyol,"Universidad Finis Terrae, Santiago, Chile",,No determinada,True,True,alta
2-s2.0-85196098734,2024,1,2,Carneiro A.M.Y.,carneiro amy,carneiroamy,"Académica de la Universidad Finis Terrae, Chile",,No determinada,True,True,alta
2-s2.0-85147046989,2023,15,16,Aedo S.,aedo s,aedo,"School of Medicine, University Finis Terrae, Santiago de Chile, Chile",School of Medicine,Facultad de Medicina y Salud,True,True,alta
2-s2.0-85150396941,2023,4,4,Diaz F.,diaz f,diaz,"Unidad de Paciente Crítico Pediátrico, Hospital El Carmen Dr. Luis Valentín Ferrada, Santiago, Chile, Unidad de Investigación y Epidemiología Clínica, Facultad de Medicina, Universidad Finis Terrae, Santiago, Chile",Facultad de Medicina,Facultad de Medicina y Salud,True,True,alta
2-s2.0-85149175638,2023,1,4,Mujika I.,mujika i,mujika,"Department of Physiology, Faculty of Medicine and Nursing, University of the Basque Country, Basque Country, Leioa, Spain, Exercise Science Laboratory, School of Kinesiology, Faculty of Medicine, Universidad Finis Terrae, Santiago, Chile",Faculty of Medicine,Facultad de Medicina y Salud,True,True,alta
2-s2.0-85194726314,2024,3,3,Yanine F.,yanine f,yanine,"Faculty of Engineering, Universidad Finis Terrae, Santiago, Chile",Faculty of Engineering,Facultad de Ingeniería,True,True,alta
2-s2.0-85145868063,2023,1,2,Faúndez M.O.,faundez mo,faundezmo,"Facultad de Economía y Negocios, Universidad Finis Terrae, Santiago, 7501015, Chile",Facultad de Economía y Negocios,Facultad de Economía y Negocios,True,True,alta
2-s2.0-85205957638,2024,2,3,Dávila C.M.,davila cm,davilacm,"Universidad Finis Terrae, Región Metropolitana, Chile",,No determinada,True,True,alta
2-s2.0-85173158848,2023,1,1,Álvarez-Valdés C.,alvarez valdes c,alvarezvaldes,"Universidad Finis Terrae, Chile",,No determinada,True,True,alta
2-s2.0-85214021784,2024,1,2,Widow G.L.,widow gl,widowgl,"Universidad Finis Terrae, Santiago, Chile",,No determinada,True,True,alta
2-s2.0-85214021784,2024,2,2,Rego T.,rego t,rego,"Universidad Finis Terrae, Santiago, Chile",,No determinada,True,True,alta
2-s2.0-85183668697,2023,1,1,Carvajal G.,carvajal g,carvajal,"Universidad Finis Terrae, Chile",,No determinada,True,True,alta
2-s2.0-85146469316,2023,8,8,Riquelme P.R.,riquelme pr,riquelmepr,"Master Fellow Foot and Ankle Surgery, University of Barcelona, Barcelona, Spain, Department of Orthopedic and Traumatology, Hospital Clínico La Florida, Santiago, 8242238, Chile, School of Medicine, Finis Terrae University, Santiago, 7501015, Chile",School of Medicine,Facultad de Medicina y Salud,True,True,alta
2-s2.0-85160225300,2023,13,18,Farsani D.,farsani d,farsani,"Facultad de Educación, Psicología y Familia, Universidad Finis Terrae, Santiago, Chile",Facultad de Educación,Facultad de Educación y Ciencias Sociales,True,True,alta
2-s2.0-85199017649,2024,3,3,Yanine F.F.,yanine ff,yanineff,"School of Engineering of Universidad Finis Terrae, Santiago, Providencia, Chile",,No determinada,True,True,alta
2-s2.0-85175272004,2023,2,8,Inzulza S.,inzulza s,inzulza,"School of Kinesiology, Faculty of Medicine, Universidad Finis Terrae, Santiago, Chile",Faculty of Medicine,Facultad de Medicina y Salud,True,True,alta
2-s2.0-85175272004,2023,7,8,Venegas M.,venegas m,venegas,"School of Kinesiology, Faculty of Medicine, Universidad Finis Terrae, Santiago, Chile, Sports Optimization and Rehabilitation Lab, Department of Kinesiology, University of Connecticut, Storrs, CT, United States",Faculty of Medicine,Facultad de Medicina y Salud,True,True,alta
2-s2.0-85172793336,2023,1,3,Gubbins V.,gubbins v,gubbins,"Centro de Estudio e Investigación sobre Familia, Universidad Finis Terrae, Chile",,No determinada,True,True,alta
2-s2.0-85202591558,2023,2,2,Montero V.,montero v,montero,"Finis Terrae University, Pedro de Valdivia 1506, Santiago, Chile",,No determinada,True,True,alta
2-s2.0-85191158838,2024,1,2,Foxley V.G.,foxley vg,foxleyvg,"Center of Investigation of Education, Psychology and Family (CIPEF), Universidad Finis Terrae, Santiago, Chile",,No determinada,True,True,alta
2-s2.0-85191158838,2024,2,2,Figueroa F.C.,figueroa fc,figueroafc,"Center of Investigation of Education, Psychology and Family (CIPEF), Universidad Finis Terrae, Santiago, Chile",,No determinada,True,True,alta
2-s2.0-85161486492,2023,2,3,de Souza Costa D.,de souza costa d,desouza,"Universidad Finis Terrae, Chile",,No determinada,True,True,alta
2-s2.0-85162193932,2023,5,7,Hidago-Rosa Y.,hidago rosa y,hidagorosa,"Departamento de Química Inorgánica, Facultad de Química y Farmacia, Centro de Energía UC, Centro de Investigación en Nanotecnología y Materiales Avanzados CIEN-UC, Pontificia, Universidad Católica de Chile, Avenida Vicuña Mackenna, Santiago, 4860, Chile, Facultad de Ingeniería, Universidad Finis Ter",Facultad de Ingeniería,Facultad de Ingeniería,True,True,alta
2-s2.0-85198680129,2024,7,9,Castro M.,castro m,castro,"Laboratorio de Fisiología Del Ejercicio y Metabolismo, Escuela de Kinesiología, Facultad de Medicina, Universidad Finis Terrae, Santiago, Chile",Facultad de Medicina,Facultad de Medicina y Salud,True,True,alta
2-s2.0-85162131052,2023,4,9,Morales J.-P.,morales j p,morales,"Programa de Doctorado en Neurociencia, Centro Interdisciplinario en Neurociencia, Pontificia Universidad Católica de Chile, Santiago, Chile, Center for Social and Cognitive Neuroscience (CSCN), School of Psychology, Universidad Adolfo Ibáñez, Santiago de Chile, Chile, Facultad de Educación Psicologí",Facultad de Educación Psicología y Familia,Facultad de Educación y Ciencias Sociales,True,True,alta
2-s2.0-85165634348,2023,3,3,Mujika I.,mujika i,mujika,"Department of Physiology, Faculty of Medicine and Nursing, University of the Basque Country, Basque Country, Leioa, Spain, Exercise Science Laboratory, School of Kinesiology, Faculty of Medicine, Universidad Finis Terrae, Santiago, Chile",Faculty of Medicine,Facultad de Medicina y Salud,True,True,alta
2-s2.0-85132607927,2023,1,4,Jannas-Vela S.,jannas vela s,jannasvela,"Universidad Finis Terrae, Chile, Universidad de O’Higgins, Chile",,No determinada,True,True,alta
2-s2.0-85132607927,2023,2,4,Bustamante A.,bustamante a,bustamante,"Universidad Finis Terrae, Chile",,No determinada,True,True,alta
2-s2.0-85132607927,2023,3,4,Zbinden-Foncea H.,zbinden foncea h,zbindenfoncea,"Universidad Finis Terrae, Chile",,No determinada,True,True,alta
2-s2.0-85198825082,2024,2,5,Peñaloza P.F.,penaloza pf,penalozapf,"Núcleo de Investigación e Intervención en Emergencias y Desastres (NIID-UCHILE), Universidad de Chile, Santiago, Chile, Facultad de Artes, Universidad Finis Terrae, Santiago, Chile",Facultad de Artes,Facultad de Artes,True,True,alta
2-s2.0-85200812969,2024,3,3,Yanine F.F.,yanine ff,yanineff,"Faculty of Engineering, Universidad Finis Terrae, Providencia, Santiago, Chile",Faculty of Engineering,Facultad de Ingeniería,True,True,alta
2-s2.0-85152845812,2023,2,3,Arazo M.C.R.,arazo mcr,arazomcr,"Dietetics School, Faculty of Medicine, Universidad Finis Terrae, Pedro de Valdivia, Santiago, Providencia, Chile",Faculty of Medicine,Facultad de Medicina y Salud,True,True,alta
2-s2.0-85211195998,2024,5,8,Strauss F.J.,strauss fj,straussfj,"Clinic of Reconstructive Dentistry, Center of Dental Medicine, University of Zurich, Zurich, Switzerland, Center for Studies and Innovation in Dentistry, Faculty of Dentistry, Universidad Finis Terrae, Santiago, Chile",Faculty of Dentistry,Facultad de Odontología,True,True,alta
2-s2.0-85160012697,2023,4,4,Yanine F.,yanine f,yanine,"Universidad Finis Terrae, Faculty of Engineering, Santiago, Chile",,No determinada,True,True,alta
2-s2.0-85129294437,2023,2,4,Diaz-Reiher M.,diaz reiher m,diazreiher,"Universidad Finis Terrae, Chile",,No determinada,True,True,alta
2-s2.0-85129294437,2023,4,4,Flores-Opazo M.,flores opazo m,floresopazo,"Universidad Finis Terrae, Chile",,No determinada,True,True,alta
2-s2.0-85169176437,2023,1,3,Montero-Orellana M.J.,montero orellana mj,monteroorellana,"Physiotherapy Unit, Gantz Foundation - Children's Hospital for Cleft Lip and Palate, Chile, School of Physiotherapy, Faculty of Medicine, Universidad Finis Terrae, Santiago, Chile",Faculty of Medicine,Facultad de Medicina y Salud,True,True,alta
2-s2.0-85169176437,2023,3,3,Ossa-Cox M.,ossa cox m,ossacox,"School of Physiotherapy, Faculty of Medicine, Universidad Finis Terrae, Santiago, Chile",Faculty of Medicine,Facultad de Medicina y Salud,True,True,alta
2-s2.0-85175952760,2023,8,9,Castro M.,castro m,castro,"Research and Epidemiology Unit, Medical School, Universidad Finis Terrae, Santiago, Chile",,No determinada,True,True,alta
2-s2.0-85150303899,2023,5,5,Candia-Véjar A.,candia vejar a,candiavejar,"School of Civil Engineering, Universidad Finis Terrae, Avenida Pedro de Valdivia 1509, Santiago, Providencia, Chile",School of Civil Engineering,School of Civil Engineering,True,True,alta
2-s2.0-85205188981,2024,2,2,Nieto I.,nieto i,nieto,"Facultad de Artes Visuales, Finis Terrae University, Santiago, Chile",Facultad de Artes Visuales,Facultad de Artes,True,True,alta
2-s2.0-85172687954,2023,9,10,Fernández-Verdejo R.,fernandez verdejo r,fernandezverdejo,"Laboratorio de Fisiología del Ejercicio y Metabolismo (LABFEM), Escuela de Kinesiología, Facultad de Medicina, Universidad Finis Terrae, Santiago, 7500000, Chile",Facultad de Medicina,Facultad de Medicina y Salud,True,True,alta
2-s2.0-85146176572,2023,6,6,Fernández-Verdejo R.,fernandez verdejo r,fernandezverdejo,"Laboratorio de Fisiología del Ejercicio y Metabolismo (LABFEM), Escuela de Kinesiología, Facultad de Medicina, Universidad Finis Terrae, Santiago, Chile",Facultad de Medicina,Facultad de Medicina y Salud,True,True,alta
2-s2.0-85190693898,2024,2,4,Rodríguez C.,rodriguez c,rodriguez,"Facultad de Medicina, Universidad Finis Terrae, RM, Santiago, Chile",Facultad de Medicina,Facultad de Medicina y Salud,True,True,alta
2-s2.0-85146481644,2023,2,2,Gubbins-Foxley V.,gubbins foxley v,gubbinsfoxley,"Universidad Finis Terrae, Santiago, Chile",,No determinada,True,True,alta
2-s2.0-85165099350,2023,4,4,Valle M.A.,valle ma,vallema,"Facultad de Economía y Negocios, Universidad Finis Terrae, Chile",Facultad de Economía y Negocios,Facultad de Economía y Negocios,True,True,alta
2-s2.0-85110601012,2023,3,14,Valenzuela T.,valenzuela t,valenzuela,"Physical Activity, Lifestyle, Ageing and Wellbeing Faculty Research Group, Faculty of Medicine and Health Sciences, The University of Sydney, Sydney, Australia, Exercise Science Laboratory, School of Kinesiology, Faculty of Medicine, Universidad Finis Terrae, Santiago, Chile",Faculty of Medicine,Facultad de Medicina y Salud,True,True,alta
2-s2.0-85151782336,2023,4,4,Muzard A.,muzard a,muzard,"Doctoral Program in Psychotherapy, Faculty of Medicine, Faculty of Social Sciences, Pontificia Universidad Católica de Chile, Universidad de Chile, Santiago, Chile, Millennium Institute for Research in Depression and Personality (MIDAP), Santiago, Chile, School of Psychology, Finis Terrae University",School of Psychology,Facultad de Educación y Ciencias Sociales,True,True,alta
2-s2.0-85163126357,2023,3,4,Mansilla K.Y.,mansilla ky,mansillaky,"Facultad de Economía y Negocios en la Univ. Finis Terrae, Chile",Facultad de Economía y Negocios en la Univ,Facultad de Economía y Negocios,True,True,alta
2-s2.0-85188674768,2024,1,6,Morales J.-P.,morales j p,morales,"Business School University of Sydney, Darlington, Australia, Facultad de Educación Psicología y Familia, Universidad Finis Terrae, Santiago, Chile",Facultad de Educación Psicología y Familia,Facultad de Educación y Ciencias Sociales,True,True,alta
2-s2.0-85175536928,2023,4,6,Candia-Véjar A.,candia vejar a,candiavejar,"School of Industrial Engineering, Universidad Finis Terrae, Santiago, Chile",School of Industrial Engineering,Escuela de Ingeniería Civil Industrial,True,True,alta
2-s2.0-85198340798,2024,2,2,Aceves Álvarez O.,aceves alvarez o,acevesalvarez,"Universidad Finis Terrae, Chile, Universidad Andrés Bello, Chile",,No determinada,True,True,alta
2-s2.0-85203338380,2024,2,5,Yanine F.,yanine f,yanine,"Faculty of Engineering, Finis Terrae University, Providencia, Santiago, 7500000, Chile",Faculty of Engineering,Facultad de Ingeniería,True,True,alta
2-s2.0-105005675463,2024,3,3,Tabilo-Prieto I.,tabilo prieto i,tabiloprieto,"Faculty of Social Sciences, Universidad Alberto Hurtado, Santiago de Chile, Chile, Family Sciences School, Finis Terrae University, Santiago de Chile, Chile",,No determinada,True,True,alta
2-s2.0-85213951769,2024,1,1,Toledo S.H.,toledo sh,toledosh,"Universidad Finis Terrae, Chile",,No determinada,True,True,alta
2-s2.0-85170029630,2023,2,3,Fernández-Verdejo R.,fernandez verdejo r,fernandezverdejo,"Laboratorio de Fisiología del Ejercicio y Metabolismo (LABFEM), Facultad de Medicina, Universidad Finis Terrae, Escuela de Kinesiología, Santiago, Chile, Pennington Biomedical Research Center, Louisiana State University, Baton Rouge, LA, United States",Facultad de Medicina,Facultad de Medicina y Salud,True,True,alta
2-s2.0-85180505690,2023,1,6,Sepulveda I.,sepulveda i,sepulveda,"Radiology Department, School of Dentistry, Finis Terrae University, Otorhinolaryngology, Head & Neck Surgery and Maxillofacial Services, General Hospital of Concepcion, Bio-Bio, Santiago, Chile",School of Dentistry,Facultad de Odontología,True,True,alta
2-s2.0-85160080137,2023,1,1,Hernández L.T.,hernandez lt,hernandezlt,"Universidad Finis Terrae, Santiago de Chile, Chile",,No determinada,True,True,alta
2-s2.0-85186317409,2023,1,3,Massa A.A.,massa aa,massaaa,"Universidad Finis Terrae, Chile",,No determinada,True,True,alta
2-s2.0-85186317409,2023,2,3,Colihuinca T.O.,colihuinca to,colihuincato,"Universidad Finis Terrae, Chile",,No determinada,True,True,alta
2-s2.0-85200898926,2024,5,9,Fortuny E.,fortuny e,fortuny,"Universidad Finis Terrae e Diagnostra, Santiago, Chile",,No determinada,True,True,alta
2-s2.0-85163058875,2023,6,10,Aedo S.,aedo s,aedo,"Escuela de Medicina, Facultad de Medicina, Universidad Finis Terrae, Santiago, 7501015, Chile",Facultad de Medicina,Facultad de Medicina y Salud,True,True,alta
2-s2.0-85138401582,2024,1,6,Varas-Diaz G.,varas diaz g,varasdiaz,"School of Kinesiology, Faculty of Medicine, Universidad Finis Terrae, Santiago, Chile, Department of Physical Therapy, University of Illinois at Chicago, College of Applied Health Sciences, Chicago, IL, United States",Faculty of Medicine,Facultad de Medicina y Salud,True,True,alta
2-s2.0-85176782548,2023,1,2,Loyola M.T.,loyola mt,loyolamt,"Finis Terrae University (Santiago, Chile, Santiago, Chile",,No determinada,True,True,alta
2-s2.0-85159892154,2023,1,4,Araujo J.T.,araujo jt,araujojt,"Finis Terrae University, Chile",,No determinada,True,True,alta
2-s2.0-85183952194,2023,2,3,Puyol F.,puyol f,puyol,"Universidad Finis Terrae, Chile",,No determinada,True,True,alta
2-s2.0-85172207120,2023,1,10,Benites M.H.,benites mh,benitesmh,"Unidad de Pacientes Críticos, Clínica Las Condes, Estoril 450, Santiago, Chile, Departamento de Epidemiología y Estudios en Salud, Magíster en Epidemiología, Universidad de los Andes, Monseñor Álvaro del Portillo 12455, Santiago, Chile, Estudiante del Programa Doctorado en Ciencias Médicas, Escuela ",Escuela de Medicina,Facultad de Medicina y Salud,True,True,alta
2-s2.0-85172207120,2023,7,10,Soto L.,soto l,soto,"Facultad de Medicina, Escuela de Medicina, Universidad Finis Terrae, Av. Pedro de Valdivia 1509, Santiago, Chile, Unidad de Pacientes Críticos, Clínica Santa María, Bellavista 415, Santiago, Chile",Escuela de Medicina,Facultad de Medicina y Salud,True,True,alta
2-s2.0-85172207120,2023,8,10,Ferre A.,ferre a,ferre,"Unidad de Pacientes Críticos, Clínica Las Condes, Estoril 450, Santiago, Chile, Facultad de Medicina, Escuela de Medicina, Universidad Finis Terrae, Av. Pedro de Valdivia 1509, Santiago, Chile",Escuela de Medicina,Facultad de Medicina y Salud,True,True,alta
2-s2.0-85165967874,2023,6,9,Zbinden-Foncea H.,zbinden foncea h,zbindenfoncea,"Laboratorio de Fisiología del Ejercicio y Metabolismo, Escuela de Kinesiología, Facultad de Medicina, Universidad Finis Terrae, Santiago, 7500000, Chile, Facultad de Ciencias de la Salud, Universidad Francisco de Vitoria, Madrid, 28223, Spain",Facultad de Medicina,Facultad de Medicina y Salud,True,True,alta
2-s2.0-85160353965,2023,1,7,D’andurain J.,dandurain j,dandurain,"Nutrition and Dietetic School, Facultad de Medicina, Universidad Finis Terrae, Pedro de Valdivia 1509, Santiago, 7501015, Chile",Facultad de Medicina,Facultad de Medicina y Salud,True,True,alta
2-s2.0-85160353965,2023,2,7,López V.,lopez v,lopez,"Nutrition and Dietetic School, Facultad de Medicina, Universidad Finis Terrae, Pedro de Valdivia 1509, Santiago, 7501015, Chile",Facultad de Medicina,Facultad de Medicina y Salud,True,True,alta
2-s2.0-85160353965,2023,3,7,Arazo-Rusindo M.,arazo rusindo m,arazorusindo,"Nutrition and Dietetic School, Facultad de Medicina, Universidad Finis Terrae, Pedro de Valdivia 1509, Santiago, 7501015, Chile",Facultad de Medicina,Facultad de Medicina y Salud,True,True,alta
2-s2.0-85160353965,2023,4,7,Tiscornia C.,tiscornia c,tiscornia,"Nutrition and Dietetic School, Facultad de Medicina, Universidad Finis Terrae, Pedro de Valdivia 1509, Santiago, 7501015, Chile",Facultad de Medicina,Facultad de Medicina y Salud,True,True,alta
2-s2.0-85160353965,2023,6,7,Simón L.,simon l,simon,"Nutrition and Dietetic School, Facultad de Medicina, Universidad Finis Terrae, Pedro de Valdivia 1509, Santiago, 7501015, Chile",Facultad de Medicina,Facultad de Medicina y Salud,True,True,alta
2-s2.0-85160353965,2023,7,7,Mariotti-Celis M.S.,mariotti celis ms,mariotticelis,"Nutrition and Dietetic School, Facultad de Medicina, Universidad Finis Terrae, Pedro de Valdivia 1509, Santiago, 7501015, Chile",Facultad de Medicina,Facultad de Medicina y Salud,True,True,alta
2-s2.0-85180712015,2023,1,3,Jofré Bartholin M.,jofre bartholin m,jofrebartholin,"Centro de Investigación en Biomedicina (CIBMED), Escuela de Medicina, Facultad de Medicina, Universidad Finis Terrae, Santiago, 7501015, Chile",Facultad de Medicina,Facultad de Medicina y Salud,True,True,alta
2-s2.0-85180712015,2023,3,3,Berrocal Silva L.,berrocal silva l,berrocalsilva,"Centro de Investigación en Biomedicina (CIBMED), Escuela de Medicina, Facultad de Medicina, Universidad Finis Terrae, Santiago, 7501015, Chile",Facultad de Medicina,Facultad de Medicina y Salud,True,True,alta
2-s2.0-85165721215,2023,2,10,Sepúlveda J.P.M.,sepulveda jpm,sepulvedajpm,"University of Sydney Business School, Darlington, Australia, Facultad de Educación Psicología y Familia, Universidad Finis Terrae, Santiago, Chile",Facultad de Educación Psicología y Familia,Facultad de Educación y Ciencias Sociales,True,True,alta
2-s2.0-85158077844,2023,37,83,Gonzalez-Valderrama A.,gonzalez valderrama a,gonzalezvalderrama,"Early Intervention Program, Instituto Psiquiátrico Dr. J. Horwitz Barak, Santiago, 8431621, Chile, School of Medicine, Universidad Finis Terrae, Santiago, 7501015, Chile",School of Medicine,Facultad de Medicina y Salud,True,True,alta
2-s2.0-85124814881,2023,4,6,Santibáñez D.,santibanez d,santibanez,"Universidad Finis Terrae, Santiago, Chile",,No determinada,True,True,alta
2-s2.0-85151239151,2023,9,12,González-Valderrama A.,gonzalez valderrama a,gonzalezvalderrama,"Psychiatric Institute “Dr. José Horwitz Barak”, Santiago, Chile, School of Medicine, Universidad Finis Terrae, Santiago, Chile",School of Medicine,Facultad de Medicina y Salud,True,True,alta
2-s2.0-85169448055,2023,2,2,Gomez D.S.,gomez ds,gomezds,"Facultad de Educacion, Psicologia y Familia, Universidad Finis Terrae, Santiago, Chile",Facultad de Educacion,Facultad de Educación y Ciencias Sociales,True,True,alta
2-s2.0-85175547049,2023,1,4,Henriquez-Olguin C.,henriquez olguin c,henriquezolguin,"The August Krogh Section of Molecular Physiology, Department of Nutrition, Exercise and Sports, University of Copenhagen, Copenhagen, 2100, Denmark, Exercise Science Laboratory, Faculty of Medicine, Universidad Finis Terrae, Av. Pedro de Valdivia 1509, Santiago, Chile",Faculty of Medicine,Facultad de Medicina y Salud,True,True,alta
2-s2.0-85164586783,2023,12,12,Díaz F.,diaz f,diaz,"Unidad de Cuidados Intensivos Pediátricos, Hospital El Carmen de Maipú, Santiago, Chile, Escuela de Medicina, Universidad Finis Terrae, Santiago, Chile",Escuela de Medicina,Facultad de Medicina y Salud,True,True,alta
2-s2.0-85167819692,2023,1,10,Henriquez-Olguin C.,henriquez olguin c,henriquezolguin,"The August Krogh Section for Molecular Physiology, Department of Nutrition, Exercise, and Sports, University of Copenhagen, August Krogh Building, Universitetsparken 13, Copenhagen, 2100, Denmark, Exercise Science Laboratory, Faculty of Medicine, Universidad Finis Terrae, Av. Pedro de Valdivia 1509,",Faculty of Medicine,Facultad de Medicina y Salud,True,True,alta
2-s2.0-85184440738,2024,3,5,Muzard A.,muzard a,muzard,"School of Psychology, Social Sciences Faculty, Pontificia Universidad Católica de Chile, Santiago, Chile, Millennium Institute for Research in Depression and Personality, Santiago, Chile, School of Psychology, Finis Terrae University, Santiago, Chile",School of Psychology,Facultad de Educación y Ciencias Sociales,True,True,alta
2-s2.0-85153612820,2023,5,8,Lorca-Ponce E.,lorca ponce e,lorcaponce,"Escuela de Enfermería, Facultad de Medicina, Universidad Finis Terrae, Santiago, Chile",Facultad de Medicina,Facultad de Medicina y Salud,True,True,alta
2-s2.0-85148039285,2023,1,7,Ruiz-Riquelme P.,ruiz riquelme p,ruizriquelme,"Master Fellow Foot and Ankle Surgery, Universitat de Barcelona, Barcelona, Spain, Department of Orthopedic and Traumatology, Hospital Clínico La Florida / Clínica Las Condes, Santiago, Chile, School of Medicine, Finis Terrae University, Santiago, Chile",School of Medicine,Facultad de Medicina y Salud,True,True,alta
2-s2.0-85144119119,2023,7,7,Farsani D.,farsani d,farsani,"Facultad de Educación, Psicología y Familia, Universidad Finis Terrae, Santiago, Chile",Facultad de Educación,Facultad de Educación y Ciencias Sociales,True,True,alta
2-s2.0-85195831343,2024,1,2,Rojas-Saffie J.P.,rojas saffie jp,rojassaffie,"Department of Psychology, Faculty of Education, Psychology and Family, Universidad Finis Terrae, Santiago, Chile, Center for Research in Education, Psychology and Family (CIPEF), Faculty of Education, Psychology and Family, Universidad Finis Terrae, Santiago, Chile",Faculty of Education,Facultad de Educación y Ciencias Sociales,True,True,alta
2-s2.0-85195831343,2024,2,2,García-Matte N.,garcia matte n,garciamatte,"Department of Psychology, Faculty of Education, Psychology and Family, Universidad Finis Terrae, Santiago, Chile, Center for Research in Education, Psychology and Family (CIPEF), Faculty of Education, Psychology and Family, Universidad Finis Terrae, Santiago, Chile, Millenium Institute for Depressio",Faculty of Education,Facultad de Educación y Ciencias Sociales,True,True,alta
2-s2.0-85210945354,2024,2,3,Salas-Guzmán N.,salas guzman n,salasguzman,"Centro de Investigación en Psicología, Educación y Familia (CIPEF), Universidad Finis Terrae, Santiago, Chile",,No determinada,True,True,alta
2-s2.0-85175498298,2023,1,4,Mujika I.,mujika i,mujika,"Department of Physiology, Faculty of Medicine and Nursing, University of the Basque Country, Basque Country, Leioa, Spain, Exercise Science Laboratory, School of Kinesiology, Faculty of Medicine, Universidad Finis Terrae, Santiago, Chile",Faculty of Medicine,Facultad de Medicina y Salud,True,True,alta
2-s2.0-85158982455,2023,3,5,Santibáñez D.,santibanez d,santibanez,"Universidad Finis Terrae, Chile",,No determinada,True,True,alta
2-s2.0-85183641905,2023,1,6,Neira B.C.,neira bc,neirabc,"Departamento de Obstetricia y Ginecología, Universidad Finis Terrae, Chile, Departamento de Obstetricia y Ginecología, Hospital El Carmen Dr. Luis Valentín Ferrada, Maipú, Chile, Departamento de Obstetricia y Ginecología, Clínica Red Salud Vitacura, Vitacura, Santiago de Chile, Chile",,No determinada,True,True,alta
2-s2.0-85183641905,2023,2,6,Navarro-Plazaola N.,navarro plazaola n,navarroplazaola,"Departamento de Obstetricia y Ginecología, Universidad Finis Terrae, Chile",,No determinada,True,True,alta
2-s2.0-85183641905,2023,3,6,Díaz-Eris A.,diaz eris a,diazeris,"Departamento de Obstetricia y Ginecología, Universidad Finis Terrae, Chile",,No determinada,True,True,alta
2-s2.0-85183641905,2023,4,6,Norambuena-Narváez C.,norambuena narvaez c,norambuenanarvaez,"Departamento de Obstetricia y Ginecología, Universidad Finis Terrae, Chile, Departamento de Obstetricia y Ginecología, Hospital El Carmen Dr. Luis Valentín Ferrada, Maipú, Chile",,No determinada,True,True,alta
2-s2.0-85183641905,2023,5,6,von Hoveling-Schindler A.,von hoveling schindler a,vonhoveling,"Departamento de Obstetricia y Ginecología, Universidad Finis Terrae, Chile, Departamento de Obstetricia y Ginecología, Hospital El Carmen Dr. Luis Valentín Ferrada, Maipú, Chile",,No determinada,True,True,alta
2-s2.0-85183641905,2023,6,6,Avilés-Dorlhiac R.,aviles dorlhiac r,avilesdorlhiac,"Departamento de Obstetricia y Ginecología, Universidad Finis Terrae, Chile, Departamento de Obstetricia y Ginecología, Hospital El Carmen Dr. Luis Valentín Ferrada, Maipú, Chile, Departamento de Obstetricia y Ginecología, Clínica Red Salud Vitacura, Vitacura, Santiago de Chile, Chile",,No determinada,True,True,alta
2-s2.0-85173014809,2023,5,9,Olavarría N.,olavarria n,olavarria,"Facultad Medicina, Finis Terrae, Santiago, Chile",,No determinada,True,True,alta
2-s2.0-85145967026,2023,5,5,Salomé Mariotti Celis M.,salome mariotti celis m,salomemariotti,"Escuela de Nutrición y Dietética, Facultad de Medicina, Universidad Finis Terrae, Pedro de Valdivia 1509, Providencia, Santiago, Chile",Facultad de Medicina,Facultad de Medicina y Salud,True,True,alta
2-s2.0-85152321822,2023,2,2,Castro-Sepulveda M.,castro sepulveda m,castrosepulveda,"Laboratorio Ciencias del Ejercicio, Escuela de Kinesiología, Universidad Finis Terrae, Santiago, Chile",Escuela de Kinesiología,Escuela de Kinesiología,True,True,alta
2-s2.0-85182245352,2023,1,3,Ostornol A.F.,ostornol af,ostornolaf,"Medicina, Universidad Finis Terrae, Santiago, Chile",,No determinada,True,True,alta
2-s2.0-85182245352,2023,2,3,Cruzat J.C.,cruzat jc,cruzatjc,"Medicina, Universidad Finis Terrae, Santiago, Chile",,No determinada,True,True,alta
2-s2.0-85182245352,2023,3,3,González P.S.,gonzalez ps,gonzalezps,"Medicina Interna, Hospital Clínico UC Christus, Santiago, Chile, Profesor, Facultad de Medicina, Universidad Finis Terrae, Santiago, Chile",Facultad de Medicina,Facultad de Medicina y Salud,True,True,alta
2-s2.0-85183684713,2023,1,2,Simón L.,simon l,simon,"Nutrition and Dietetic School, Facultad de Medicina, Universidad Finis Terrae, Santiago, Chile",Facultad de Medicina,Facultad de Medicina y Salud,True,True,alta
2-s2.0-85183684713,2023,2,2,Mariotti-Celis M.S.,mariotti celis ms,mariotticelis,"Nutrition and Dietetic School, Facultad de Medicina, Universidad Finis Terrae, Santiago, Chile",Facultad de Medicina,Facultad de Medicina y Salud,True,True,alta
2-s2.0-105018212364,2024,1,1,Carvajal G.,carvajal g,carvajal,"Universidad Finis Terrae, Chile",,No determinada,True,True,alta
2-s2.0-85188146191,2024,24,32,Mujika I.,mujika i,mujika,"Department of Physiology, Faculty of Medicine and Nursing, University of the Basque Country, Basque Country, Leioa, Spain, Exercise Science Laboratory, School of Kinesiology, Faculty of Medicine, Universidad Finis Terrae, Santiago, Chile",Faculty of Medicine,Facultad de Medicina y Salud,True,True,alta
2-s2.0-85149674498,2023,3,8,Moya P.,moya p,moya,"Facultad de Odontología, Universidad Finis Terrae, Santiago, 7501015, Chile",Facultad de Odontología,Facultad de Odontología,True,True,alta
2-s2.0-85173961286,2023,3,3,Méndez-Sánchez R.E.,mendez sanchez re,mendezsanchez,"Facultad de Comunicaciones y Humanidades, Universidad Finis Terrae, Santiago, Chile",Facultad de Comunicaciones y Humanidades,Facultad de Humanidades y Comunicaciones,True,True,alta
2-s2.0-85150284848,2023,2,2,Farsani D.,farsani d,farsani,"Universidad Finis Terrae, Providencia, Chile",,No determinada,True,True,alta
2-s2.0-85173023995,2023,9,13,Cottin M.,cottin m,cottin,"Millennium Institute for Depression and Personality Research (MIDAP), Santiago, Chile, Universidad Finis Terrae, Santiago, Chile",,No determinada,True,True,alta
2-s2.0-85151137553,2023,1,3,Zambrano C.,zambrano c,zambrano,University Finis Terrae,,No determinada,True,True,alta
2-s2.0-85151137553,2023,2,3,Rojas D.,rojas d,rojas,University Finis Terrae,,No determinada,True,True,alta
2-s2.0-85200145776,2024,3,6,González J.H.,gonzalez jh,gonzalezjh,"Departamento de Neurología, Facultad de Medicina, Universidad Finis Terrae, Chile, GDT Demencia, Chile",Facultad de Medicina,Facultad de Medicina y Salud,True,True,alta
2-s2.0-85200145776,2024,4,6,Ramos T.F.,ramos tf,ramostf,"Departamento de Neurología, Facultad de Medicina, Universidad Finis Terrae, Chile, Centro de Memoria y Neuropsiquiatría, Hospital del Salvador, Chile, GDT Demencia, Chile",Facultad de Medicina,Facultad de Medicina y Salud,True,True,alta
2-s2.0-105034655965,2024,1,1,Abara J.F.,abara jf,abarajf,"CIDOC y en la Escuela de Historia, Universidad Finis Terrae, Alberto Henckel 2317, Providencia, Santiago, CP 7510450, Chile",Escuela de Historia,Facultad de Humanidades y Comunicaciones,True,True,alta
2-s2.0-85188504047,2023,1,1,Kobayashi M.A.,kobayashi ma,kobayashima,"Escuela de Artes Visuales, Universidad Finis Terrae, Chile",Escuela de Artes Visuales,Facultad de Artes,True,True,alta
2-s2.0-85205437662,2024,1,1,Díaz-Galaz L.,diaz galaz l,diazgalaz,"CIPEF, Universidad Finis Terrae, Chile, Universidad Americana de Europa (UNADE), Mexico",,No determinada,True,True,alta
2-s2.0-85178463650,2023,1,5,Giglio A.,giglio a,giglio,"Medicina Intensiva, Universidad Finis Terrae, Santiago, Chile, Centro de Pacientes Críticos, Clínica Las Condes, Santiago, Chile",,No determinada,True,True,alta
2-s2.0-85178463650,2023,3,5,Pedreros C.,pedreros c,pedreros,"Medicina Intensiva, Universidad Finis Terrae, Santiago, Chile, Centro de Pacientes Críticos, Clínica Las Condes, Santiago, Chile",,No determinada,True,True,alta
2-s2.0-85178463650,2023,4,5,Ferre A.,ferre a,ferre,"Medicina Intensiva, Universidad Finis Terrae, Santiago, Chile, Centro de Pacientes Críticos, Clínica Las Condes, Santiago, Chile",,No determinada,True,True,alta
2-s2.0-85178463650,2023,5,5,Dreyse J.,dreyse j,dreyse,"Medicina Intensiva, Universidad Finis Terrae, Santiago, Chile, Centro de Pacientes Críticos, Clínica Las Condes, Santiago, Chile",,No determinada,True,True,alta
2-s2.0-85151560586,2023,5,5,Muzard A.,muzard a,muzard,"Doctoral Program in Psychotherapy, School of Psychology, Pontificia Universidad Católica de Chile, Av. Vicuña Mackenna 4860, Santiago, Chile, Millennium Institute for Research in Depression and Personality (MIDAP), Santiago, Chile, School of Psychology, Finis Terrae University, Chile",School of Psychology,Facultad de Educación y Ciencias Sociales,True,True,alta
2-s2.0-85158828554,2023,1,4,Castro-Sepulveda M.,castro sepulveda m,castrosepulveda,"Laboratorio de Fisiología del Ejercicio y Metabolismo (LABFEM), Escuela de Kinesiologia, Facultad de Medicina, Universidad Finis Terrae, Santiago, Chile",Facultad de Medicina,Facultad de Medicina y Salud,True,True,alta
2-s2.0-85158828554,2023,2,4,Fernández-Verdejo R.,fernandez verdejo r,fernandezverdejo,"Laboratorio de Fisiología del Ejercicio y Metabolismo (LABFEM), Escuela de Kinesiologia, Facultad de Medicina, Universidad Finis Terrae, Santiago, Chile",Facultad de Medicina,Facultad de Medicina y Salud,True,True,alta
2-s2.0-85158828554,2023,3,4,Zbinden-Foncea H.,zbinden foncea h,zbindenfoncea,"Laboratorio de Fisiología del Ejercicio y Metabolismo (LABFEM), Escuela de Kinesiologia, Facultad de Medicina, Universidad Finis Terrae, Santiago, Chile, Centro de Salud Deportiva, Clinica Santa Maria, Santiago, Chile",Facultad de Medicina,Facultad de Medicina y Salud,True,True,alta
2-s2.0-85172361519,2023,1,1,Amarouch I.,amarouch i,amarouch,"Facultad de Arquitectura y Diseño. Universidad Finis Terrae, Santiago de, Chile",,No determinada,True,True,alta
2-s2.0-85196502487,2024,2,2,Carrasco G.,carrasco g,carrasco,"Universidad Finis Terrae, Santiago, Chile",,No determinada,True,True,alta
2-s2.0-85216695257,2024,1,3,Rojas-Saffie J.P.,rojas saffie jp,rojassaffie,"Department of Psychology, Faculty of Education, Psychology and Family, Universidad Finis Terrae, Santiago, Chile, Center for Research in Education, Psychology and Family (CIPEF), Faculty of Education, Psychology and Family, Universidad Finis Terrae, Santiago, Chile",Faculty of Education,Facultad de Educación y Ciencias Sociales,True,True,alta
2-s2.0-85216695257,2024,2,3,Álamos-Vial N.,alamos vial n,alamosvial,"Department of Psychology, Faculty of Education, Psychology and Family, Universidad Finis Terrae, Santiago, Chile",Faculty of Education,Facultad de Educación y Ciencias Sociales,True,True,alta
2-s2.0-85216695257,2024,3,3,Pinzón-Merchán M.,pinzon merchan m,pinzonmerchan,"Department of Psychology, Faculty of Education, Psychology and Family, Universidad Finis Terrae, Santiago, Chile",Faculty of Education,Facultad de Educación y Ciencias Sociales,True,True,alta
2-s2.0-85198100692,2024,1,4,Zambrano C.,zambrano c,zambrano,"Facultad de Ingeniería, Departamento de Ingeniería Informática y Telecomunicaciones, Universidad Finis Terrae, Santiago, Chile",Facultad de Ingeniería,Facultad de Ingeniería,True,True,alta
2-s2.0-105000407376,2024,3,4,Paredes M.V.B.,paredes mvb,paredesmvb,"DUOC Universidad Católica (UC), Santiago, Chile, Restauración y Conservación de Objetos y Entorno Patrimonial, Universidad Finis Terrae, Santiago, Chile",,No determinada,True,True,alta
2-s2.0-85189331104,2024,10,15,Cancino-López J.,cancino lopez j,cancinolopez,"Laboratorio de Fisiología del Ejercicio y Metabolismo, Escuela de Kinesiología, Facultad de Medicina, Universidad Finis Terrae. Santiago, Santiago, Chile",Facultad de Medicina,Facultad de Medicina y Salud,True,True,alta
2-s2.0-85145743670,2023,1,8,Molina M.,molina m,molina,"Department of Orthopaedic Surgery, Spine Center, Clínica Las Condes, Santiago, Chile, Instituto Traumatológico de Santiago, Santiago, Chile, Research and Clinical Epidemiology Unit, Finis Terrae University, Santiago, Chile",,No determinada,True,True,alta
2-s2.0-85145743670,2023,3,8,Castro M.,castro m,castro,"Research and Clinical Epidemiology Unit, Finis Terrae University, Santiago, Chile",,No determinada,True,True,alta
2-s2.0-85145743670,2023,6,8,Martinez M.,martinez m,martinez,"Research and Clinical Epidemiology Unit, Finis Terrae University, Santiago, Chile",,No determinada,True,True,alta
2-s2.0-85175008740,2023,1,4,Cortina A.H.,cortina ah,cortinaah,"Universidad Autónoma de Chile, Región Metropolitana, Providencia, Chile, Universidad Finis Terrae, Región Metropolitana, Providencia, Chile",,No determinada,True,True,alta
2-s2.0-85185661124,2023,1,1,Poblete Alday P.,poblete alday p,pobletealday,"Universidad Finis Terrae, Santiago de Chile, Chile",,No determinada,True,True,alta
2-s2.0-85197695723,2024,1,6,Balboa E.,balboa e,balboa,"Center for Biomedical Research, Universidad Finis Terrae, Santiago, Chile",,No determinada,True,True,alta
2-s2.0-85197695723,2024,2,6,Saud F.,saud f,saud,"Center for Biomedical Research, Universidad Finis Terrae, Santiago, Chile",,No determinada,True,True,alta
2-s2.0-85197695723,2024,4,6,de la Fuente M.,de la fuente m,dela,"Center for Biomedical Research, Universidad Finis Terrae, Santiago, Chile",,No determinada,True,True,alta
2-s2.0-85197695723,2024,5,6,Landskron G.,landskron g,landskron,"Center for Biomedical Research, Universidad Finis Terrae, Santiago, Chile",,No determinada,True,True,alta
2-s2.0-85176928669,2023,1,6,Roos A.C.,roos ac,roosac,"Cirugía Plástica, Universidad Finis Terrae, Chile, Clínica Made, Santiago, Chile",,No determinada,True,True,alta
2-s2.0-85176928669,2023,2,6,Macho R.M.,macho rm,machorm,"Cirugía Plástica, Universidad Finis Terrae, Chile",,No determinada,True,True,alta
2-s2.0-85176928669,2023,3,6,Díaz M.J.H.,diaz mjh,diazmjh,"Cirugía Plástica, Universidad Finis Terrae, Chile",,No determinada,True,True,alta
2-s2.0-85176928669,2023,6,6,Irarrázaval C.A.,irarrazaval ca,irarrazavalca,"Cirugía Plástica, Universidad Finis Terrae, Chile, Clínica Made, Santiago, Chile",,No determinada,True,True,alta
2-s2.0-85179070817,2023,1,9,Vallejos G.,vallejos g,vallejos,"Departamento de Ginecología y Obstetricia, Hospital El Carmen de Maipú, Chile, Facultad de Medicina, Universidad Finis Terrae, Chile, Departamento de Ginecología y Obstetricia, Facultad de Medicina, Clínica Alemana-Universidad del Desarrollo, Santiago, Chile",Facultad de Medicina,Facultad de Medicina y Salud,True,True,alta
2-s2.0-85179070817,2023,3,9,Ballesteros P.,ballesteros p,ballesteros,"Facultad de Medicina, Universidad Finis Terrae, Chile",Facultad de Medicina,Facultad de Medicina y Salud,True,True,alta
2-s2.0-85179070817,2023,4,9,Schlageter F.,schlageter f,schlageter,"Departamento de Ginecología y Obstetricia, Hospital El Carmen de Maipú, Chile, Facultad de Medicina, Universidad Finis Terrae, Chile",Facultad de Medicina,Facultad de Medicina y Salud,True,True,alta
2-s2.0-85179070817,2023,5,9,Peragallo J.,peragallo j,peragallo,"Departamento de Ginecología y Obstetricia, Hospital El Carmen de Maipú, Chile, Facultad de Medicina, Universidad Finis Terrae, Chile",Facultad de Medicina,Facultad de Medicina y Salud,True,True,alta
2-s2.0-85179070817,2023,6,9,Norambuena C.,norambuena c,norambuena,"Departamento de Ginecología y Obstetricia, Hospital El Carmen de Maipú, Chile, Facultad de Medicina, Universidad Finis Terrae, Chile",Facultad de Medicina,Facultad de Medicina y Salud,True,True,alta
2-s2.0-85179070817,2023,7,9,Castillo N.,castillo n,castillo,"Departamento de Ginecología y Obstetricia, Hospital El Carmen de Maipú, Chile, Facultad de Medicina, Universidad Finis Terrae, Chile",Facultad de Medicina,Facultad de Medicina y Salud,True,True,alta
2-s2.0-85179070817,2023,8,9,Llera C.,llera c,llera,"Facultad de Medicina, Universidad Finis Terrae, Chile",Facultad de Medicina,Facultad de Medicina y Salud,True,True,alta
2-s2.0-85179070817,2023,9,9,Jaque Y.,jaque y,jaque,"Facultad de Medicina, Universidad Finis Terrae, Chile",Facultad de Medicina,Facultad de Medicina y Salud,True,True,alta
2-s2.0-85206076775,2024,1,5,Mujika I.,mujika i,mujika,"Department of Physiology, Faculty of Medicine and Nursing, University of the Basque Country, Leioa, Spain, Exercise Science Laboratory, School of Kinesiology, Faculty of Medicine, Universidad Finis Terrae, Santiago, Chile",Faculty of Medicine,Facultad de Medicina y Salud,True,True,alta
2-s2.0-105044644829,2023,1,1,Muszalski H.,muszalski h,muszalski,"Universidad Finis Terrae, Chile",,No determinada,True,True,alta
2-s2.0-85192374380,2024,1,6,Montalva-Valenzuela F.,montalva valenzuela f,montalvavalenzuela,"Laboratorio de Fisiología del Ejercicio y Metabolismo (LABFEM), Escuela de Kinesiología, Facultad de Medicina, Universidad Finis Terrae, Santiago, Chile",Facultad de Medicina,Facultad de Medicina y Salud,True,True,alta
2-s2.0-85191374190,2024,4,10,Morales-Sepulveda J.P.,morales sepulveda jp,moralessepulveda,"University of Sydney Business School, Darlington, NSW, Australia, Facultad de Educación Psicología y Familia, Universidad Finis Terrae, Santiago, Chile",Facultad de Educación Psicología y Familia,Facultad de Educación y Ciencias Sociales,True,True,alta
2-s2.0-85191374190,2024,5,10,Huepe-Artigas D.,huepe artigas d,huepeartigas,"Facultad de Educación Psicología y Familia, Universidad Finis Terrae, Santiago, Chile, Center for Social and Cognitive Neuroscience, School of Psychology, Universidad Adolfo Ibáñez, Santiago, Chile",Facultad de Educación Psicología y Familia,Facultad de Educación y Ciencias Sociales,True,True,alta
2-s2.0-85172425933,2023,8,11,Orellana Donoso M.,orellana donoso m,orellanadonoso,"Departamento de Morfología, Facultad de Medicina, Universidad Andres Bello, Santiago, Chile, Escuela de Medicina, Universidad Finis Terrae, Santiago, Chile",Escuela de Medicina,Facultad de Medicina y Salud,True,True,alta
2-s2.0-85171790440,2023,1,2,Yanine F.,yanine f,yanine,"Faculty of Engineering, Universidad Finis Terrae, Av. Pedro de Valdivia 1509, Providencia, Santiago, 7500000, Chile",Faculty of Engineering,Facultad de Ingeniería,True,True,alta
2-s2.0-85172181917,2023,1,4,Torrealba J.,torrealba j,torrealba,"Traumatología y Ortopedia. Universidad Finis Terrae, Santiago, Chile",,No determinada,True,True,alta
2-s2.0-85147620671,2023,3,6,Mujika I.,mujika i,mujika,"Department of Physiology, Faculty of Medicine and Nursing, University of the Basque Country, Leioa, Spain, Exercise Science Laboratory, School of Kinesiology, Faculty of Medicine, Universidad Finis Terrae, Santiago, Chile",Faculty of Medicine,Facultad de Medicina y Salud,True,True,alta
2-s2.0-85164247517,2023,1,5,Shabani R.,shabani r,shabani,"Norwegian University of Science and Technology, Høgskoleringen 1, Trondheim, 7491, Norway, Universidad Finis Terrae, Av.Pedro de Valdivia, Providencia, 1509, Chile",,No determinada,True,True,alta
2-s2.0-85164247517,2023,2,5,Ishtiaque T.A.,ishtiaque ta,ishtiaqueta,"Norwegian University of Science and Technology, Høgskoleringen 1, Trondheim, 7491, Norway, Universidad Finis Terrae, Av.Pedro de Valdivia, Providencia, 1509, Chile",,No determinada,True,True,alta
2-s2.0-85164247517,2023,3,5,Johansen A.,johansen a,johansen,"Norwegian University of Science and Technology, Høgskoleringen 1, Trondheim, 7491, Norway, Universidad Finis Terrae, Av.Pedro de Valdivia, Providencia, 1509, Chile",,No determinada,True,True,alta
2-s2.0-85164247517,2023,4,5,Torp O.,torp o,torp,"Norwegian University of Science and Technology, Høgskoleringen 1, Trondheim, 7491, Norway, Universidad Finis Terrae, Av.Pedro de Valdivia, Providencia, 1509, Chile",,No determinada,True,True,alta
2-s2.0-85164247517,2023,5,5,Farsani D.,farsani d,farsani,"Norwegian University of Science and Technology, Høgskoleringen 1, Trondheim, 7491, Norway, Universidad Finis Terrae, Av.Pedro de Valdivia, Providencia, 1509, Chile",,No determinada,True,True,alta
2-s2.0-85163335724,2023,9,20,Henriquez-Olguin C.,henriquez olguin c,henriquezolguin,"Department of Nutrition, Exercise and Sports, Faculty of Science, University of Copenhagen, Copenhagen N, 2200, Denmark, Exercise Science Laboratory, Faculty of Medicine, Universidad Finis Terrae, Santiago, 7501015, Chile",Faculty of Medicine,Facultad de Medicina y Salud,True,True,alta
2-s2.0-85164242622,2023,1,6,Nuñez-Lisboa M.,nunez lisboa m,nunezlisboa,"Exercise Science Laboratory, School of Kinesiology, Faculty of Medicine, Universidad Finis Terrae, Santiago, Chile",Faculty of Medicine,Facultad de Medicina y Salud,True,True,alta
2-s2.0-85145242374,2023,9,11,Mujika I.,mujika i,mujika,"Faculty of Medicine and Nursing, Department of Physiology, University of the Basque Country, Leioa, Spain, Exercise Science Laboratory, School of Kinesiology, Faculty of Medicine, Universidad Finis Terrae, Santiago, Chile",Faculty of Medicine,Facultad de Medicina y Salud,True,True,alta
2-s2.0-105011526303,2023,2,5,Zamora L.C.,zamora lc,zamoralc,"Universidad Finis Terrae, Chile",,No determinada,True,True,alta
2-s2.0-85149813674,2023,1,5,Elorrieta V.,elorrieta v,elorrieta,"Medicine Faculty, Finis Terrae University, Santiago, Chile",,No determinada,True,True,alta
2-s2.0-85149813674,2023,2,5,Villena J.,villena j,villena,"Medicine Faculty, Finis Terrae University, Santiago, Chile",,No determinada,True,True,alta
2-s2.0-85149813674,2023,3,5,Kompatzki Á.,kompatzki a,kompatzki,"Medicine Faculty, Finis Terrae University, Santiago, Chile, Urology Staff, Urology Department, Clínica Santa María, Santiago, Chile",,No determinada,True,True,alta
2-s2.0-85149813674,2023,4,5,Velasco A.,velasco a,velasco,"Medicine Faculty, Finis Terrae University, Santiago, Chile, Urology Staff, Urology Department, Clínica Santa María, Santiago, Chile",,No determinada,True,True,alta
2-s2.0-85149813674,2023,5,5,Salvadó J.A.,salvado ja,salvadoja,"Medicine Faculty, Finis Terrae University, Santiago, Chile, Urology Staff, Urology Department, Clínica Santa María, Santiago, Chile",,No determinada,True,True,alta
2-s2.0-85196095290,2024,2,35,Carvajal C.,carvajal c,carvajal,"Staphylored LATAM, Bogotá, Colombia, Universidad Finis Terrae, Santiago, Chile",,No determinada,True,True,alta
2-s2.0-85196095290,2024,12,35,Von Moltke R.,von moltke r,vonmoltke,"Staphylored LATAM, Bogotá, Colombia, Universidad Finis Terrae, Santiago, Chile",,No determinada,True,True,alta
2-s2.0-85186548748,2024,4,4,Figueroa D.,figueroa d,figueroa,"Faculty of Education, Psychology and Family, Universidad Finis Terrae, Santiago, Chile",Faculty of Education,Facultad de Educación y Ciencias Sociales,True,True,alta
2-s2.0-85147497849,2023,1,3,Moyano Dávila C.,moyano davila c,moyanodavila,"Escuela de Ciencias de la Familia, Universidad Finis Terrae, Santiago, Chile",Escuela de Ciencias de la Familia,Escuela de Ciencias de la Familia,True,True,alta
2-s2.0-85099562409,2023,1,3,Nieto I.,nieto i,nieto,"Faculty of Arts, Universidad Finis Terrae, Santiago, Chile",Faculty of Arts,Facultad de Artes,True,True,alta
2-s2.0-85195027038,2024,4,4,Massa Á.A.,massa aa,massaaa,"Finis Terrae University, 1509, Av. Pedro de Valdivia, Providencia, Santiago de Chile, Chile",,No determinada,True,True,alta
2-s2.0-85193919687,2023,1,1,Reyes J.,reyes j,reyes,"Finis Terrae University, Chile",,No determinada,True,True,alta
2-s2.0-85148858002,2023,4,5,Farsani D.,farsani d,farsani,"Faculty of Education, Department of Psychology and Family, Universidad Finis Terrae, Providencia, 7500000, Chile",Faculty of Education,Facultad de Educación y Ciencias Sociales,True,True,alta
2-s2.0-85181776321,2024,1,4,Giglio A.,giglio a,giglio,"Critical Care Department, Finis Terrae University, Santiago, Chile, Critical Care Department, Clinica Las Condes Hospital, Santiago, Chile",,No determinada,True,True,alta
2-s2.0-85181776321,2024,2,4,Reccius A.,reccius a,reccius,"Critical Care Department, Finis Terrae University, Santiago, Chile, Critical Care Department, Clinica Las Condes Hospital, Santiago, Chile, Neurology Department, Clinica Las Condes Hospital, Santiago, Chile",,No determinada,True,True,alta
2-s2.0-85181776321,2024,3,4,Ferre A.,ferre a,ferre,"Critical Care Department, Finis Terrae University, Santiago, Chile, Critical Care Department, Clinica Las Condes Hospital, Santiago, Chile",,No determinada,True,True,alta
2-s2.0-85181776321,2024,4,4,Dreyse J.,dreyse j,dreyse,"Critical Care Department, Finis Terrae University, Santiago, Chile, Critical Care Department, Clinica Las Condes Hospital, Santiago, Chile",,No determinada,True,True,alta
2-s2.0-85184439214,2023,1,8,Barbieri G.G.,barbieri gg,barbierigg,"Licenciature of Medicine, Pregrade Department-Universidad Finis Terrae, Independencia, Chile",,No determinada,True,True,alta
2-s2.0-85184439214,2023,7,8,Soto-Suazo M.,soto suazo m,sotosuazo,"Education Medical and Health Sciences Research Center, Universidad Finis Terrae, Chile",,No determinada,True,True,alta
2-s2.0-85175348912,2023,1,3,Fernández-Verdejo R.,fernandez verdejo r,fernandezverdejo,"Pennington Biomedical Research Center, Louisiana State University, Baton Rouge, LA, United States, Laboratorio de Fisiología del Ejercicio y Metabolismo (LABFEM), Escuela de Kinesiología, Facultad de Medicina, Universidad Finis Terrae, Santiago, Chile",Facultad de Medicina,Facultad de Medicina y Salud,True,True,alta
2-s2.0-105044654075,2024,1,1,Aránguiz P.M.,aranguiz pm,aranguizpm,"Universidad Finis Terrae, Santiago, Chile",,No determinada,True,True,alta
2-s2.0-85151108437,2023,1,7,Zbinden-Foncea H.,zbinden foncea h,zbindenfoncea,"Exercise Physiology and Metabolism Laboratory, School of Kinesiology, Faculty of Medicine, Universidad Finis Terrae, Santiago, 7500000, Chile, Centro de Salud Deportiva, Clínica Santa María, Santiago, 7571894, Chile, Institute of Neuroscience, UCLouvain, Louvain-la-Neuve, 1348, Belgium, Faculty of H",Faculty of Medicine,Facultad de Medicina y Salud,True,True,alta
2-s2.0-85151108437,2023,2,7,Ramos-Navarro C.,ramos navarro c,ramosnavarro,"Exercise Physiology and Metabolism Laboratory, School of Kinesiology, Faculty of Medicine, Universidad Finis Terrae, Santiago, 7500000, Chile",Faculty of Medicine,Facultad de Medicina y Salud,True,True,alta
2-s2.0-85151108437,2023,3,7,Hevia-Larraín V.,hevia larrain v,hevialarrain,"Exercise Physiology and Metabolism Laboratory, School of Kinesiology, Faculty of Medicine, Universidad Finis Terrae, Santiago, 7500000, Chile",Faculty of Medicine,Facultad de Medicina y Salud,True,True,alta
2-s2.0-85151108437,2023,4,7,Castro-Sepulveda M.,castro sepulveda m,castrosepulveda,"Exercise Physiology and Metabolism Laboratory, School of Kinesiology, Faculty of Medicine, Universidad Finis Terrae, Santiago, 7500000, Chile",Faculty of Medicine,Facultad de Medicina y Salud,True,True,alta
2-s2.0-85151108437,2023,5,7,Saúl M.J.,saul mj,saulmj,"Exercise Physiology and Metabolism Laboratory, School of Kinesiology, Faculty of Medicine, Universidad Finis Terrae, Santiago, 7500000, Chile",Faculty of Medicine,Facultad de Medicina y Salud,True,True,alta
2-s2.0-85165269048,2024,2,2,Moyano Davila C.,moyano davila c,moyanodavila,"Universidad Finis Terrae, Santiago, Chile",,No determinada,True,True,alta
2-s2.0-85171257650,2023,4,4,Villarroel V.,villarroel v,villarroel,"Facultad de Educación, Psicología y Familia, Universidad Finis Terrae, Santiago, Chile",Facultad de Educación,Facultad de Educación y Ciencias Sociales,True,True,alta
2-s2.0-85158853973,2023,1,3,Etchegaray-Armijo K.,etchegaray armijo k,etchegarayarmijo,"Escuela de Nutrición y Dietética, Facultad de Medicina, Universidad Finis Terrae, Santiago, Chile",Facultad de Medicina,Facultad de Medicina y Salud,True,True,alta
2-s2.0-85158853973,2023,3,3,Bustos-Arriagada E.,bustos arriagada e,bustosarriagada,"Escuela de Nutrición y Dietética, Facultad de Medicina, Universidad Finis Terrae, Santiago, Chile",Facultad de Medicina,Facultad de Medicina y Salud,True,True,alta
2-s2.0-85159734220,2023,3,3,Diaz F.,diaz f,diaz,"Unidad de Paciente Crítico Pediátrico, Hospital El Carmen Dr. Luis Valentín Ferrada, Santiago, Chile, Unidad de Investigación y Epidemiología Clinica, Facultad de Medicina, Universidad Finis Terrae, Santiago, Chile",Facultad de Medicina,Facultad de Medicina y Salud,True,True,alta
2-s2.0-85206889329,2024,2,5,Rodríguez C.,rodriguez c,rodriguez,"Facultad de Medicina, Universidad Finis Terrae, RM, Santiago, Chile",Facultad de Medicina,Facultad de Medicina y Salud,True,True,alta
2-s2.0-85206889329,2024,3,5,Smague D.,smague d,smague,"Facultad de Medicina, Universidad Finis Terrae, RM, Santiago, Chile",Facultad de Medicina,Facultad de Medicina y Salud,True,True,alta
2-s2.0-85147588640,2023,4,4,Farsani D.,farsani d,farsani,"Facultad de Educación, Psicología y Familia, Universidad Finis Terrae, Santiago, Chile",Facultad de Educación,Facultad de Educación y Ciencias Sociales,True,True,alta
2-s2.0-85147045247,2023,1,8,Angulo J.,angulo j,angulo,"Laboratorio de Virología Molecular, Centro de Investigaciones Médicas, Instituto Milenio de Inmunología e Inmunoterapia, Departamento de Enfermedades Infecciosas e Inmunología Pediátrica, Escuela de Medicina, Pontificia Universidad Católica de Chile, Santiago, 8330024, Chile, Facultad de Odontología",Facultad de Odontología,Facultad de Odontología,True,True,alta
2-s2.0-85173375904,2023,3,6,Martinez-Mardones M.,martinez mardones m,martinezmardones,"Hospital del Salvador, Servicio de Cirugía y Servicio de Coloproctología, Santiago de, Chile, Escuela de Medicina, Universidad Finis Terrae, Santiago de, Chile",Escuela de Medicina,Facultad de Medicina y Salud,True,True,alta
2-s2.0-85189660184,2024,5,5,Díaz F.,diaz f,diaz,"Unidad de Paciente Crítico Pediátrico, Hospital El Carmen de Maipú, Santiago, Chile, Facultad de Medicina, Universidad Finis Terrae, Santiago, Chile",Facultad de Medicina,Facultad de Medicina y Salud,True,True,alta
2-s2.0-85174916359,2023,4,5,Franco D.R.,franco dr,francodr,"Unidad de Paciente Crítico Pediátrico, Hospital Clínico Dra. Eloísa Díaz I. La Florida, Santiago, Chile, Unidad de Paciente Crítico Pediátrico, Hospital El Carmen de Maipú, Santiago, Chile, Unidad de Investigación y Epidemiología Clínica, Escuela de Medicina, Universidad Finis Terrae, Santiago, Chil",Escuela de Medicina,Facultad de Medicina y Salud,True,True,alta
2-s2.0-85179692415,2023,1,4,Moyano Dávila C.,moyano davila c,moyanodavila,"Universidad Finis Terrae, Chile",,No determinada,True,True,alta
2-s2.0-85179692415,2023,2,4,Tabilo Prieto I.,tabilo prieto i,tabiloprieto,"Universidad Finis Terrae, Chile, Universidad Alberto Hurtado, Chile",,No determinada,True,True,alta
2-s2.0-85158846799,2023,2,4,Martinez-Mardones M.B.,martinez mardones mb,martinezmardones,"Servicio de Salud Metropolitano Oriente, Hospital del Salvador, Santiago, Chile, Facultad de Medicina, Universidad Finis Terrae, Santiago, Chile",Facultad de Medicina,Facultad de Medicina y Salud,True,True,alta
2-s2.0-85204167825,2023,1,5,de Guevara D.L.H.,de guevara dlh,deguevara,"Departamento de Radiología, Clínica Las Condes, Universidad Finis Terrae, Santiago, Chile",,No determinada,True,True,alta
2-s2.0-85151492301,2023,6,10,Orellana-Donoso M.,orellana donoso m,orellanadonoso,"Escuela de Medicina, Universidad Finis Terrae, Santiago, 7501015, Chile",Escuela de Medicina,Facultad de Medicina y Salud,True,True,alta
2-s2.0-85217317761,2024,1,1,Massa A.A.,massa aa,massaaa,"Universidad Finis Terrae, Chile",,No determinada,True,True,alta
2-s2.0-85158820725,2023,2,5,Vallejos P. G.,vallejos p g,vallejos,"Unidad de Ginecología, Hospital El Carmen Dr. Luis Valentín Ferrada, Camino Rinconada 1202 Maipú, Santiago, 9274443, Chile, Facultad de Medicina, Universidad Finis Terrae, Av. Pedro de Valdivia 1509 Providencia, Santiago, 7501015, Chile, Departamento de Ginecología y Obstetricia, Facultad de Medicin",Facultad de Medicina,Facultad de Medicina y Salud,True,True,alta
2-s2.0-85158820725,2023,3,5,Ballesteros P. P.,ballesteros p p,ballesteros,"Unidad de Ginecología, Hospital El Carmen Dr. Luis Valentín Ferrada, Camino Rinconada 1202 Maipú, Santiago, 9274443, Chile, Facultad de Medicina, Universidad Finis Terrae, Av. Pedro de Valdivia 1509 Providencia, Santiago, 7501015, Chile",Facultad de Medicina,Facultad de Medicina y Salud,True,True,alta
2-s2.0-85158820725,2023,4,5,Valenzuela L. G.,valenzuela l g,valenzuela,"Unidad de Ginecología, Hospital El Carmen Dr. Luis Valentín Ferrada, Camino Rinconada 1202 Maipú, Santiago, 9274443, Chile, Facultad de Medicina, Universidad Finis Terrae, Av. Pedro de Valdivia 1509 Providencia, Santiago, 7501015, Chile",Facultad de Medicina,Facultad de Medicina y Salud,True,True,alta
2-s2.0-85158820725,2023,5,5,Roncone D. E.,roncone d e,roncone,"Unidad de Ginecología, Hospital El Carmen Dr. Luis Valentín Ferrada, Camino Rinconada 1202 Maipú, Santiago, 9274443, Chile, Facultad de Medicina, Universidad Finis Terrae, Av. Pedro de Valdivia 1509 Providencia, Santiago, 7501015, Chile",Facultad de Medicina,Facultad de Medicina y Salud,True,True,alta
2-s2.0-85161512216,2023,1,3,Canihuante C.Z.,canihuante cz,canihuantecz,"Universidad Finis Terrae, Facultad de Educación, Psicología y Familia, Santiago, Chile",,No determinada,True,True,alta
2-s2.0-85183699333,2023,7,10,García F.,garcia f,garcia,"Alumna, Universidad Finis Terrae, Santiago, Chile",,No determinada,True,True,alta
2-s2.0-85175534452,2023,6,9,Orellana-Donoso M.,orellana donoso m,orellanadonoso,"Departamento de Morfología, Facultad de Medicina, Universidad Andrés Bello, Santiago, 8370146, Chile, Escuela de Medicina, Universidad Finis Terrae, Santiago, 7501015, Chile",Escuela de Medicina,Facultad de Medicina y Salud,True,True,alta
2-s2.0-85171607670,2023,1,1,Munita M.A.,munita ma,munitama,"Universidad Finis Terrae, Santiago, Chile",,No determinada,True,True,alta
2-s2.0-85191911737,2023,2,3,Sandoval P.P.P.,sandoval ppp,sandovalppp,"Departamento de Derecho Público, Facultad de Derecho, Universidad Finis Terrae, Santiago, Chile, Derecho Internacional de Los Derechos Humanos, Universidad de Notre Dame, United States",Facultad de Derecho,Facultad de Derecho,True,True,alta
2-s2.0-85191911737,2023,3,3,Massa Á.A.,massa aa,massaaa,"Departamento Ciencias del Derecho, Facultad de Derecho, Universidad Finis Terrae, Santiago, Chile, Storia e Filosofia del Diritto Europeo, Università Degli Studi Tor Vergata, Roma, Italy",Facultad de Derecho,Facultad de Derecho,True,True,alta
2-s2.0-85207717291,2024,3,3,Guevara E.,guevara e,guevara,"Centro de Economía y Negocios Sostenibles, Universidad Finis Terrae, Santiago, 7501015, Chile",,No determinada,True,True,alta
2-s2.0-85175966754,2024,3,3,Yanine F.F.,yanine ff,yanineff,"School of Engineering, Universidad Finis Terrae, Providencia, Santiago, Chile",School of Engineering,School of Engineering,True,True,alta
2-s2.0-85169073153,2023,1,10,Orellana-Donoso M.,orellana donoso m,orellanadonoso,"Escuela de Medicina, Universidad Finis Terrae, Santiago, 7500000, Chile, Departamento de Morfología, Facultad de Medicina, Universidad Andrés Bello, Santiago, 8370146, Chile",Escuela de Medicina,Facultad de Medicina y Salud,True,True,alta
2-s2.0-105044666820,2024,1,1,Rego T.,rego t,rego,"Universidad Finis Terrae, Chile",,No determinada,True,True,alta
2-s2.0-85190964630,2023,3,4,Arenas-Massa Á.,arenas massa a,arenasmassa,"Facultad de Derecho, Universidad Finis Terrae, Santiago, Chile",Facultad de Derecho,Facultad de Derecho,True,True,alta
2-s2.0-85168993560,2023,1,2,Barcenilla P.C.,barcenilla pc,barcenillapc,"Centro de Investigación y Documentación (CIDOC), Escuela de Historia Universidad Finis Terrae, Chile",,No determinada,True,True,alta
2-s2.0-85197271178,2024,2,3,Vasquez F.,vasquez f,vasquez,"Finis Terrae, Chile",,No determinada,True,False,media
2-s2.0-85169848739,2023,13,296,Diaz F.,diaz f,diaz,"Escuela de Medicina, Universidad Finis Terrae, Santiago, Chile, Unidad de Paciente Crítico Pediátrico, Hospital El Carmen de Maipú, Santiago de Chile, Chile",Escuela de Medicina,Facultad de Medicina y Salud,True,True,alta
2-s2.0-85182945360,2023,1,2,Zambrano C.,zambrano c,zambrano,"Universidad Finis Terrae, Santiago de Chile, Chile",,No determinada,True,True,alta
2-s2.0-85151458678,2023,4,4,Aedo Monsalve S.,aedo monsalve s,aedomonsalve,"Escuela de Medicina, Facultad de Medicina, Universidad Finis Terrae, Santiago, Chile",Facultad de Medicina,Facultad de Medicina y Salud,True,True,alta
2-s2.0-85165942931,2023,2,8,Giglio A.,giglio a,giglio,"Programa de Medicina Intensiva, Universidad Finis Terrae, Santiago, Chile, Centro de Paciente Crítico, Clínica Las Condes, Santiago, Chile",,No determinada,True,True,alta
2-s2.0-85165942931,2023,3,8,Ferre A.,ferre a,ferre,"Programa de Medicina Intensiva, Universidad Finis Terrae, Santiago, Chile, Centro de Paciente Crítico, Clínica Las Condes, Santiago, Chile",,No determinada,True,True,alta
2-s2.0-85165942931,2023,6,8,Pedreros C.,pedreros c,pedreros,"Programa de Medicina Intensiva, Universidad Finis Terrae, Santiago, Chile, Centro de Paciente Crítico, Clínica Las Condes, Santiago, Chile",,No determinada,True,True,alta
2-s2.0-85165942931,2023,7,8,Jan N.V.S.,jan nvs,jannvs,"Programa de Medicina Intensiva, Universidad Finis Terrae, Santiago, Chile, Centro de Paciente Crítico, Clínica Las Condes, Santiago, Chile",,No determinada,True,True,alta
2-s2.0-85165942931,2023,8,8,Dreyse J.,dreyse j,dreyse,"Programa de Medicina Intensiva, Universidad Finis Terrae, Santiago, Chile, Centro de Paciente Crítico, Clínica Las Condes, Santiago, Chile",,No determinada,True,True,alta
2-s2.0-85153297071,2023,1,5,Hayes-Ortiz T.,hayes ortiz t,hayesortiz,"Laboratorio de Fisiología del Ejercicio y Metabolismo (LABFEM), Escuela de Kinesiología, Facultad de Medicina, Universidad Finis Terrae, Santiago, Chile, Departamento de Nutrición, Diabetes y Metabolismo, Facultad de Medicina, Pontificia Universidad Católica de Chile, Santiago, Chile",Facultad de Medicina,Facultad de Medicina y Salud,True,True,alta
2-s2.0-85153297071,2023,4,5,Zbinden-Foncea H.,zbinden foncea h,zbindenfoncea,"Laboratorio de Fisiología del Ejercicio y Metabolismo (LABFEM), Escuela de Kinesiología, Facultad de Medicina, Universidad Finis Terrae, Santiago, Chile, Centro de Salud Deportiva, Clínica Santa María, Santiago, Chile",Facultad de Medicina,Facultad de Medicina y Salud,True,True,alta
2-s2.0-85153297071,2023,5,5,Fernández-Verdejo R.,fernandez verdejo r,fernandezverdejo,"Laboratorio de Fisiología del Ejercicio y Metabolismo (LABFEM), Escuela de Kinesiología, Facultad de Medicina, Universidad Finis Terrae, Santiago, Chile",Facultad de Medicina,Facultad de Medicina y Salud,True,True,alta
2-s2.0-85185746909,2023,2,4,Troncoso-Ortiz E.J.,troncoso ortiz ej,troncosoortiz,"Centro de Medicina física y rehabilitación, Clínica INDISA, Santiago, Chile, Laboratorio de Fisiología del Ejercicio y Metabolismo, Escuela de Kinesiología, Facultad de Medicina, Universidad Finis Terrae, Santiago, Chile",Facultad de Medicina,Facultad de Medicina y Salud,True,True,alta
2-s2.0-85159544230,2023,12,15,Gonzalez-Valderrama A.,gonzalez valderrama a,gonzalezvalderrama,"Early Intervention Program, Instituto Psiquiátrico Dr. J Horwitz Barak, Santiago, Chile, School of Medicine, Universidad Finis Terrae, Santiago, Chile",School of Medicine,Facultad de Medicina y Salud,True,True,alta
2-s2.0-85194527332,2024,3,3,Yanine F.F.,yanine ff,yanineff,"Universidad Finis Terrae, Providencia, Santiago, Chile",,No determinada,True,True,alta
2-s2.0-85160548641,2023,1,10,Ferre A.,ferre a,ferre,"Departamento de Medicina Intensiva, Clínica Las Condes, Santiago, Chile, Facultad de Medicina, Universidad Finis Terrae, Santiago, Chile",Facultad de Medicina,Facultad de Medicina y Salud,True,True,alta
2-s2.0-85160548641,2023,3,10,Jan N.V.S.,jan nvs,jannvs,"Departamento de Medicina Intensiva, Clínica Las Condes, Santiago, Chile, Facultad de Medicina, Universidad Finis Terrae, Santiago, Chile",Facultad de Medicina,Facultad de Medicina y Salud,True,True,alta
2-s2.0-85160548641,2023,7,10,Reccius A.,reccius a,reccius,"Departamento de Medicina Intensiva, Clínica Las Condes, Santiago, Chile, Facultad de Medicina, Universidad Finis Terrae, Santiago, Chile",Facultad de Medicina,Facultad de Medicina y Salud,True,True,alta
2-s2.0-85160548641,2023,8,10,Hasbún P.,hasbun p,hasbun,"Departamento de Medicina Intensiva, Clínica Las Condes, Santiago, Chile, Facultad de Medicina, Universidad Finis Terrae, Santiago, Chile",Facultad de Medicina,Facultad de Medicina y Salud,True,True,alta
2-s2.0-85145641767,2023,45,73,Dorlhiac R.A.,dorlhiac ra,dorlhiacra,"Universidad Finis Terrae, Chile",,No determinada,True,True,alta
2-s2.0-85146068370,2023,2,2,Farsani D.,farsani d,farsani,"Universidad Finis Terrae, Santiago, Chile",,No determinada,True,True,alta
2-s2.0-85167666524,2023,1,6,Macho R.A.M.,macho ram,machoram,"Universidad Finis Terrae, Santiago, Chile",,No determinada,True,True,alta
2-s2.0-85167666524,2023,2,6,Irarrázaval C.A.A.,irarrazaval caa,irarrazavalcaa,"Universidad Finis Terrae y Clínica Made, Santiago, Chile",,No determinada,True,True,alta
2-s2.0-85167666524,2023,3,6,Díaz M.J.H.,diaz mjh,diazmjh,"Universidad Finis Terrae, Santiago, Chile",,No determinada,True,True,alta
2-s2.0-85167666524,2023,5,6,Moltedo N.I.F.,moltedo nif,moltedonif,"Universidad Finis Terrae y Clínica Made, Santiago, Chile",,No determinada,True,True,alta
2-s2.0-85167666524,2023,6,6,Roos J.A.C.,roos jac,roosjac,"Universidad Finis Terrae y Clínica Made, Santiago, Chile",,No determinada,True,True,alta
2-s2.0-85213508967,2024,4,4,Rojas D.,rojas d,rojas,"Universidad Finis Terrae, Facultad de Ingeniería, Santiago, Chile",,No determinada,True,True,alta
2-s2.0-85170692575,2023,2,9,Soto L.,soto l,soto,"Unidad de Paciente Crítico, Clínica Santa María, Santiago, Chile, Escuela de Medicina, Universidad Finis Terrae, Santiago, Chile",Escuela de Medicina,Facultad de Medicina y Salud,True,True,alta
2-s2.0-85170692575,2023,8,9,Arellano P.,arellano p,arellano,"Unidad de Paciente Crítico, Clínica Santa María, Santiago, Chile, Escuela de Medicina, Universidad Finis Terrae, Santiago, Chile",Escuela de Medicina,Facultad de Medicina y Salud,True,True,alta
2-s2.0-85170692575,2023,9,9,Regueira T.,regueira t,regueira,"Unidad de Paciente Crítico, Clínica Santa María, Santiago, Chile, Escuela de Medicina, Universidad Finis Terrae, Santiago, Chile",Escuela de Medicina,Facultad de Medicina y Salud,True,True,alta
2-s2.0-105000133447,2024,1,1,Mardones-Falcone G.,mardones falcone g,mardonesfalcone,"Universidad Finis Terrae, Santiago, Chile, Universidad Adolfo Ibáñez, Santiago, Chile, Literarios y de la Cultura, Universidad Autónoma de Madrid, Madrid, Spain, Departamento de Teoría e Historia del Arte, Universidad Autónoma de Madrid, Madrid, Spain",,No determinada,True,True,alta
2-s2.0-105002429828,2023,1,4,Cancino J.,cancino j,cancino,"Facultad de Odontología, Universidad Finis Terrae, Santiago, Chile",Facultad de Odontología,Facultad de Odontología,True,True,alta
2-s2.0-105002429828,2023,4,4,Gutiérrez S.,gutierrez s,gutierrez,"Facultad de Odontología, Universidad Finis Terrae, Santiago, Chile",Facultad de Odontología,Facultad de Odontología,True,True,alta
2-s2.0-85162848531,2023,1,11,Mancilla R.,mancilla r,mancilla,"NUTRIM School of Nutrition and Translational Research in Metabolism, Maastricht University Medical Center, Maastricht, Netherlands, Department of Nutrition and Movement Sciences, Maastricht University Medical Center, Maastricht, Netherlands, Exercise Physiology and Metabolism Laboratory (LABFEM), Sc",Faculty of Medicine,Facultad de Medicina y Salud,True,True,alta
2-s2.0-85184910868,2024,1,1,Ibáñez-Muñoz R.C.,ibanez munoz rc,ibanezmunoz,"Universidad Finis Terrae, Chile",,No determinada,True,True,alta
2-s2.0-85154057614,2023,1,6,Hidalgo-Rosa Y.,hidalgo rosa y,hidalgorosa,"Departamento de Química Inorgánica, Facultad de Química y de Farmacia, Centro de Energía UC, Centro de Investigación en Nanotecnología y Materiales Avanzados CIEN-UC, Pontificia Universidad Católica de Chile, Vicuña Mackenna 4860, Santiago, Macul, Chile, ANID – Millennium Science Initiative Program-",Facultad de Ingeniería,Facultad de Ingeniería,True,True,alta
2-s2.0-85181729631,2023,4,4,Arenas-Massa Á.,arenas massa a,arenasmassa,"Universidad Finis Terrae, Facultad de Derecho, Santiago, Chile",,No determinada,True,True,alta
2-s2.0-85191248524,2023,5,6,Farsani D.,farsani d,farsani,"Universidad Finis Terrae, Chile",,No determinada,True,True,alta
2-s2.0-85171862350,2023,1,3,Hartmann Schatloff D.,hartmann schatloff d,hartmannschatloff,"Escuela de Medicina, Universidad Finis Terrae, Santiago, Chile",Escuela de Medicina,Facultad de Medicina y Salud,True,True,alta
2-s2.0-85176948592,2023,1,3,Roa Cáceres C.,roa caceres c,roacaceres,"Servicio de Cirugía Hospital San Juan de Dios, Philippines, Universidad Finis Terrae, Santiago, Chile",,No determinada,True,True,alta
2-s2.0-85176948592,2023,2,3,Cárdenas D.C.,cardenas dc,cardenasdc,"Universidad Finis Terrae, Santiago, Chile",,No determinada,True,True,alta
2-s2.0-85176948592,2023,3,3,Ubierna D.B.B.,ubierna dbb,ubiernadbb,"Universidad Finis Terrae, Santiago, Chile",,No determinada,True,True,alta
2-s2.0-85200832851,2024,3,3,Yanine F.F.,yanine ff,yanineff,"Faculty of Engineering, Universidad Finis Terrae, Providencia, Santiago, 7501015, Chile",Faculty of Engineering,Facultad de Ingeniería,True,True,alta
2-s2.0-85183126596,2023,5,5,Orellana-Donoso M.,orellana donoso m,orellanadonoso,"Escuela de Medicina, Universidad Finis Terrae, Santiago, Chile",Escuela de Medicina,Facultad de Medicina y Salud,True,True,alta
2-s2.0-85182925307,2023,3,3,Dávila C.M.,davila cm,davilacm,"Universidad Finis Terrae, Santiago, Chile",,No determinada,True,True,alta
2-s2.0-85118540330,2024,1,3,Santos M.,santos m,santos,"Universidad Finis Terrae, Chile, Millennium Institute for Foundational Research on Data (IMFD), Chile",,No determinada,True,True,alta
2-s2.0-85164502148,2023,2,3,Urrutia A.,urrutia a,urrutia,"Facultad de Ingeniería, Universidad Finis Terrae, Santiago, Chile",Facultad de Ingeniería,Facultad de Ingeniería,True,True,alta
2-s2.0-85149323912,2023,3,3,Hube-Antoine C.,hube antoine c,hubeantoine,"Universidad Finis Terrae, Santiago de Chile, Chile",,No determinada,True,True,alta
2-s2.0-85180657691,2023,1,1,Valle M.A.,valle ma,vallema,"Facultad de Economía y Negocios, Universidad Finis Terrae, Santiago, 7501015, Chile",Facultad de Economía y Negocios,Facultad de Economía y Negocios,True,True,alta
2-s2.0-85160376076,2023,5,7,Castro-Sepulveda M.,castro sepulveda m,castrosepulveda,"Exercise Physiology and Metabolism Laboratory, School of Kinesiology, Faculty of Medicine, Finis Terrae University, Santiago, Chile",Faculty of Medicine,Facultad de Medicina y Salud,True,True,alta
2-s2.0-85187112825,2024,4,8,De la Fuente M.,de la fuente m,dela,"Laboratory of Biomedicine Research, School of Medicine, Universidad Finis Terrae, Santiago, Chile",School of Medicine,Facultad de Medicina y Salud,True,True,alta
2-s2.0-85187112825,2024,5,8,Landskron G.,landskron g,landskron,"Laboratory of Biomedicine Research, School of Medicine, Universidad Finis Terrae, Santiago, Chile",School of Medicine,Facultad de Medicina y Salud,True,True,alta
2-s2.0-85176369256,2023,1,7,Orellana-Donoso M.,orellana donoso m,orellanadonoso,"Escuela de Medicina, Universidad Finis Terrae, Santiago, Chile",Escuela de Medicina,Facultad de Medicina y Salud,True,True,alta
2-s2.0-85150362735,2023,1,2,Saffie J.P.R.,saffie jpr,saffiejpr,"Department of Psychology, Finis Terrae University, Santiago, Chile",,No determinada,True,True,alta
2-s2.0-85150362735,2023,2,2,Bäuerle N.E.,bauerle ne,bauerlene,"Department of Psychology, Finis Terrae University, Santiago, Chile",,No determinada,True,True,alta
2-s2.0-85173792746,2023,3,5,Henrriquez C.,henrriquez c,henrriquez,"School of Economics and Business, Universidad Finis Terrae, Chile",School of Economics and Business,Facultad de Economía y Negocios,True,True,alta
2-s2.0-85173792746,2023,4,5,Tapia I.,tapia i,tapia,"School of Economics and Business, Universidad Finis Terrae, Chile",School of Economics and Business,Facultad de Economía y Negocios,True,True,alta
2-s2.0-85160454058,2023,6,8,Mariotti-Celis M.S.,mariotti celis ms,mariotticelis,"Escuela de Nutrición y Dietética, Facultad de Medicina, Universidad Finis Terrae, Pedro de Valdivia 1509, Santiago, 7501015, Chile",Facultad de Medicina,Facultad de Medicina y Salud,True,True,alta
2-s2.0-85145969065,2023,5,8,Montalva-Valenzuela F.,montalva valenzuela f,montalvavalenzuela,"Laboratorio de Fisiología del Ejercicio y Metabolismo, Escuela de Kinesiología, Universidad Finis Terrae, Providencia, 7501015, Chile",Escuela de Kinesiología,Escuela de Kinesiología,True,True,alta
2-s2.0-85171831612,2024,2,3,Castro M.,castro m,castro,"School of Medicine, Finis Terrae University, Santiago, Chile, Clinical Epidemiology and Research Unit, School of Medicine, Finis Terrae University, Santiago, Chile",School of Medicine,Facultad de Medicina y Salud,True,True,alta
2-s2.0-85171831612,2024,3,3,Ruiz-Riquelme P.,ruiz riquelme p,ruizriquelme,"Foot and Ankle Surgery Unit, Department of Orthopedic and Traumatology, Hospital Clínico La Florida, Santiago, Chile, School of Medicine, Finis Terrae University, Santiago, Chile, Foot and Ankle Surgery Unit, Department of Orthopedics and Traumatology, Clinic Las Condes, Santiago, Chile",School of Medicine,Facultad de Medicina y Salud,True,True,alta
2-s2.0-85187152576,2023,1,5,Rodríguez I.,rodriguez i,rodriguez,"Facultad de Medicina, Universidad Finis Terrae, Santiago, Chile",Facultad de Medicina,Facultad de Medicina y Salud,True,True,alta
2-s2.0-85187152576,2023,3,5,Zbinden-Foncea H.,zbinden foncea h,zbindenfoncea,"Facultad de Medicina, Universidad Finis Terrae, Santiago, Chile, Centro de Salud Deportiva, Clínica Santa María, Santiago, Chile",Facultad de Medicina,Facultad de Medicina y Salud,True,True,alta
2-s2.0-85187152576,2023,5,5,Castro-Sepúlveda M.,castro sepulveda m,castrosepulveda,"Facultad de Medicina, Universidad Finis Terrae, Santiago, Chile",Facultad de Medicina,Facultad de Medicina y Salud,True,True,alta
2-s2.0-85173712679,2023,2,2,Casals M.,casals m,casals,"Universidad Finis Terrae, Chile",,No determinada,True,True,alta
2-s2.0-85194763314,2024,3,3,Yanine F.F.,yanine ff,yanineff,"School of Engineering of Universidad, Finis Terrae, Santiago, Providencia, Chile",,No determinada,True,True,alta
2-s2.0-85168588193,2023,8,8,Díaz F.,diaz f,diaz,"Unidad de Paciente Crítico Pediátrico, Departamento de Pediatría, Hospital El Carmen de Maipú, Santiago, Chile, Red Colaborativa Pediátrica de Latinoamérica (LARed Network), Colombia, Unidad de Investigación y epidemiología clínica, Escuela de Medicina, Universidad Finis Terrae, Santiago, Chile",Escuela de Medicina,Facultad de Medicina y Salud,True,True,alta
2-s2.0-85186210719,2024,1,1,Murray N.P.,murray np,murraynp,"Minimal Residual Disease Laboratory, Faculty of Medicine, University Finis Terrae, Santiago, Chile",Faculty of Medicine,Facultad de Medicina y Salud,True,True,alta
2-s2.0-85183967700,2024,1,3,Nazal L.,nazal l,nazal,"Departamento de Gastroenterología, Clínica Las Condes, Santiago, Chile, Facultad de Medicina, Universidad Finis Terrae, Santiago, Chile",Facultad de Medicina,Facultad de Medicina y Salud,True,True,alta
2-s2.0-85183967700,2024,2,3,Valenzuela R.,valenzuela r,valenzuela,"Facultad de Medicina, Universidad Finis Terrae, Santiago, Chile, Centro de Pacientes Críticos, Clínica Las Condes, Santiago, Chile",Facultad de Medicina,Facultad de Medicina y Salud,True,True,alta
2-s2.0-85183967700,2024,3,3,Ferre A.,ferre a,ferre,"Facultad de Medicina, Universidad Finis Terrae, Santiago, Chile, Centro de Pacientes Críticos, Clínica Las Condes, Santiago, Chile",Facultad de Medicina,Facultad de Medicina y Salud,True,True,alta
2-s2.0-85160453519,2023,1,1,Rego T.,rego t,rego,"Universidad Finis Terrae, Chile",,No determinada,True,True,alta
2-s2.0-85175374062,2023,4,14,Jorquera J.,jorquera j,jorquera,"Centro de Enfermedades Respiratorias, Clínica Las Condes, Facultad de Medicina, Universidad Finis Terrae, Santiago, 7591047, Chile",Facultad de Medicina,Facultad de Medicina y Salud,True,True,alta
2-s2.0-85160267522,2023,8,9,Orellana Donoso M.,orellana donoso m,orellanadonoso,"Escuela de Medicina, Universidad Finis Terrae, Santiago, 7501015, Chile",Escuela de Medicina,Facultad de Medicina y Salud,True,True,alta
2-s2.0-85151440933,2023,4,7,Castillo-Valenzuela O.,castillo valenzuela o,castillovalenzuela,"Nutrition and Dietetics School, Faculty of Medicine, Universidad Finis Terrae, Pedro de Valdivia 1509, Providencia, Santiago, Chile",Faculty of Medicine,Facultad de Medicina y Salud,True,True,alta
2-s2.0-85151440933,2023,7,7,Mariotti-Celis M.S.,mariotti celis ms,mariotticelis,"Nutrition and Dietetics School, Faculty of Medicine, Universidad Finis Terrae, Pedro de Valdivia 1509, Providencia, Santiago, Chile",Faculty of Medicine,Facultad de Medicina y Salud,True,True,alta
2-s2.0-85146756475,2023,2,4,Simón L.,simon l,simon,"Cellular Communication Laboratory, Center for Studies on Exercise, Metabolism and Cancer (CEMC), Institute of Biomedical Sciences (ICBM), Faculty of Medicine, University of Chile, Santiago, 8380492, Chile, Advanced Center for Chronic Diseases (ACCDiS), Faculty of Medicine, University of Chile, Santi",Escuela de Nutrición y Dietética,Escuela de Nutrición y Dietética,True,True,alta
2-s2.0-85181258963,2023,2,2,Montero V.,montero v,montero,"Universidad Finis Terrae, Chile",,No determinada,True,True,alta
2-s2.0-85152341006,2023,1,6,Castillo-Valenzuela O.,castillo valenzuela o,castillovalenzuela,"Escuela de Nutrición y Dietética, Facultad de Medicina, Universidad Finis Terrae, Santiago, 7501015, Chile",Facultad de Medicina,Facultad de Medicina y Salud,True,True,alta
2-s2.0-85152341006,2023,2,6,Duarte L.,duarte l,duarte,"Escuela de Nutrición y Dietética, Facultad de Medicina, Universidad Finis Terrae, Santiago, 7501015, Chile, Laboratorio de Nutrigenómica, Departamento de Nutrición, Facultad de Medicina, Universidad de Chile, Santiago, 8331051, Chile",Facultad de Medicina,Facultad de Medicina y Salud,True,True,alta
2-s2.0-85150044031,2023,1,1,Silva-Figueroa A.M.,silva figueroa am,silvafigueroa,"Universidad Finis Terrae, School of Medicine, Chile, Service of Surgery, Department of Head and Neck Surgery, Hospital Barros Luco Trudeau, Santiago, Chile",,No determinada,True,True,alta
2-s2.0-85154572388,2023,2,10,Castro-Sepulveda M.,castro sepulveda m,castrosepulveda,"Escuela de Kinesiolo-gia, Facultad de Medicina, Universidad Finis Terrae, Santiago, Chile",Facultad de Medicina,Facultad de Medicina y Salud,True,True,alta
2-s2.0-85169649150,2023,9,9,Dreyse J.,dreyse j,dreyse,"Internal Medicine and Critical Care Center Departments, Clínica Las Condes and School of Medicine, Universidad Finis Terrae, Santiago, Chile",,No determinada,True,True,alta
2-s2.0-85144656709,2023,3,6,Gonzalez-Valderrama A.,gonzalez valderrama a,gonzalezvalderrama,"Early Intervention Program, Instituto Psiquiátrico Dr J Horwitz Barak, Santiago, Chile, School of Medicine, Universidad Finis Terrae, Santiago, Chile, Department of Psychology, Institute of Psychiatry, Psychology and Neuroscience, London, United Kingdom",School of Medicine,Facultad de Medicina y Salud,True,True,alta
2-s2.0-85164601270,2023,2,2,Valencia I.,valencia i,valencia,"Universidad Finis Terrae, Santiago, Chile",,No determinada,True,True,alta
2-s2.0-85187884272,2024,6,12,Zalaquett R.,zalaquett r,zalaquett,"Department of Cardiovascular DiseasesFaculty of MedicineUniver-sidad Finis Terrae-Clínica Las Condes, Santiago, Chile",Facultad de Medicina,Facultad de Medicina y Salud,True,False,media
2-s2.0-85175278794,2023,1,5,Murray N.P.,murray np,murraynp,"Faculty of Medicine, University Finis Terrae, Santiago, Chile",Faculty of Medicine,Facultad de Medicina y Salud,True,True,alta
2-s2.0-85175278794,2023,3,5,Aedo S.,aedo s,aedo,"Faculty of Medicine, University Finis Terrae, Santiago, Chile",Faculty of Medicine,Facultad de Medicina y Salud,True,True,alta
2-s2.0-85175278794,2023,4,5,Hartmann D.,hartmann d,hartmann,"Faculty of Medicine, University Finis Terrae, Santiago, Chile",Faculty of Medicine,Facultad de Medicina y Salud,True,True,alta
2-s2.0-85207350071,2024,5,5,Jorquera J.,jorquera j,jorquera,"CentrodeEnfermedadesRespiratorias, Clínica Las Condes, Facultad de Medicina Universidad Finis Terrae, Santiago, Chile",,No determinada,True,True,alta
2-s2.0-85164923317,2023,5,8,González A.,gonzalez a,gonzalez,"Hospital Dr. José Horwitz Barak, Servicio de Salud Metropolitano Norte, Santiago, 8431621, Chile, Escuela de Medicina, Universidad Finis Terrae, Santiago, 7501015, Chile",Escuela de Medicina,Facultad de Medicina y Salud,True,True,alta
2-s2.0-85193689500,2024,2,2,Salas-Guzmán N.,salas guzman n,salasguzman,"Centro de Investigación en Psicología, Educación y Familia (CIPEF), Universidad Finis Terrae, Santiago, Chile",,No determinada,True,True,alta
2-s2.0-85187300239,2023,5,5,Mujika I.,mujika i,mujika,"Department of Physiology, Faculty of Medicine and Nursing, University of the Basque Country, Leioa, Basque Country, Spain, Exercise Science Laboratory, School of Kinesiology, Faculty of Medicine, Universidad Finis Terrae, Santiago, Chile",Faculty of Medicine,Facultad de Medicina y Salud,True,True,alta
2-s2.0-85171306557,2023,1,3,Carrillo D.J.P.,carrillo djp,carrillodjp,"Facultad de Educación, Psicología y Familia, Universidad Finis Terrae, Chile",Facultad de Educación,Facultad de Educación y Ciencias Sociales,True,True,alta
2-s2.0-85191534523,2024,3,3,Yanine F.F.,yanine ff,yanineff,"School of Engineering of Universidad, Finis Terrae, Providencia, Santiago, Chile",,No determinada,True,True,alta
2-s2.0-85163863916,2023,5,5,Fernández-Verdejo R.,fernandez verdejo r,fernandezverdejo,"Laboratorio de Fisiología del Ejercicio y Metabolismo (LABFEM), Escuela de Kinesiología, Facultad de Medicina, Universidad Finis Terrae, Santiago, 7501015, Chile",Facultad de Medicina,Facultad de Medicina y Salud,True,True,alta
2-s2.0-85148097776,2023,4,4,Urrutia A.,urrutia a,urrutia,"Facultad de Ingeniería, Universidad Finis Terrae, Santiago, Chile",Facultad de Ingeniería,Facultad de Ingeniería,True,True,alta
2-s2.0-85196187514,2024,1,1,Villalobos P.,villalobos p,villalobos,"Universidad de Chile, Universidad Finis Terrae, Chile",,No determinada,True,True,alta
2-s2.0-85176313811,2023,3,3,Yanine F.F.,yanine ff,yanineff,"School of Engineering of Universidad, Finis Terrae, Santiago, Providencia, Chile",,No determinada,True,True,alta
2-s2.0-85203635565,2023,2,15,González-Hernández J.,gonzalez hernandez j,gonzalezhernandez,"Facultad de Medicina, Universidad Finis Terrae, Santiago, Chile",Facultad de Medicina,Facultad de Medicina y Salud,True,True,alta
2-s2.0-85145242290,2023,2,21,Mujika I.,mujika i,mujika,"Department of Physiology, Faculty of Medicine and Nursing, University of the Basque Country, Basque Country, Leioa, Spain, Exercise Science Laboratory, School of Kinesiology, Faculty of Medicine, Universidad Finis Terrae, Santiago, Chile",Faculty of Medicine,Facultad de Medicina y Salud,True,True,alta
2-s2.0-85161261503,2023,1,5,Godoy-Torres V.,godoy torres v,godoytorres,"Unidad de Ciencias de la Conservación, Centro Nacional de Conservación y Restauración (Chilean National Center for Conservation and Restoration - CNCR), Avenida Recoleta 683, Santiago, Chile, Faculty of Arts, Universidad Finis Terrae, Avenida Pedro de Valdivia 1646, Santiago, Chile",Faculty of Arts,Facultad de Artes,True,True,alta
2-s2.0-85208047043,2024,3,3,Yanine F.F.,yanine ff,yanineff,"Faculty of Engineering, Universidad Finis Terrae, Providencia, Santiago, Chile",Faculty of Engineering,Facultad de Ingeniería,True,True,alta
2-s2.0-85172189023,2023,1,4,Simón L.,simon l,simon,"Nutrition and Dietetic School, Facultad de Medicina, Universidad Finis Terrae, Santiago, 7501015, Chile, Cellular Communication Laboratory, Center for Studies on Exercise, Metabolism and Cancer (CEMC), Program of Cell and Molecular Biology, Institute of Biomedical Sciences (ICBM), Faculty of Medicin",Facultad de Medicina,Facultad de Medicina y Salud,True,True,alta
2-s2.0-85172189023,2023,4,4,Mariotti-Celis M.S.,mariotti celis ms,mariotticelis,"Nutrition and Dietetic School, Facultad de Medicina, Universidad Finis Terrae, Santiago, 7501015, Chile",Facultad de Medicina,Facultad de Medicina y Salud,True,True,alta
2-s2.0-85185481999,2023,1,3,Villena J.M.,villena jm,villenajm,"Faculty of Medicine, Finis Terrae University, Santiago, Chile",Faculty of Medicine,Facultad de Medicina y Salud,True,True,alta
2-s2.0-85206377896,2024,3,4,Lomboy M.,lomboy m,lomboy,"Centro de liderazgo, Universidad Finis Terrae, Chile",,No determinada,True,True,alta
2-s2.0-85164782414,2023,1,6,Castro-Sepulveda M.,castro sepulveda m,castrosepulveda,"Laboratorio de Fisiología del Ejercicio y Metabolismo, Escuela de Kinesiología, Facultad de Medicina, Universidad Finis Terrae, Santiago, Chile",Facultad de Medicina,Facultad de Medicina y Salud,True,True,alta
2-s2.0-85164782414,2023,2,6,Tuñón-Suárez M.,tunon suarez m,tunonsuarez,"Laboratorio de Fisiología del Ejercicio y Metabolismo, Escuela de Kinesiología, Facultad de Medicina, Universidad Finis Terrae, Santiago, Chile",Facultad de Medicina,Facultad de Medicina y Salud,True,True,alta
2-s2.0-85164782414,2023,4,6,Vargas-Foitzick R.,vargas foitzick r,vargasfoitzick,"Laboratorio de Fisiología del Ejercicio y Metabolismo, Escuela de Kinesiología, Facultad de Medicina, Universidad Finis Terrae, Santiago, Chile",Facultad de Medicina,Facultad de Medicina y Salud,True,True,alta
2-s2.0-85164782414,2023,6,6,Zbinden-Foncea H.,zbinden foncea h,zbindenfoncea,"Laboratorio de Fisiología del Ejercicio y Metabolismo, Escuela de Kinesiología, Facultad de Medicina, Universidad Finis Terrae, Santiago, Chile, Institute of Neuroscience, UCLouvain, Ottignies-Louvain-la- Neuve, Belgium, Facultad de Ciencias de la Salud, Universidad Francisco de Vitoria, Madrid, Spa",Facultad de Medicina,Facultad de Medicina y Salud,True,True,alta
2-s2.0-85200432589,2023,1,9,González A.,gonzalez a,gonzalez,"Instituto Psiquiátrico “Dr. José Horwitz B.”, Santiago, Chile, Escuela de Medicina, Universidad Finis Terrae, Santiago, Chile",Escuela de Medicina,Facultad de Medicina y Salud,True,True,alta
2-s2.0-85200432589,2023,3,9,Mena C.,mena c,mena,"Instituto Psiquiátrico “Dr. José Horwitz B.”, Santiago, Chile, Escuela de Medicina, Universidad Finis Terrae, Santiago, Chile",Escuela de Medicina,Facultad de Medicina y Salud,True,True,alta
2-s2.0-85200432589,2023,4,9,Valenzuela C.,valenzuela c,valenzuela,"Residente del Programa de Formación de Psiquiatría de Adultos, Escuela de Medicina, Universidad Finis Terrae, Santiago, Chile",Escuela de Medicina,Facultad de Medicina y Salud,True,True,alta
2-s2.0-85200432589,2023,5,9,Cooper A.,cooper a,cooper,"Residente del Programa de Formación de Psiquiatría de Adultos, Escuela de Medicina, Universidad Finis Terrae, Santiago, Chile",Escuela de Medicina,Facultad de Medicina y Salud,True,True,alta
2-s2.0-85200432589,2023,6,9,Inostroza P.,inostroza p,inostroza,"Residente del Programa de Formación de Psiquiatría de Adultos, Escuela de Medicina, Universidad Finis Terrae, Santiago, Chile",Escuela de Medicina,Facultad de Medicina y Salud,True,True,alta
2-s2.0-85200432589,2023,7,9,Coloma B.,coloma b,coloma,"Interno de Medicina, Escuela de Medicina Universidad Finis Terrae, Santiago, Chile",,No determinada,True,True,alta
2-s2.0-85200432589,2023,8,9,Serrano M.J.,serrano mj,serranomj,"Interno de Medicina, Escuela de Medicina Universidad Finis Terrae, Santiago, Chile",,No determinada,True,True,alta
2-s2.0-85169848260,2023,5,5,Díaz F.,diaz f,diaz,"Departamento de Pediatría, Unidad de Paciente Crítico Pediátrico, Hospital El Carmen de Maipú, Santiago, Chile, Red Colaborativa Pediátrica de Latinoamérica (LARed Network), Montevideo, Uruguay, Unidad de Investigación y Epidemiología Clínica, Escuela de Medicina, Universidad Finis Terrae, Santiago,",Escuela de Medicina,Facultad de Medicina y Salud,True,True,alta
2-s2.0-85179686047,2023,11,11,Lang M.,lang m,lang,"Laboratorio de Fisiología del Ejercicio y Metabolismo (LABFEM), Escuela de Kinesiología, Facultad de Medicina, Universidad Finis Terrae, Santiago, Chile, Departamento de Ciencias de la Rehabilitación y Movimiento Humano, Facultad Ciencias de la Salud, Universidad de Antofagasta, Antofagasta, Chile",Facultad de Medicina,Facultad de Medicina y Salud,True,True,alta
2-s2.0-85172884699,2023,1,6,Mujika I.,mujika i,mujika,"Department of Physiology, Faculty of Medicine and Nursing, University of the Basque Country, Basque Country, Leioa, Spain, Exercise Science Laboratory, School of Kinesiology, Faculty of Medicine, Universidad Finis Terrae, Santiago, Chile",Faculty of Medicine,Facultad de Medicina y Salud,True,True,alta
2-s2.0-85152245530,2023,1,1,Rego T.,rego t,rego,"Universidad Finis Terrae, Chile",,No determinada,True,True,alta
2-s2.0-85174143023,2023,2,2,Villarroel V.,villarroel v,villarroel,"Facultad de Educación, Psicología y Familia, Universidad Finis Terrae, Santiago, 7501015, Chile",Facultad de Educación,Facultad de Educación y Ciencias Sociales,True,True,alta
2-s2.0-85164102100,2023,4,4,Hidalgo-Pérez H.,hidalgo perez h,hidalgoperez,"Faculty of Engineering, Universidad Finis Terrae, Chile",Faculty of Engineering,Facultad de Ingeniería,True,True,alta
2-s2.0-85190757150,2023,1,2,Santander A.S.,santander as,santanderas,"Universidad Finis Terrae, Chile",,No determinada,True,True,alta
2-s2.0-85166670201,2023,1,1,Tavera A.T.,tavera at,taveraat,"Escuela de Arquitectura, Facultad de Arquitectura y Diseño, Universidad Finis Terrae, Santiago, Chile",Facultad de Arquitectura y Diseño,"Facultad de Arquitectura, Diseño y Estudios Creativos",True,True,alta
2-s2.0-85168628007,2023,1,2,Letelier J.P.,letelier jp,letelierjp,"Derecho Administrativo, Universidad Finis Terrae, Chile",,No determinada,True,True,alta
2-s2.0-85168628007,2023,2,2,Torrealba F.P.,torrealba fp,torrealbafp,"Metodología de la Investigación, Universidad Finis Terrae, Chile",,No determinada,True,True,alta
2-s2.0-85148890400,2023,6,8,Carvajal C.,carvajal c,carvajal,"Escuela de Medicina, Universidad Finis Terrae, Santiago, Chile",Escuela de Medicina,Facultad de Medicina y Salud,True,True,alta
2-s2.0-85151442335,2023,3,6,Morales Sepúlveda J.P.,morales sepulveda jp,moralessepulveda,"Pontificia Universidad Católica de Chile Programa de Doctorado en Neurociencias Centro Interdisciplinario de Neurocienciass, Santiago, Chile, Facultad de Educación Psicología y Familia, Universidad Finis Terrae, Santiago, Chile",Facultad de Educación Psicología y Familia,Facultad de Educación y Ciencias Sociales,True,True,alta
2-s2.0-85173730778,2023,2,4,Gomez Barbieri G.,gomez barbieri g,gomezbarbieri,"Pregrade Department, Universidad Finis Terrae, Santiago, Chile",,No determinada,True,True,alta
2-s2.0-85173730778,2023,4,4,Soto-Suazo M.,soto suazo m,sotosuazo,"Center for Research in Medical Education and Health Sciences, Faculty of Medicine, Finis Terrae University, Santiago, Chile",Faculty of Medicine,Facultad de Medicina y Salud,True,True,alta
2-s2.0-85187311118,2024,2,3,Ayala M.,ayala m,ayala,"Universidad Finis Terrae, Chile",,No determinada,True,True,alta
2-s2.0-85196854825,2024,2,3,Morales J.-P.,morales j p,morales,"Facultad de Educación Psicología y Familia, Universidad Finis Terrae, Santiago, Chile, University of Sydney Business School, Darlington, NSW, Australia",Facultad de Educación Psicología y Familia,Facultad de Educación y Ciencias Sociales,True,True,alta
2-s2.0-85161922159,2023,3,6,Álvarez C.,alvarez c,alvarez,"Psychology and Family, Finis Terrae University, Santiago, Chile",,No determinada,True,True,alta
2-s2.0-85161922159,2023,5,6,Herrera Araya D.,herrera araya d,herreraaraya,"Psychology and Family, Finis Terrae University, Santiago, Chile",,No determinada,True,True,alta
2-s2.0-85162966840,2023,1,2,Undurraga R.,undurraga r,undurraga,"Universidad Finis Terrae, Chile",,No determinada,True,True,alta
2-s2.0-105002686088,2024,4,4,Galleguillos R.,galleguillos r,galleguillos,"Universidad Finis Terrae, Faculty of Engineering, Av. Pedro de Valdivia, Providencia, 1509, Chile",,No determinada,True,True,alta
2-s2.0-85164498836,2023,1,3,Nùñez-Lisboa M.,nunez lisboa m,nunezlisboa,"Laboratoire de Biomécanique et Physiologie et la Locomotion, Institute of Neuroscience, Louvain-la-Neuve, Belgium, Exercise Science Laboratory, School of Kinesiology, Faculty of Medicine, Universidad Finis Terrae, Santiago, Chile",Faculty of Medicine,Facultad de Medicina y Salud,True,True,alta
2-s2.0-85164498836,2023,2,3,Valero-Breton M.,valero breton m,valerobreton,"Exercise Science Laboratory, School of Kinesiology, Faculty of Medicine, Universidad Finis Terrae, Santiago, Chile",Faculty of Medicine,Facultad de Medicina y Salud,True,True,alta
