openalex_id,doi,titulo,anio,tipo,citas_openalex,autor_uft,institucion_declarada,motivo,tipo_hallazgo,severidad,consecuencia,resolucion,fecha_consulta
https://openalex.org/W4390399363,10.1016/j.hybadv.2023.100136,A literature review on an IoT-based intelligent smart energy management systems for PV power generation,2023,article,59,Franco Fernando Yanine,Finis Terrae University,"con DOI, y ese DOI no está en el universo",V2-26_obra_institucional_fuera_del_universo,media,"OpenAlex la atribuye a la institución y el universo no la tiene; puede ser producción fuera de Scopus, una atribución errónea, o un tipo documental excluido a propósito",PENDIENTE_REVISION_HUMANA,2026-08-26
https://openalex.org/W4366351345,10.7554/elife.83338,Microtubule-mediated GLUT4 trafficking is disrupted in insulin-resistant skeletal muscle,2023,article,37,Carlos Henríquez‐Olguín,Finis Terrae University,"con DOI, y ese DOI no está en el universo",V2-26_obra_institucional_fuera_del_universo,media,"OpenAlex la atribuye a la institución y el universo no la tiene; puede ser producción fuera de Scopus, una atribución errónea, o un tipo documental excluido a propósito",PENDIENTE_REVISION_HUMANA,2026-08-26
https://openalex.org/W4411929840,10.1016/s2215-0366(25)00098-7,Absolute neutrophil count and adverse drug reaction monitoring during clozapine treatment: consensus guidelines from a global Delphi panel,2025,article,25,Julia Lappin; Cristián Mena,Finis Terrae University,"con DOI, y ese DOI no está en el universo",V2-26_obra_institucional_fuera_del_universo,media,"OpenAlex la atribuye a la institución y el universo no la tiene; puede ser producción fuera de Scopus, una atribución errónea, o un tipo documental excluido a propósito",PENDIENTE_REVISION_HUMANA,2026-08-26
https://openalex.org/W4408133460,10.1016/j.ijhydene.2025.02.164,Techno-economic assessment of a green hydrogen production plant for a mining operation in Chile,2025,article,15,Franco Fernando Yanine,Finis Terrae University,"con DOI, y ese DOI no está en el universo",V2-26_obra_institucional_fuera_del_universo,media,"OpenAlex la atribuye a la institución y el universo no la tiene; puede ser producción fuera de Scopus, una atribución errónea, o un tipo documental excluido a propósito",PENDIENTE_REVISION_HUMANA,2026-08-26
https://openalex.org/W4415653878,10.1016/j.freeradbiomed.2025.10.283,Intracellular and extracellular redox signals during exercise and aging,2025,article,9,Carlos Henríquez‐Olguín,Finis Terrae University,"con DOI, y ese DOI no está en el universo",V2-26_obra_institucional_fuera_del_universo,media,"OpenAlex la atribuye a la institución y el universo no la tiene; puede ser producción fuera de Scopus, una atribución errónea, o un tipo documental excluido a propósito",PENDIENTE_REVISION_HUMANA,2026-08-26
https://openalex.org/W4408464707,10.1186/s43067-025-00198-w,Implementation of real-time optimal load scheduling for IoT-based intelligent smart energy management system using new decisive algorithm,2025,article,18,Franco Fernando Yanine,Finis Terrae University,"con DOI, y ese DOI no está en el universo",V2-26_obra_institucional_fuera_del_universo,media,"OpenAlex la atribuye a la institución y el universo no la tiene; puede ser producción fuera de Scopus, una atribución errónea, o un tipo documental excluido a propósito",PENDIENTE_REVISION_HUMANA,2026-08-26
https://openalex.org/W4401906910,10.1007/s41403-024-00498-z,An IoT Enabled Energy Management System with Precise Forecasting and Load Optimization for PV Power Generation,2024,article,15,Franco Fernando Yanine,Finis Terrae University,"con DOI, y ese DOI no está en el universo",V2-26_obra_institucional_fuera_del_universo,media,"OpenAlex la atribuye a la institución y el universo no la tiene; puede ser producción fuera de Scopus, una atribución errónea, o un tipo documental excluido a propósito",PENDIENTE_REVISION_HUMANA,2026-08-26
https://openalex.org/W4385625342,10.38123/rre.v3i2.300,influencia del clima escolar en el aprendizaje,2023,article,13,Giselle Mardones Soto,Finis Terrae University,"con DOI, y ese DOI no está en el universo",V2-26_obra_institucional_fuera_del_universo,media,"OpenAlex la atribuye a la institución y el universo no la tiene; puede ser producción fuera de Scopus, una atribución errónea, o un tipo documental excluido a propósito",PENDIENTE_REVISION_HUMANA,2026-08-26
https://openalex.org/W4407764880,10.1113/jp287387,The role of cellular senescence in endothelial dysfunction and vascular remodelling in arteriovenous fistula maturation,2025,article,8,Isabel González‐Álvarez; Rodrigo Maldonado‐Agurto,Finis Terrae University,"con DOI, y ese DOI no está en el universo",V2-26_obra_institucional_fuera_del_universo,media,"OpenAlex la atribuye a la institución y el universo no la tiene; puede ser producción fuera de Scopus, una atribución errónea, o un tipo documental excluido a propósito",PENDIENTE_REVISION_HUMANA,2026-08-26
https://openalex.org/W4415322256,10.1016/j.annonc.2025.10.010,"Novel pembrolizumab-based treatments as first-line therapy in advanced clear-cell renal cell carcinoma: substudy 03A of the open-label, umbrella platform, phase I/II KEYMAKER-U03 trial",2025,article,8,Carlos Rojas,Finis Terrae University,"con DOI, y ese DOI no está en el universo",V2-26_obra_institucional_fuera_del_universo,media,"OpenAlex la atribuye a la institución y el universo no la tiene; puede ser producción fuera de Scopus, una atribución errónea, o un tipo documental excluido a propósito",PENDIENTE_REVISION_HUMANA,2026-08-26
https://openalex.org/W4416197425,10.1016/j.uncres.2025.100279,A review of IoT enabled intelligent smart energy management for photovoltaic power forecasting and generation,2025,article,6,Franco Fernando Yanine,Finis Terrae University,"con DOI, y ese DOI no está en el universo",V2-26_obra_institucional_fuera_del_universo,media,"OpenAlex la atribuye a la institución y el universo no la tiene; puede ser producción fuera de Scopus, una atribución errónea, o un tipo documental excluido a propósito",PENDIENTE_REVISION_HUMANA,2026-08-26
https://openalex.org/W7117293263,10.1002/ksa.70242,Rectus femoris tendon: An emerging option in ACL reconstruction,2025,article,5,Tomás Pineda,Finis Terrae University,"con DOI, y ese DOI no está en el universo",V2-26_obra_institucional_fuera_del_universo,media,"OpenAlex la atribuye a la institución y el universo no la tiene; puede ser producción fuera de Scopus, una atribución errónea, o un tipo documental excluido a propósito",PENDIENTE_REVISION_HUMANA,2026-08-26
https://openalex.org/W4411505355,10.1007/s12565-025-00855-0,Anatomical variants of the vertebral artery and their relationship with craniocervical disorders and surgical considerations: a systematic review and meta-analysis,2025,review,4,Mathias Orellana‐Donoso,Finis Terrae University,"con DOI, y ese DOI no está en el universo",V2-26_obra_institucional_fuera_del_universo,media,"OpenAlex la atribuye a la institución y el universo no la tiene; puede ser producción fuera de Scopus, una atribución errónea, o un tipo documental excluido a propósito",PENDIENTE_REVISION_HUMANA,2026-08-26
https://openalex.org/W4416426553,10.1123/ijsnem.2025-0157,UCI Sports Nutrition Project: The Science of Successful Cycling Performance,2025,article,4,Iñigo Mujika,Finis Terrae University,"con DOI, y ese DOI no está en el universo",V2-26_obra_institucional_fuera_del_universo,media,"OpenAlex la atribuye a la institución y el universo no la tiene; puede ser producción fuera de Scopus, una atribución errónea, o un tipo documental excluido a propósito",PENDIENTE_REVISION_HUMANA,2026-08-26
https://openalex.org/W4409656283,10.20511/pyr2024.v12.2000,Participación parental en educación básica latinoamericana: revisión sistemática,2024,article,3,Verónica Gubbins; Paula Quadros Flores,Finis Terrae University,"con DOI, y ese DOI no está en el universo",V2-26_obra_institucional_fuera_del_universo,media,"OpenAlex la atribuye a la institución y el universo no la tiene; puede ser producción fuera de Scopus, una atribución errónea, o un tipo documental excluido a propósito",PENDIENTE_REVISION_HUMANA,2026-08-26
https://openalex.org/W4412984592,10.1097/gme.0000000000002620,Unraveling the association between obesity and climacteric symptoms: a generalized structural equation modeling approach,2025,article,3,Sócrates Aedo,Finis Terrae University,"con DOI, y ese DOI no está en el universo",V2-26_obra_institucional_fuera_del_universo,media,"OpenAlex la atribuye a la institución y el universo no la tiene; puede ser producción fuera de Scopus, una atribución errónea, o un tipo documental excluido a propósito",PENDIENTE_REVISION_HUMANA,2026-08-26
https://openalex.org/W4417153247,10.1002/ksa.70223,Reliable pain and function outcomes but limited sport performance after high tibial osteotomy for medial knee osteoarthritis in the grey zone between osteotomy and unicompartmental replacement,2025,article,3,Tomás Pineda,Finis Terrae University,"con DOI, y ese DOI no está en el universo",V2-26_obra_institucional_fuera_del_universo,media,"OpenAlex la atribuye a la institución y el universo no la tiene; puede ser producción fuera de Scopus, una atribución errónea, o un tipo documental excluido a propósito",PENDIENTE_REVISION_HUMANA,2026-08-26
https://openalex.org/W4388941119,10.3389/fenef.2023.1258384,Energy homeostasis model for electrical and thermal systems integration in residential buildings: a means to sustain distributed generation systems integration,2023,article,6,Fernando Yanine,Finis Terrae University,"con DOI, y ese DOI no está en el universo",V2-26_obra_institucional_fuera_del_universo,media,"OpenAlex la atribuye a la institución y el universo no la tiene; puede ser producción fuera de Scopus, una atribución errónea, o un tipo documental excluido a propósito",PENDIENTE_REVISION_HUMANA,2026-08-26
https://openalex.org/W4367336808,10.1590/s1678-4634202349263089esp,Liderazgo en la educación parvularia Chilena durante la pandemia: experiencias y significados,2023,article,4,Carola Zañartu Canihuante,Finis Terrae University,"con DOI, y ese DOI no está en el universo",V2-26_obra_institucional_fuera_del_universo,media,"OpenAlex la atribuye a la institución y el universo no la tiene; puede ser producción fuera de Scopus, una atribución errónea, o un tipo documental excluido a propósito",PENDIENTE_REVISION_HUMANA,2026-08-26
https://openalex.org/W4388452031,10.31619/caledu.n59.1378,Racionalización y mercadización: una mirada en la discusión sobre neoliberalismo en la educación superior,2023,article,4,Francisca Puyol,Finis Terrae University,"con DOI, y ese DOI no está en el universo",V2-26_obra_institucional_fuera_del_universo,media,"OpenAlex la atribuye a la institución y el universo no la tiene; puede ser producción fuera de Scopus, una atribución errónea, o un tipo documental excluido a propósito",PENDIENTE_REVISION_HUMANA,2026-08-26
https://openalex.org/W4404050318,10.1177/08850666241293034,Adult Code Sepsis: A Narrative Review of its Implementation and Impact,2024,review,4,Andrés Giglio; Andrés Ferre,Finis Terrae University,"con DOI, y ese DOI no está en el universo",V2-26_obra_institucional_fuera_del_universo,media,"OpenAlex la atribuye a la institución y el universo no la tiene; puede ser producción fuera de Scopus, una atribución errónea, o un tipo documental excluido a propósito",PENDIENTE_REVISION_HUMANA,2026-08-26
https://openalex.org/W4401507305,10.38123/rre.v4i2.429,educación emocional en la primera infancia: Implicancia de las prácticas docentes efectuadas después de la pandemia,2024,article,3,Carolina Núñez Barahona,Finis Terrae University,"con DOI, y ese DOI no está en el universo",V2-26_obra_institucional_fuera_del_universo,media,"OpenAlex la atribuye a la institución y el universo no la tiene; puede ser producción fuera de Scopus, una atribución errónea, o un tipo documental excluido a propósito",PENDIENTE_REVISION_HUMANA,2026-08-26
https://openalex.org/W4410053593,10.5354/0718-2236.2025.78773,¿Hacia una Política de Educación Sexual Integral en Chile? Percepciones de profesores jóvenes.,2025,article,3,Beatriz Torres Pino; Sebastián Escobar González,Finis Terrae University,"con DOI, y ese DOI no está en el universo",V2-26_obra_institucional_fuera_del_universo,media,"OpenAlex la atribuye a la institución y el universo no la tiene; puede ser producción fuera de Scopus, una atribución errónea, o un tipo documental excluido a propósito",PENDIENTE_REVISION_HUMANA,2026-08-26
https://openalex.org/W4412640878,10.1080/10408398.2025.2534173,"Reduction of the formation and toxicity of heterocyclic aromatic amines (PhIP, IQ, MeIQ, MeIQx) in food: potential of nucleophilic compounds as mitigating agents",2025,article,3,María Salomé Mariotti‐Celis,Finis Terrae University,"con DOI, y ese DOI no está en el universo",V2-26_obra_institucional_fuera_del_universo,media,"OpenAlex la atribuye a la institución y el universo no la tiene; puede ser producción fuera de Scopus, una atribución errónea, o un tipo documental excluido a propósito",PENDIENTE_REVISION_HUMANA,2026-08-26
https://openalex.org/W7117496424,10.1123/ijsnem.2025-0101,UCI Sports Nutrition Project: Special Environments,2025,article,3,Iñigo Mujika,Finis Terrae University,"con DOI, y ese DOI no está en el universo",V2-26_obra_institucional_fuera_del_universo,media,"OpenAlex la atribuye a la institución y el universo no la tiene; puede ser producción fuera de Scopus, una atribución errónea, o un tipo documental excluido a propósito",PENDIENTE_REVISION_HUMANA,2026-08-26
https://openalex.org/W4385197716,10.38123/amox8.287,Desde el manuscrito al impreso en medio de la catástrofe:el caso de los oracionales judeo-portugueses (sidurim) durante los siglos XV-XVII,2023,article,2,Ignacio Chuecas Saldías,Finis Terrae University,"con DOI, y ese DOI no está en el universo",V2-26_obra_institucional_fuera_del_universo,media,"OpenAlex la atribuye a la institución y el universo no la tiene; puede ser producción fuera de Scopus, una atribución errónea, o un tipo documental excluido a propósito",PENDIENTE_REVISION_HUMANA,2026-08-26
https://openalex.org/W4401808384,10.30545/academo.2024.set-dic.9,La familia como factor para integrar tecnología en la escuela básica chilena,2024,article,2,Patricio González,Finis Terrae University,"con DOI, y ese DOI no está en el universo",V2-26_obra_institucional_fuera_del_universo,media,"OpenAlex la atribuye a la institución y el universo no la tiene; puede ser producción fuera de Scopus, una atribución errónea, o un tipo documental excluido a propósito",PENDIENTE_REVISION_HUMANA,2026-08-26
https://openalex.org/W4412593741,10.30827/profesorado.v29i2.32229,Profesores en evaluación: el impacto del género en los resultados de la evaluación docente universitaria,2025,article,2,Rosario Undurraga; José Tomás Montalva; Emilio Guerrero Barrera,Finis Terrae University,"con DOI, y ese DOI no está en el universo",V2-26_obra_institucional_fuera_del_universo,media,"OpenAlex la atribuye a la institución y el universo no la tiene; puede ser producción fuera de Scopus, una atribución errónea, o un tipo documental excluido a propósito",PENDIENTE_REVISION_HUMANA,2026-08-26
https://openalex.org/W4412738384,10.21703/rexe.v24i55.3066,Procesos reflexivos en experiencias de práctica temprana: aciertos y desafíos de la formación inicial docente,2025,article,2,Rosa Ibáñez Muñoz; Gabriela Andrea Butamanco Vera,Finis Terrae University,"con DOI, y ese DOI no está en el universo",V2-26_obra_institucional_fuera_del_universo,media,"OpenAlex la atribuye a la institución y el universo no la tiene; puede ser producción fuera de Scopus, una atribución errónea, o un tipo documental excluido a propósito",PENDIENTE_REVISION_HUMANA,2026-08-26
https://openalex.org/W4413012084,10.1007/s12565-025-00873-y,"Internal carotid artery agenesis: a systematic review of prevalence, basal brain circulation variations, and associated pathologies",2025,review,2,Mathias Orellana‐Donoso,Finis Terrae University,"con DOI, y ese DOI no está en el universo",V2-26_obra_institucional_fuera_del_universo,media,"OpenAlex la atribuye a la institución y el universo no la tiene; puede ser producción fuera de Scopus, una atribución errónea, o un tipo documental excluido a propósito",PENDIENTE_REVISION_HUMANA,2026-08-26
https://openalex.org/W4415704543,10.1016/j.arth.2025.10.075,2025 ICM: Abbreviated Two- and 1.5-Stage,2025,article,2,Gabriel Baron,Finis Terrae University,"con DOI, y ese DOI no está en el universo",V2-26_obra_institucional_fuera_del_universo,media,"OpenAlex la atribuye a la institución y el universo no la tiene; puede ser producción fuera de Scopus, una atribución errónea, o un tipo documental excluido a propósito",PENDIENTE_REVISION_HUMANA,2026-08-26
https://openalex.org/W4416148271,10.1038/s41574-025-01209-6,Driving hypertension: non-classic apparent mineralocorticoid excess,2025,article,2,Alejandra Tapia-Castillo,Finis Terrae University,"con DOI, y ese DOI no está en el universo",V2-26_obra_institucional_fuera_del_universo,media,"OpenAlex la atribuye a la institución y el universo no la tiene; puede ser producción fuera de Scopus, una atribución errónea, o un tipo documental excluido a propósito",PENDIENTE_REVISION_HUMANA,2026-08-26
https://openalex.org/W4360850685,10.22206/cys.2023.v48i1.pp9-32,Placeres tecnosexuales. Claves hacia la comprensión de la sexualidad humano-máquina,2023,article,5,Valeria Radrigán,Finis Terrae University,"con DOI, y ese DOI no está en el universo",V2-26_obra_institucional_fuera_del_universo,media,"OpenAlex la atribuye a la institución y el universo no la tiene; puede ser producción fuera de Scopus, una atribución errónea, o un tipo documental excluido a propósito",PENDIENTE_REVISION_HUMANA,2026-08-26
https://openalex.org/W4387029121,10.35366/112734,Neuronas espejo y sistemas neuronales asociados al aprendizaje clínico. Una revisión de la literatura,2023,article,3,Mathias Orellana‐Donoso,Finis Terrae University,"con DOI, y ese DOI no está en el universo",V2-26_obra_institucional_fuera_del_universo,media,"OpenAlex la atribuye a la institución y el universo no la tiene; puede ser producción fuera de Scopus, una atribución errónea, o un tipo documental excluido a propósito",PENDIENTE_REVISION_HUMANA,2026-08-26
https://openalex.org/W4393374279,10.21703/rexe.v23i51.2189,Uso de las competencias investigativas en docentes en ejercicio de Lenguaje en Educación Básica,2024,article,3,Jennifer Caroca-Guzmán,Finis Terrae University,"con DOI, y ese DOI no está en el universo",V2-26_obra_institucional_fuera_del_universo,media,"OpenAlex la atribuye a la institución y el universo no la tiene; puede ser producción fuera de Scopus, una atribución errónea, o un tipo documental excluido a propósito",PENDIENTE_REVISION_HUMANA,2026-08-26
https://openalex.org/W4409691948,10.1186/s43067-025-00202-3,Development of intelligent smart energy monitoring systems for renewable energy source using Proteus-8 environment and validated with experimentation,2025,article,3,Franco Fernando Yanine,Finis Terrae University,"con DOI, y ese DOI no está en el universo",V2-26_obra_institucional_fuera_del_universo,media,"OpenAlex la atribuye a la institución y el universo no la tiene; puede ser producción fuera de Scopus, una atribución errónea, o un tipo documental excluido a propósito",PENDIENTE_REVISION_HUMANA,2026-08-26
https://openalex.org/W4377139965,10.37417/rpd/vol_7_2023_1259,Retroactivity and legitimate expectation in the UK Administrative Law,2023,article,2,Jaime Letelier,Finis Terrae University,"con DOI, y ese DOI no está en el universo",V2-26_obra_institucional_fuera_del_universo,media,"OpenAlex la atribuye a la institución y el universo no la tiene; puede ser producción fuera de Scopus, una atribución errónea, o un tipo documental excluido a propósito",PENDIENTE_REVISION_HUMANA,2026-08-26
https://openalex.org/W4382893631,10.36105/mye.2023v34n3.01,El problema de la autonomía individual y la autoridad familiar en la toma de decisiones en ética clínica,2023,article,2,Paulo López-Soto; Manuel J. Santos,Finis Terrae University,"con DOI, y ese DOI no está en el universo",V2-26_obra_institucional_fuera_del_universo,media,"OpenAlex la atribuye a la institución y el universo no la tiene; puede ser producción fuera de Scopus, una atribución errónea, o un tipo documental excluido a propósito",PENDIENTE_REVISION_HUMANA,2026-08-26
https://openalex.org/W4385076904,10.1016/j.medine.2023.07.001,Factors associated with prolonged mechanical ventilation in children with pulmonary failure: Cohort study from the LARed Network registry,2023,article,2,Franco Díaz,Finis Terrae University,"con DOI, y ese DOI no está en el universo",V2-26_obra_institucional_fuera_del_universo,media,"OpenAlex la atribuye a la institución y el universo no la tiene; puede ser producción fuera de Scopus, una atribución errónea, o un tipo documental excluido a propósito",PENDIENTE_REVISION_HUMANA,2026-08-26
https://openalex.org/W4395667602,10.4151/07189729-vol.63-iss.1-art.1522,Comprensiones de la colaboración y el diálogo docente en Chile: implicancias para el liderazgo escolar,2024,article,2,Daniela Alejandra Figueroa Moya,Finis Terrae University,"con DOI, y ese DOI no está en el universo",V2-26_obra_institucional_fuera_del_universo,media,"OpenAlex la atribuye a la institución y el universo no la tiene; puede ser producción fuera de Scopus, una atribución errónea, o un tipo documental excluido a propósito",PENDIENTE_REVISION_HUMANA,2026-08-26
https://openalex.org/W4403300557,10.5102/rdi.v21i1.9422,Transparencia de la inteligencia artificial en la administración pública: Una revisión de estándares internacionales,2024,article,2,Ivette Esis Villarroel,Finis Terrae University,"con DOI, y ese DOI no está en el universo",V2-26_obra_institucional_fuera_del_universo,media,"OpenAlex la atribuye a la institución y el universo no la tiene; puede ser producción fuera de Scopus, una atribución errónea, o un tipo documental excluido a propósito",PENDIENTE_REVISION_HUMANA,2026-08-26
https://openalex.org/W4386973707,10.31857/s0044748x0027277-3,"The daily life of popular power: a JAP in the Gabriela neighborhood of Puente Alto. Chile, 1973",2023,article,1,Manuel Loyola,Finis Terrae University,"con DOI, y ese DOI no está en el universo",V2-26_obra_institucional_fuera_del_universo,media,"OpenAlex la atribuye a la institución y el universo no la tiene; puede ser producción fuera de Scopus, una atribución errónea, o un tipo documental excluido a propósito",PENDIENTE_REVISION_HUMANA,2026-08-26
https://openalex.org/W4389250203,10.6018/edumed.582211,Síndrome de Burnout en estudiantes de odontología durante el regreso a la presencialidad,2023,article,1,Patrícia Rivera; Diva Rudloff Sepúlveda; Gonzalo Alarcón; Nicolas Ponce Ibáñez,Finis Terrae University,"con DOI, y ese DOI no está en el universo",V2-26_obra_institucional_fuera_del_universo,media,"OpenAlex la atribuye a la institución y el universo no la tiene; puede ser producción fuera de Scopus, una atribución errónea, o un tipo documental excluido a propósito",PENDIENTE_REVISION_HUMANA,2026-08-26
https://openalex.org/W4391135038,10.4067/s0718-85602023000300161,Cirugía de Ross en Chile: Tasa libre de reoperación y supervivencia global en una cohorte de más de 10 años de seguimiento,2023,article,1,Álvaro Heras Garafulich,Finis Terrae University,"con DOI, y ese DOI no está en el universo",V2-26_obra_institucional_fuera_del_universo,media,"OpenAlex la atribuye a la institución y el universo no la tiene; puede ser producción fuera de Scopus, una atribución errónea, o un tipo documental excluido a propósito",PENDIENTE_REVISION_HUMANA,2026-08-26
https://openalex.org/W4392664987,10.38123/rre.v4i1.361,Participación parental y permanencia en educación superior,2024,article,1,Evelyn Olave Carimoney; Verónica Gubbins,Finis Terrae University,"con DOI, y ese DOI no está en el universo",V2-26_obra_institucional_fuera_del_universo,media,"OpenAlex la atribuye a la institución y el universo no la tiene; puede ser producción fuera de Scopus, una atribución errónea, o un tipo documental excluido a propósito",PENDIENTE_REVISION_HUMANA,2026-08-26
https://openalex.org/W4396577719,10.5354/0719-3769.2024.73925,Relaciones internacionales y política exterior en el liderazgo presidencial digital,2024,article,1,Vanessa Cárdenas,Finis Terrae University,"con DOI, y ese DOI no está en el universo",V2-26_obra_institucional_fuera_del_universo,media,"OpenAlex la atribuye a la institución y el universo no la tiene; puede ser producción fuera de Scopus, una atribución errónea, o un tipo documental excluido a propósito",PENDIENTE_REVISION_HUMANA,2026-08-26
https://openalex.org/W4396902598,10.1016/j.rec.2024.05.001,2024 SIAC guidelines on cardiorespiratory rehabilitation in pediatric patients with congenital heart disease,2024,article,1,Paulo Valderrama,Finis Terrae University,"con DOI, y ese DOI no está en el universo",V2-26_obra_institucional_fuera_del_universo,media,"OpenAlex la atribuye a la institución y el universo no la tiene; puede ser producción fuera de Scopus, una atribución errónea, o un tipo documental excluido a propósito",PENDIENTE_REVISION_HUMANA,2026-08-26
https://openalex.org/W4400609018,10.1016/j.oooo.2024.04.095,HEAD AND NECK LYMPHANGIOMAS,2024,article,1,Иволга Р.А.,Finis Terrae University,"con DOI, y ese DOI no está en el universo",V2-26_obra_institucional_fuera_del_universo,media,"OpenAlex la atribuye a la institución y el universo no la tiene; puede ser producción fuera de Scopus, una atribución errónea, o un tipo documental excluido a propósito",PENDIENTE_REVISION_HUMANA,2026-08-26
https://openalex.org/W4406099054,10.4151/07197969-vol.13-iss.1-art.764,"Vacunar contra la viruela más allá de la capital. Implementación, implementadores y desafíos de una política pública, 1820-1840",2023,article,1,Paula Caffarena Barcenilla,Finis Terrae University,"con DOI, y ese DOI no está en el universo",V2-26_obra_institucional_fuera_del_universo,media,"OpenAlex la atribuye a la institución y el universo no la tiene; puede ser producción fuera de Scopus, una atribución errónea, o un tipo documental excluido a propósito",PENDIENTE_REVISION_HUMANA,2026-08-26
https://openalex.org/W4406201050,10.1002/alz.089192,Neuroanatomical Correlates of Functional Capacity in Activities of Daily Living in the Alzheimer´s Disease Continuum,2024,article,1,J. Herrero,Finis Terrae University,"con DOI, y ese DOI no está en el universo",V2-26_obra_institucional_fuera_del_universo,media,"OpenAlex la atribuye a la institución y el universo no la tiene; puede ser producción fuera de Scopus, una atribución errónea, o un tipo documental excluido a propósito",PENDIENTE_REVISION_HUMANA,2026-08-26
https://openalex.org/W4414059568,10.1177/08850666251359548,Association of Ventilatory Ratio with Acute Cor Pulmonale and Mortality in COVID-19 ARDS: A Cohort Study,2025,article,1,Martín H. Benites,Finis Terrae University,"con DOI, y ese DOI no está en el universo",V2-26_obra_institucional_fuera_del_universo,media,"OpenAlex la atribuye a la institución y el universo no la tiene; puede ser producción fuera de Scopus, una atribución errónea, o un tipo documental excluido a propósito",PENDIENTE_REVISION_HUMANA,2026-08-26
https://openalex.org/W4414682887,10.20453/reh.v35i3.6505,Determinantes estructurales relacionados con la tasa de consulta de urgencia odontológica ambulatoria en una zona fronteriza de Chile,2025,article,1,Patrícia Rivera; Juan Carlos Caro Cassali; Sebastián Zamorano Vidal; Nicolas Ponce Ibáñez,Finis Terrae University,"con DOI, y ese DOI no está en el universo",V2-26_obra_institucional_fuera_del_universo,media,"OpenAlex la atribuye a la institución y el universo no la tiene; puede ser producción fuera de Scopus, una atribución errónea, o un tipo documental excluido a propósito",PENDIENTE_REVISION_HUMANA,2026-08-26
https://openalex.org/W4415242465,10.14201/azafea202527287310,Dos concepciones de la identidad práctica: Aristóteles y Korsgaard,2025,article,1,Adriana Romero,Finis Terrae University,"con DOI, y ese DOI no está en el universo",V2-26_obra_institucional_fuera_del_universo,media,"OpenAlex la atribuye a la institución y el universo no la tiene; puede ser producción fuera de Scopus, una atribución errónea, o un tipo documental excluido a propósito",PENDIENTE_REVISION_HUMANA,2026-08-26
https://openalex.org/W4416589664,10.1016/j.wneu.2025.124652,Arcuate Foramen of the Atlas Vertebra and its Correlation with Clinical Implications in the Craniocervical Region: A Systematic Review and Meta-analysis,2025,review,1,Mathias Orellana Donoso,Finis Terrae University,"con DOI, y ese DOI no está en el universo",V2-26_obra_institucional_fuera_del_universo,media,"OpenAlex la atribuye a la institución y el universo no la tiene; puede ser producción fuera de Scopus, una atribución errónea, o un tipo documental excluido a propósito",PENDIENTE_REVISION_HUMANA,2026-08-26
https://openalex.org/W4417019251,10.1177/19417381251393643,Regional Activation of the Latissimus Dorsi Muscle by High-Density Surface Electromyography During Isometric Shoulder and Trunk Exercises,2025,article,1,Melissa Muñoz-Garcés; Guillermo Méndez-Rebolledo,Finis Terrae University,"con DOI, y ese DOI no está en el universo",V2-26_obra_institucional_fuera_del_universo,media,"OpenAlex la atribuye a la institución y el universo no la tiene; puede ser producción fuera de Scopus, una atribución errónea, o un tipo documental excluido a propósito",PENDIENTE_REVISION_HUMANA,2026-08-26
https://openalex.org/W4417325590,10.1007/s00345-025-06127-w,Automated intrarenal pressure control in flexible ureteroscopy using an integrated ureteroscope pressure measurement and fluid management system: first-in‐human use,2025,article,1,Helga Ibañez; Vicente Elorrieta; J. Mora Salvadó,Finis Terrae University,"con DOI, y ese DOI no está en el universo",V2-26_obra_institucional_fuera_del_universo,media,"OpenAlex la atribuye a la institución y el universo no la tiene; puede ser producción fuera de Scopus, una atribución errónea, o un tipo documental excluido a propósito",PENDIENTE_REVISION_HUMANA,2026-08-26
https://openalex.org/W4417441759,10.1016/j.tem.2025.11.001,Uncovering the muscle clock–mitochondria axis through exercise,2025,article,1,Mauricio Castro-Sepulveda,Finis Terrae University,"con DOI, y ese DOI no está en el universo",V2-26_obra_institucional_fuera_del_universo,media,"OpenAlex la atribuye a la institución y el universo no la tiene; puede ser producción fuera de Scopus, una atribución errónea, o un tipo documental excluido a propósito",PENDIENTE_REVISION_HUMANA,2026-08-26
https://openalex.org/W4417467275,10.1016/j.neuroscience.2025.12.034,Contextual & physiological markers for individual distress (CP-MIND). Brain health as a comprehensive framework for Mental-health equity,2025,article,1,Juan Pablo Morales,Finis Terrae University,"con DOI, y ese DOI no está en el universo",V2-26_obra_institucional_fuera_del_universo,media,"OpenAlex la atribuye a la institución y el universo no la tiene; puede ser producción fuera de Scopus, una atribución errónea, o un tipo documental excluido a propósito",PENDIENTE_REVISION_HUMANA,2026-08-26
https://openalex.org/W7116691273,10.3390/inorganics14010003,"Comprehensive Structural, Electronic, and Biological Characterization of fac-[Re(CO)3(5,6-epoxy-5,6-dihydro-1,10-phenanthroline)Br]: X-Ray, Aromaticity, Electrochemistry, and HeLa Cell Viability",2025,article,1,Rosaly Morales-Guevara,Finis Terrae University,"con DOI, y ese DOI no está en el universo",V2-26_obra_institucional_fuera_del_universo,media,"OpenAlex la atribuye a la institución y el universo no la tiene; puede ser producción fuera de Scopus, una atribución errónea, o un tipo documental excluido a propósito",PENDIENTE_REVISION_HUMANA,2026-08-26
https://openalex.org/W4400320597,10.36615/pk9fjt18,Art therapy in the Global South: Now and next,2024,article,2,Pamela Reyes Herrara,Finis Terrae University,"con DOI, y ese DOI no está en el universo",V2-26_obra_institucional_fuera_del_universo,media,"OpenAlex la atribuye a la institución y el universo no la tiene; puede ser producción fuera de Scopus, una atribución errónea, o un tipo documental excluido a propósito",PENDIENTE_REVISION_HUMANA,2026-08-26
https://openalex.org/W4404754620,10.1119/5.0166724,Oscillations and Waves,2024,article,4,Miguel Lagos; Rodrígo Paredes,Finis Terrae University,"con DOI, y ese DOI no está en el universo",V2-26_obra_institucional_fuera_del_universo,media,"OpenAlex la atribuye a la institución y el universo no la tiene; puede ser producción fuera de Scopus, una atribución errónea, o un tipo documental excluido a propósito",PENDIENTE_REVISION_HUMANA,2026-08-26
https://openalex.org/W4399653638,10.4067/s0718-07642024000300051,Diseño de un método que utiliza el portafolio digital para desarrollar la autorregulación del aprendizaje en estudiantes de ingeniería,2024,article,2,Carolina Zambrano,Finis Terrae University,"con DOI, y ese DOI no está en el universo",V2-26_obra_institucional_fuera_del_universo,media,"OpenAlex la atribuye a la institución y el universo no la tiene; puede ser producción fuera de Scopus, una atribución errónea, o un tipo documental excluido a propósito",PENDIENTE_REVISION_HUMANA,2026-08-26
https://openalex.org/W4386946667,10.14482/sun.39.02.813.625,"Relación entre el bienestar, deterioro cognitivo, afrontamiento al estrés y actividad física durante la pandemia por COVID-19 en personas mayores de una ciudad del norte de Chile",2023,article,1,Eduardo Guzmán-Muñoz,Finis Terrae University,"con DOI, y ese DOI no está en el universo",V2-26_obra_institucional_fuera_del_universo,media,"OpenAlex la atribuye a la institución y el universo no la tiene; puede ser producción fuera de Scopus, una atribución errónea, o un tipo documental excluido a propósito",PENDIENTE_REVISION_HUMANA,2026-08-26
https://openalex.org/W4386984725,10.1007/978-3-031-26425-2_2,Critical Snapshots,2023,book-chapter,1,Megumi Andrade Kobayashi,Finis Terrae University,"con DOI, y ese DOI no está en el universo",V2-26_obra_institucional_fuera_del_universo,media,"OpenAlex la atribuye a la institución y el universo no la tiene; puede ser producción fuera de Scopus, una atribución errónea, o un tipo documental excluido a propósito",PENDIENTE_REVISION_HUMANA,2026-08-26
https://openalex.org/W4388105096,10.4067/s0717-73482023000300233,Prevalencia y tratamiento del asma en adultos: análisis descriptivo de la encuesta nacional de salud de Chile 2016-2017,2023,article,1,Patricia Fernández V.,Finis Terrae University,"con DOI, y ese DOI no está en el universo",V2-26_obra_institucional_fuera_del_universo,media,"OpenAlex la atribuye a la institución y el universo no la tiene; puede ser producción fuera de Scopus, una atribución errónea, o un tipo documental excluido a propósito",PENDIENTE_REVISION_HUMANA,2026-08-26
https://openalex.org/W4389431330,10.18601/16926722.n24.13,From the Tax Base Erosion to the Tax Sovereignty Shifting from States to OECD/Inclusive Framework,2023,article,1,Felipe Yáñez,Finis Terrae University,"con DOI, y ese DOI no está en el universo",V2-26_obra_institucional_fuera_del_universo,media,"OpenAlex la atribuye a la institución y el universo no la tiene; puede ser producción fuera de Scopus, una atribución errónea, o un tipo documental excluido a propósito",PENDIENTE_REVISION_HUMANA,2026-08-26
https://openalex.org/W4389921224,10.59334/rov.v2i39.552,Manejo odontológico del paciente en tratamiento de anticoagulante oral sometido a cirugía oral: una revisión narrativa [Versión Original en Español],2023,article,1,Javiera Cancino,Finis Terrae University,"con DOI, y ese DOI no está en el universo",V2-26_obra_institucional_fuera_del_universo,media,"OpenAlex la atribuye a la institución y el universo no la tiene; puede ser producción fuera de Scopus, una atribución errónea, o un tipo documental excluido a propósito",PENDIENTE_REVISION_HUMANA,2026-08-26
https://openalex.org/W4392664983,10.38123/rre.v4i1.335,Prácticas de retroalimentación y su alineamiento con el nuevo Marco para la Buena Enseñanza 2021: un estudio de caso,2024,article,1,Milytza Mancilla Salinas; Bárbara Álvarez Mancilla; Joselyn Díaz Rosas,Finis Terrae University,"con DOI, y ese DOI no está en el universo",V2-26_obra_institucional_fuera_del_universo,media,"OpenAlex la atribuye a la institución y el universo no la tiene; puede ser producción fuera de Scopus, una atribución errónea, o un tipo documental excluido a propósito",PENDIENTE_REVISION_HUMANA,2026-08-26
https://openalex.org/W4396627578,10.1055/s-0044-1786501,Tendencias en la cirugía de artroplastía total de rodilla en Chile. ¿Cómo las estamos operando?,2024,article,1,Juan Pablo Casas-Cordero,Finis Terrae University,"con DOI, y ese DOI no está en el universo",V2-26_obra_institucional_fuera_del_universo,media,"OpenAlex la atribuye a la institución y el universo no la tiene; puede ser producción fuera de Scopus, una atribución errónea, o un tipo documental excluido a propósito",PENDIENTE_REVISION_HUMANA,2026-08-26
https://openalex.org/W4399852405,10.1007/978-3-031-47404-0_1,Introduction to the Art-Science Symbiosis,2024,book-chapter,1,Ignacio Nieto,Finis Terrae University,"con DOI, y ese DOI no está en el universo",V2-26_obra_institucional_fuera_del_universo,media,"OpenAlex la atribuye a la institución y el universo no la tiene; puede ser producción fuera de Scopus, una atribución errónea, o un tipo documental excluido a propósito",PENDIENTE_REVISION_HUMANA,2026-08-26
https://openalex.org/W4404991470,10.4151/07189729-vol.63-iss.3-art.1527,Tutorías entre pares como promotoras de desarrollo profesional docente: transformación de prácticas y creencias en docentes de escuelas de Nicaragua y Honduras,2024,article,1,Carolina Isabel Álvarez Valdés,Finis Terrae University,"con DOI, y ese DOI no está en el universo",V2-26_obra_institucional_fuera_del_universo,media,"OpenAlex la atribuye a la institución y el universo no la tiene; puede ser producción fuera de Scopus, una atribución errónea, o un tipo documental excluido a propósito",PENDIENTE_REVISION_HUMANA,2026-08-26
https://openalex.org/W4405623093,10.58265/pulso.7221,La creación de marionetas con objetos como herramienta para reflexionar sobre perspectiva de género. Un estudio de caso aplicado en Educación Primaria,2024,article,1,Carmen Gloria Sánchez-Duque,Finis Terrae University,"con DOI, y ese DOI no está en el universo",V2-26_obra_institucional_fuera_del_universo,media,"OpenAlex la atribuye a la institución y el universo no la tiene; puede ser producción fuera de Scopus, una atribución errónea, o un tipo documental excluido a propósito",PENDIENTE_REVISION_HUMANA,2026-08-26
https://openalex.org/W4406442344,10.38123/psip.2,efectos del trauma complejo en las facultades vegetativas de niños en edad escolar,2025,article,1,María José Aguayo Silva,Finis Terrae University,"con DOI, y ese DOI no está en el universo",V2-26_obra_institucional_fuera_del_universo,media,"OpenAlex la atribuye a la institución y el universo no la tiene; puede ser producción fuera de Scopus, una atribución errónea, o un tipo documental excluido a propósito",PENDIENTE_REVISION_HUMANA,2026-08-26
https://openalex.org/W4409668934,10.5027/jmh-vol21-issue1(2024)art213,"Artes marciales, deportes de contacto o combate en la mejora de parámetros de cognición, comportamiento social y condición física en escolares diagnosticados con trastorno del espectro autista: Una revisión sistemática",2024,article,1,Felipe Montalva-Valenzuela,Finis Terrae University,"con DOI, y ese DOI no está en el universo",V2-26_obra_institucional_fuera_del_universo,media,"OpenAlex la atribuye a la institución y el universo no la tiene; puede ser producción fuera de Scopus, una atribución errónea, o un tipo documental excluido a propósito",PENDIENTE_REVISION_HUMANA,2026-08-26
https://openalex.org/W4411441488,10.3934/medsci.2025017,Motor performance in children and adolescents with attention deficit and hyperactivity disorder: A systematic review,2025,review,1,Paloma Ferrero‐Hernández; Antonio Castillo-Paredes,Finis Terrae University,"con DOI, y ese DOI no está en el universo",V2-26_obra_institucional_fuera_del_universo,media,"OpenAlex la atribuye a la institución y el universo no la tiene; puede ser producción fuera de Scopus, una atribución errónea, o un tipo documental excluido a propósito",PENDIENTE_REVISION_HUMANA,2026-08-26
https://openalex.org/W4412447797,10.54344/contemporanea.v18i1.2461,Debatiendo la revista,2025,article,1,Marcelo Casals,Finis Terrae University,"con DOI, y ese DOI no está en el universo",V2-26_obra_institucional_fuera_del_universo,media,"OpenAlex la atribuye a la institución y el universo no la tiene; puede ser producción fuera de Scopus, una atribución errónea, o un tipo documental excluido a propósito",PENDIENTE_REVISION_HUMANA,2026-08-26
https://openalex.org/W2594231377,10.11600/1692715x.1512229042016,Tutorías académicas: desafíos de un programa piloto entre pares en una universidad no selectiva,2024,article,4,Alexis Curiche,Finis Terrae University,"con DOI, y ese DOI no está en el universo",V2-26_obra_institucional_fuera_del_universo,media,"OpenAlex la atribuye a la institución y el universo no la tiene; puede ser producción fuera de Scopus, una atribución errónea, o un tipo documental excluido a propósito",PENDIENTE_REVISION_HUMANA,2026-08-26
https://openalex.org/W4380575647,10.38123/rer.v2i6.313,Cuatro desafíos imprescindibles para la catequesis de hoy,2023,article,2,Ricardo González Hidalgo,Finis Terrae University,"con DOI, y ese DOI no está en el universo",V2-26_obra_institucional_fuera_del_universo,media,"OpenAlex la atribuye a la institución y el universo no la tiene; puede ser producción fuera de Scopus, una atribución errónea, o un tipo documental excluido a propósito",PENDIENTE_REVISION_HUMANA,2026-08-26
https://openalex.org/W4316499878,10.5565/rev/brumal.776,Cuentos para niñas peculiares: Narrativas de lo siniestro femenino,2023,article,1,Patricia Poblete Alday,Finis Terrae University,"con DOI, y ese DOI no está en el universo",V2-26_obra_institucional_fuera_del_universo,media,"OpenAlex la atribuye a la institución y el universo no la tiene; puede ser producción fuera de Scopus, una atribución errónea, o un tipo documental excluido a propósito",PENDIENTE_REVISION_HUMANA,2026-08-26
https://openalex.org/W4327951956,10.5020/2317-2150.2023.13311,"Estado de exceção, política do inimigo e (des)politização por meio das barreiras visíveis e invisíveis aos migrantes internacionais",2023,article,1,Ivette Esis Villarroel,Finis Terrae University,"con DOI, y ese DOI no está en el universo",V2-26_obra_institucional_fuera_del_universo,media,"OpenAlex la atribuye a la institución y el universo no la tiene; puede ser producción fuera de Scopus, una atribución errónea, o un tipo documental excluido a propósito",PENDIENTE_REVISION_HUMANA,2026-08-26
https://openalex.org/W4377832506,10.7764/plan.045.100,Sistemas hídricos en la interfase de la ciudad de Santiago de Chile y la Cordillera de Los Andes,2023,article,1,Margarita Jans Báez; Cristina Felsenhardt Rosen; Pamela Zuniga Acosta,Finis Terrae University,"con DOI, y ese DOI no está en el universo",V2-26_obra_institucional_fuera_del_universo,media,"OpenAlex la atribuye a la institución y el universo no la tiene; puede ser producción fuera de Scopus, una atribución errónea, o un tipo documental excluido a propósito",PENDIENTE_REVISION_HUMANA,2026-08-26
https://openalex.org/W4380575699,10.38123/rre.v3i1.257,Educación patrimonial en un liceo histórico de Santiago:,2023,article,1,Leonardo Cisternas Zamora,Finis Terrae University,"con DOI, y ese DOI no está en el universo",V2-26_obra_institucional_fuera_del_universo,media,"OpenAlex la atribuye a la institución y el universo no la tiene; puede ser producción fuera de Scopus, una atribución errónea, o un tipo documental excluido a propósito",PENDIENTE_REVISION_HUMANA,2026-08-26
https://openalex.org/W4381513011,10.15406/mojcr.2023.13.00436,Use of the 3D printing in surgical planning of the femoroacetabular impigement of the right hip,2023,article,1,José Torrealba Araujo,Finis Terrae University,"con DOI, y ese DOI no está en el universo",V2-26_obra_institucional_fuera_del_universo,media,"OpenAlex la atribuye a la institución y el universo no la tiene; puede ser producción fuera de Scopus, una atribución errónea, o un tipo documental excluido a propósito",PENDIENTE_REVISION_HUMANA,2026-08-26
https://openalex.org/W4382807357,10.21801/ppcrj.2022.84.1,Low-load exercise program and platelet-rich plasma for intrasubstance tear in lateral elbow tendinopathy: protocol for a double-blinded randomized clinical trial,2023,article,1,Guillermo Droppelmann; Alexis Torrez,Finis Terrae University,"con DOI, y ese DOI no está en el universo",V2-26_obra_institucional_fuera_del_universo,media,"OpenAlex la atribuye a la institución y el universo no la tiene; puede ser producción fuera de Scopus, una atribución errónea, o un tipo documental excluido a propósito",PENDIENTE_REVISION_HUMANA,2026-08-26
https://openalex.org/W4382811266,10.20453/reh.v33i2.4519,¿La radioprotección es necesaria en odontología?,2023,article,1,Daniel Pinto Agüero,Finis Terrae University,"con DOI, y ese DOI no está en el universo",V2-26_obra_institucional_fuera_del_universo,media,"OpenAlex la atribuye a la institución y el universo no la tiene; puede ser producción fuera de Scopus, una atribución errónea, o un tipo documental excluido a propósito",PENDIENTE_REVISION_HUMANA,2026-08-26
https://openalex.org/W4385444438,10.18682/cdc.vi181.9244,Ley general de comunicación audiovisual española: Influencers y sustentabilidad,2023,article,1,Christian Beros,Finis Terrae University,"con DOI, y ese DOI no está en el universo",V2-26_obra_institucional_fuera_del_universo,media,"OpenAlex la atribuye a la institución y el universo no la tiene; puede ser producción fuera de Scopus, una atribución errónea, o un tipo documental excluido a propósito",PENDIENTE_REVISION_HUMANA,2026-08-26
https://openalex.org/W4385628813,10.21703/0718-5162.v22.n48.2023.007,Fuerzas de cambio del proceso de evaluación: Percepción docentes universitarios en COVID-19,2023,article,1,Katherine Mansilla‐Obando,Finis Terrae University,"con DOI, y ese DOI no está en el universo",V2-26_obra_institucional_fuera_del_universo,media,"OpenAlex la atribuye a la institución y el universo no la tiene; puede ser producción fuera de Scopus, una atribución errónea, o un tipo documental excluido a propósito",PENDIENTE_REVISION_HUMANA,2026-08-26
https://openalex.org/W4386450396,10.4067/s2452-55882023000200169,"Evidence gaps in orthognathic surgery, a Delphi study protocol",2023,article,1,Jaime Pilar,Finis Terrae University,"con DOI, y ese DOI no está en el universo",V2-26_obra_institucional_fuera_del_universo,media,"OpenAlex la atribuye a la institución y el universo no la tiene; puede ser producción fuera de Scopus, una atribución errónea, o un tipo documental excluido a propósito",PENDIENTE_REVISION_HUMANA,2026-08-26
https://openalex.org/W4387011373,10.4067/s0718-381x2023000300372,Estudio Anatómico y Prevalencia del Canalis sinuosus Evaluado Mediante Cone Beam CT en Pacientes Chilenos,2023,article,1,Sandra Moncada-Ortega; Cristóbal Muñoz-León; Ma Fernanda Cortés-Sylvester; Jorge Ortiz-Mora,Finis Terrae University,"con DOI, y ese DOI no está en el universo",V2-26_obra_institucional_fuera_del_universo,media,"OpenAlex la atribuye a la institución y el universo no la tiene; puede ser producción fuera de Scopus, una atribución errónea, o un tipo documental excluido a propósito",PENDIENTE_REVISION_HUMANA,2026-08-26
https://openalex.org/W4388303933,10.5354/2735-6620.2023.70760,¿De qué hablamos cuando hablamos de compromiso territorial de las universidades? Una reflexión a propósito de las universidades estatales chilenas,2023,article,1,Francisca Puyol,Finis Terrae University,"con DOI, y ese DOI no está en el universo",V2-26_obra_institucional_fuera_del_universo,media,"OpenAlex la atribuye a la institución y el universo no la tiene; puede ser producción fuera de Scopus, una atribución errónea, o un tipo documental excluido a propósito",PENDIENTE_REVISION_HUMANA,2026-08-26
https://openalex.org/W4390582228,10.31080/asor.2024.07.0883,Gluteus Medius Partial Tear Repair with Collagen Patch Augmentation. Endoscopic Surgical Technique,2024,article,1,Dante Parodi; Diego Villegas,Finis Terrae University,"con DOI, y ese DOI no está en el universo",V2-26_obra_institucional_fuera_del_universo,media,"OpenAlex la atribuye a la institución y el universo no la tiene; puede ser producción fuera de Scopus, una atribución errónea, o un tipo documental excluido a propósito",PENDIENTE_REVISION_HUMANA,2026-08-26
https://openalex.org/W4391751323,10.31080/asor.2024.07.0903,Application of 3d Models in Preoperative Planning of Tibial Plateau Fractures: Can We Expect Changes?,2024,article,1,Diego Edwards; Juan Pablo Casas Cordero; Francisco Cornejo; Gerardo Zelaya,Finis Terrae University,"con DOI, y ese DOI no está en el universo",V2-26_obra_institucional_fuera_del_universo,media,"OpenAlex la atribuye a la institución y el universo no la tiene; puede ser producción fuera de Scopus, una atribución errónea, o un tipo documental excluido a propósito",PENDIENTE_REVISION_HUMANA,2026-08-26
https://openalex.org/W4394586309,10.37514/rle-j.2024.1.1.03,“Hacerlo A Ley” o “Hacerlo A Mi Manera”: prácticas de Literacidad Vernáculas y Escolares de Jóvenes Estudiantes en un Bachillerato Integral Comunitario,2024,article,1,Ignacio Mu�oz Silva,Finis Terrae University,"con DOI, y ese DOI no está en el universo",V2-26_obra_institucional_fuera_del_universo,media,"OpenAlex la atribuye a la institución y el universo no la tiene; puede ser producción fuera de Scopus, una atribución errónea, o un tipo documental excluido a propósito",PENDIENTE_REVISION_HUMANA,2026-08-26
https://openalex.org/W4401327711,10.22201/fesz.23958723e.2024.663,"Potencial antidiabético de extractos de Cylindropuntia imbricata (Haw.) F. M. Knuth, Opuntia engelmannii Salm-Dyck ex Engelm., Ibervillea sonorae (S. Wats.) Greene y Theobroma cacao L.",2024,article,1,Arturo Chávez-Reyes,Finis Terrae University,"con DOI, y ese DOI no está en el universo",V2-26_obra_institucional_fuera_del_universo,media,"OpenAlex la atribuye a la institución y el universo no la tiene; puede ser producción fuera de Scopus, una atribución errónea, o un tipo documental excluido a propósito",PENDIENTE_REVISION_HUMANA,2026-08-26
https://openalex.org/W4392164686,10.1002/9781394167319.ch2,Renewable Power Generation Price Prediction and Forecasting Using Machine Learning,2024,other,7,Franco Fernando Yanine,Finis Terrae University,"con DOI, y ese DOI no está en el universo",V2-26_obra_institucional_fuera_del_universo,media,"OpenAlex la atribuye a la institución y el universo no la tiene; puede ser producción fuera de Scopus, una atribución errónea, o un tipo documental excluido a propósito",PENDIENTE_REVISION_HUMANA,2026-08-26
https://openalex.org/W4394875775,10.1002/9781394205097.ch3,Smart Energy Management and Monitoring System for Electric Vehicles with IoT Integration,2024,other,6,Franco Fernando Yanine,Finis Terrae University,"con DOI, y ese DOI no está en el universo",V2-26_obra_institucional_fuera_del_universo,media,"OpenAlex la atribuye a la institución y el universo no la tiene; puede ser producción fuera de Scopus, una atribución errónea, o un tipo documental excluido a propósito",PENDIENTE_REVISION_HUMANA,2026-08-26
https://openalex.org/W4387500231,10.1101/2023.10.08.561442,The Rho GTPase Rac1 mediates exercise training adaptations,2023,preprint,4,Carlos Henríquez‐Olguín,Finis Terrae University,"con DOI, y ese DOI no está en el universo",V2-26_obra_institucional_fuera_del_universo,media,"OpenAlex la atribuye a la institución y el universo no la tiene; puede ser producción fuera de Scopus, una atribución errónea, o un tipo documental excluido a propósito",PENDIENTE_REVISION_HUMANA,2026-08-26
https://openalex.org/W4391296208,10.21203/rs.3.rs-3899327/v1,Design and deployment of a novel Decisive Algorithm to enable real-time optimal load scheduling within an Intelligent Smart Energy Management System based on IoT,2024,preprint,4,Franco Fernando Yanine,Finis Terrae University,"con DOI, y ese DOI no está en el universo",V2-26_obra_institucional_fuera_del_universo,media,"OpenAlex la atribuye a la institución y el universo no la tiene; puede ser producción fuera de Scopus, una atribución errónea, o un tipo documental excluido a propósito",PENDIENTE_REVISION_HUMANA,2026-08-26
https://openalex.org/W4365139223,10.1101/2023.04.10.535538,Reducing the Mitochondrial Oxidative Burden Alleviates Lipid-Induced Muscle Insulin Resistance in Humans,2023,preprint,3,Carlos Henríquez‐Olguín,Finis Terrae University,"con DOI, y ese DOI no está en el universo",V2-26_obra_institucional_fuera_del_universo,media,"OpenAlex la atribuye a la institución y el universo no la tiene; puede ser producción fuera de Scopus, una atribución errónea, o un tipo documental excluido a propósito",PENDIENTE_REVISION_HUMANA,2026-08-26
https://openalex.org/W4406184973,10.20944/preprints202501.0558.v1,Sustainable Recovery of Phlorotannins from Durvillaea incurvata: : Integrated Extraction and Purification with Advanced Characterization,2025,preprint,3,Pamela Raquel Rivera-Tovar; Gabriela Contreras-Contreras; María Salomé Mariotti‐Celis,Finis Terrae University,"con DOI, y ese DOI no está en el universo",V2-26_obra_institucional_fuera_del_universo,media,"OpenAlex la atribuye a la institución y el universo no la tiene; puede ser producción fuera de Scopus, una atribución errónea, o un tipo documental excluido a propósito",PENDIENTE_REVISION_HUMANA,2026-08-26
https://openalex.org/W4410768220,10.20944/preprints202505.1918.v1,Ultrasound-Assisted Extraction and Microencapsulation of Durvillaea incurvata Polyphenols: Toward a Stable Anti-Inflammatory Ingredient for Functional Foods,2025,preprint,3,María Salomé Mariotti‐Celis,Finis Terrae University,"con DOI, y ese DOI no está en el universo",V2-26_obra_institucional_fuera_del_universo,media,"OpenAlex la atribuye a la institución y el universo no la tiene; puede ser producción fuera de Scopus, una atribución errónea, o un tipo documental excluido a propósito",PENDIENTE_REVISION_HUMANA,2026-08-26
https://openalex.org/W4391789966,10.2139/ssrn.4724336,Exploring the Adsorption of Five Emerging Pollutants on Activated Carbon: A Theoretical Approach,2024,preprint,2,Yoan Hidalgo‐Rosa,Finis Terrae University,"con DOI, y ese DOI no está en el universo",V2-26_obra_institucional_fuera_del_universo,media,"OpenAlex la atribuye a la institución y el universo no la tiene; puede ser producción fuera de Scopus, una atribución errónea, o un tipo documental excluido a propósito",PENDIENTE_REVISION_HUMANA,2026-08-26
https://openalex.org/W4407037093,10.20944/preprints202501.2219.v1,Physical Activity and Technoaddiction: A Systematic Review,2025,preprint,2,Felipe Meyer,Finis Terrae University,"con DOI, y ese DOI no está en el universo",V2-26_obra_institucional_fuera_del_universo,media,"OpenAlex la atribuye a la institución y el universo no la tiene; puede ser producción fuera de Scopus, una atribución errónea, o un tipo documental excluido a propósito",PENDIENTE_REVISION_HUMANA,2026-08-26
https://openalex.org/W4414787140,10.21203/rs.3.rs-7427244/v1,Evaluation of phlorotannin bioaccessibility and antioxidant capacity stability of a safe and sustainable brown seaweed extract: role of age-related digestion changes and matrix composition,2025,preprint,2,Gonzalo Rivera-Andrades; Layla Simón; O. Castillo; María Salomé Mariotti‐Celis,Finis Terrae University,"con DOI, y ese DOI no está en el universo",V2-26_obra_institucional_fuera_del_universo,media,"OpenAlex la atribuye a la institución y el universo no la tiene; puede ser producción fuera de Scopus, una atribución errónea, o un tipo documental excluido a propósito",PENDIENTE_REVISION_HUMANA,2026-08-26
https://openalex.org/W4362595218,10.1158/1538-7445.am2023-1251,Abstract 1251: Novel potential role of m6A-demethylase FTO (fat mass and obesity) protein in colorectal cancer,2023,conference-abstract,1,Glauben T. Landskron-Ramos; Marjorie De la Fuente,Finis Terrae University,"con DOI, y ese DOI no está en el universo",V2-26_obra_institucional_fuera_del_universo,media,"OpenAlex la atribuye a la institución y el universo no la tiene; puede ser producción fuera de Scopus, una atribución errónea, o un tipo documental excluido a propósito",PENDIENTE_REVISION_HUMANA,2026-08-26
https://openalex.org/W4377967964,10.1101/2023.05.22.541782,Acute resistance exercise induces mitophagy and mitophagomes on subsarcolemmal clefts in human skeletal muscle: Focus on BNIP3L/NIX40 as a mitophagy flux marker,2023,preprint,1,Francisco Díaz‐Castro; Mauro Tuñón‐Suárez; Jorge Cancino; Hermann Zbinden‐Foncea; Mauricio Castro‐Sepúlveda,Finis Terrae University,"con DOI, y ese DOI no está en el universo",V2-26_obra_institucional_fuera_del_universo,media,"OpenAlex la atribuye a la institución y el universo no la tiene; puede ser producción fuera de Scopus, una atribución errónea, o un tipo documental excluido a propósito",PENDIENTE_REVISION_HUMANA,2026-08-26
https://openalex.org/W4380786653,10.21203/rs.3.rs-3031175/v1,"Cross-cultural Adaptation and Validation of the KOOS, JR Questionnaire for Assessing Knee Osteoarthritis in Spanish-speaking Patients",2023,preprint,1,Nicolás Olavarría,Finis Terrae University,"con DOI, y ese DOI no está en el universo",V2-26_obra_institucional_fuera_del_universo,media,"OpenAlex la atribuye a la institución y el universo no la tiene; puede ser producción fuera de Scopus, una atribución errónea, o un tipo documental excluido a propósito",PENDIENTE_REVISION_HUMANA,2026-08-26
https://openalex.org/W4388960655,10.1101/2023.11.22.23298935,Sex differences in profile and in-hospital mortality for acute stroke in Chile: data from a nationwide hospital registry,2023,preprint,1,Gabriel Cavada,Finis Terrae University,"con DOI, y ese DOI no está en el universo",V2-26_obra_institucional_fuera_del_universo,media,"OpenAlex la atribuye a la institución y el universo no la tiene; puede ser producción fuera de Scopus, una atribución errónea, o un tipo documental excluido a propósito",PENDIENTE_REVISION_HUMANA,2026-08-26
https://openalex.org/W4391302803,10.21203/rs.3.rs-3812766/v1,Effectiveness of aquatic exercise versus other therapeutic modalities in patients with knee osteoarthritis pain: A systematic review with meta-analysis,2024,preprint,1,Marisol Barahona-Vásquez; Michelle López-Chaparro; Daniela Martínez-Hernández; Roberto Ávila-Sepulveda; Mathias Orellana‐Donoso; Pablo Nova-Baeza; Alejandro Bruna-Mejías; Vanessa Suziane Probst; Héctor Gutiérrez‐Espinoza,Finis Terrae University,"con DOI, y ese DOI no está en el universo",V2-26_obra_institucional_fuera_del_universo,media,"OpenAlex la atribuye a la institución y el universo no la tiene; puede ser producción fuera de Scopus, una atribución errónea, o un tipo documental excluido a propósito",PENDIENTE_REVISION_HUMANA,2026-08-26
https://openalex.org/W4394875134,10.1002/9781394205097.ch7,Power Electronic Converters for Electric Vehicle Application,2024,other,1,Fernando Yanine,Finis Terrae University,"con DOI, y ese DOI no está en el universo",V2-26_obra_institucional_fuera_del_universo,media,"OpenAlex la atribuye a la institución y el universo no la tiene; puede ser producción fuera de Scopus, una atribución errónea, o un tipo documental excluido a propósito",PENDIENTE_REVISION_HUMANA,2026-08-26
https://openalex.org/W4396589356,10.2139/ssrn.4814606,Environmental Policies on the Systematic Risk of Critical Metals Companies,2024,preprint,1,Boris Pastén-Henríquez,Finis Terrae University,"con DOI, y ese DOI no está en el universo",V2-26_obra_institucional_fuera_del_universo,media,"OpenAlex la atribuye a la institución y el universo no la tiene; puede ser producción fuera de Scopus, una atribución errónea, o un tipo documental excluido a propósito",PENDIENTE_REVISION_HUMANA,2026-08-26
https://openalex.org/W4398863783,10.2139/ssrn.4841753,Conflicting Goals on the Road to a Sustainable Groundwater Regime,2024,preprint,1,Mauricio Sauma,Finis Terrae University,"con DOI, y ese DOI no está en el universo",V2-26_obra_institucional_fuera_del_universo,media,"OpenAlex la atribuye a la institución y el universo no la tiene; puede ser producción fuera de Scopus, una atribución errónea, o un tipo documental excluido a propósito",PENDIENTE_REVISION_HUMANA,2026-08-26
https://openalex.org/W4399324106,10.1200/jco.2024.42.16_suppl.e13163,Frequency of HER2-Low in breast cancer biopsies in Chile.,2024,conference-abstract,1,Alvaro Rivera; Nicolás Garnham,Finis Terrae University,"con DOI, y ese DOI no está en el universo",V2-26_obra_institucional_fuera_del_universo,media,"OpenAlex la atribuye a la institución y el universo no la tiene; puede ser producción fuera de Scopus, una atribución errónea, o un tipo documental excluido a propósito",PENDIENTE_REVISION_HUMANA,2026-08-26
https://openalex.org/W4399358885,10.20944/preprints202406.0175.v1,Wrinkled TiNAgNW Nanocomposites for High-Performance Flexible Electrodes on TEMPO-Oxidized Nanocellulose,2024,preprint,1,Donovan Díaz-Droguett; María José Retamal,Finis Terrae University,"con DOI, y ese DOI no está en el universo",V2-26_obra_institucional_fuera_del_universo,media,"OpenAlex la atribuye a la institución y el universo no la tiene; puede ser producción fuera de Scopus, una atribución errónea, o un tipo documental excluido a propósito",PENDIENTE_REVISION_HUMANA,2026-08-26
https://openalex.org/W4401706165,10.2139/ssrn.4927800,"Mathematical Framework for the Plastic Flow of Fine-Grained Solids, from Yield to Fracture",2024,preprint,1,Miguel Lagos,Finis Terrae University,"con DOI, y ese DOI no está en el universo",V2-26_obra_institucional_fuera_del_universo,media,"OpenAlex la atribuye a la institución y el universo no la tiene; puede ser producción fuera de Scopus, una atribución errónea, o un tipo documental excluido a propósito",PENDIENTE_REVISION_HUMANA,2026-08-26
https://openalex.org/W4404041680,10.1097/01.pcc.0001084572.70211.32,OP030 Topic: AS15–Lung: Respiratory Support/Acute Respiratory Failure/Other: RAPID WEANING PROTOCOL FOR HIGH-FLOW NASAL CANNULA IN PEDIATRIC INTENSIVE CARE: IMPACT ON SUPPORT TIMES.,2024,conference-abstract,1,Franco Díaz,Finis Terrae University,"con DOI, y ese DOI no está en el universo",V2-26_obra_institucional_fuera_del_universo,media,"OpenAlex la atribuye a la institución y el universo no la tiene; puede ser producción fuera de Scopus, una atribución errónea, o un tipo documental excluido a propósito",PENDIENTE_REVISION_HUMANA,2026-08-26
https://openalex.org/W4407161942,10.1038/s41598-025-86692-7,Publisher Correction: A systematic review and meta-analysis: prevalence and clinical implications of anatomical variants of the hepatic portal vein,2025,erratum,1,Mathias Orellana‐Donoso,Finis Terrae University,"con DOI, y ese DOI no está en el universo",V2-26_obra_institucional_fuera_del_universo,media,"OpenAlex la atribuye a la institución y el universo no la tiene; puede ser producción fuera de Scopus, una atribución errónea, o un tipo documental excluido a propósito",PENDIENTE_REVISION_HUMANA,2026-08-26
https://openalex.org/W4416391806,10.1016/j.annonc.2025.09.113,LBA96 First-line pembrolizumab-based regimens for advanced clear cell renal cell carcinoma: KEYMAKER-U03 substudy 03A,2025,conference-abstract,1,C.I. Rojas,Finis Terrae University,"con DOI, y ese DOI no está en el universo",V2-26_obra_institucional_fuera_del_universo,media,"OpenAlex la atribuye a la institución y el universo no la tiene; puede ser producción fuera de Scopus, una atribución errónea, o un tipo documental excluido a propósito",PENDIENTE_REVISION_HUMANA,2026-08-26
https://openalex.org/W4322576294,10.1016/b978-0-12-823589-8.09992-1,Contributors,2023,paratext,0,Migdalia Caridad Rusindo Arazo,Finis Terrae University,"con DOI, y ese DOI no está en el universo",V2-26_obra_institucional_fuera_del_universo,media,"OpenAlex la atribuye a la institución y el universo no la tiene; puede ser producción fuera de Scopus, una atribución errónea, o un tipo documental excluido a propósito",PENDIENTE_REVISION_HUMANA,2026-08-26
https://openalex.org/W4322754717,10.1055/s-013-56854,,2023,paratext,0,Raúl Ricardo Festa; Jorge Cancino,Finis Terrae University,"con DOI, y ese DOI no está en el universo",V2-26_obra_institucional_fuera_del_universo,media,"OpenAlex la atribuye a la institución y el universo no la tiene; puede ser producción fuera de Scopus, una atribución errónea, o un tipo documental excluido a propósito",PENDIENTE_REVISION_HUMANA,2026-08-26
https://openalex.org/W4323032813,10.22370/syt.2023.7.3639,"Para el arte no, para la historia sí: Benjamín Vicuña Mackenna y las copias de obras de arte en la Exposición del Coloniaje (1873)",2023,article,0,Pía Acevedo Méndez,Finis Terrae University,"con DOI, y ese DOI no está en el universo",V2-26_obra_institucional_fuera_del_universo,media,"OpenAlex la atribuye a la institución y el universo no la tiene; puede ser producción fuera de Scopus, una atribución errónea, o un tipo documental excluido a propósito",PENDIENTE_REVISION_HUMANA,2026-08-26
https://openalex.org/W4327497333,10.2139/ssrn.4385825,Forecasting Lithium Prices,2023,preprint,0,Nicolás Hardy,Finis Terrae University,"con DOI, y ese DOI no está en el universo",V2-26_obra_institucional_fuera_del_universo,media,"OpenAlex la atribuye a la institución y el universo no la tiene; puede ser producción fuera de Scopus, una atribución errónea, o un tipo documental excluido a propósito",PENDIENTE_REVISION_HUMANA,2026-08-26
https://openalex.org/W4328054239,10.1016/j.aohep.2023.101051,OP-2 PREVALENCE OF NON-ALCOHOLIC FATTY LIVER DISEASE AND ITS ASSOCIATION WITH PHYSICAL ACTIVITY LEVELS AMONG ADULTS IN CHILE,2023,article,0,Rodrigo Fernández‐Verdejo,Finis Terrae University,"con DOI, y ese DOI no está en el universo",V2-26_obra_institucional_fuera_del_universo,media,"OpenAlex la atribuye a la institución y el universo no la tiene; puede ser producción fuera de Scopus, una atribución errónea, o un tipo documental excluido a propósito",PENDIENTE_REVISION_HUMANA,2026-08-26
https://openalex.org/W4362543492,10.1158/1538-7445.am2023-2707,Abstract 2707: Therapeutic effects of WT1 silencing by respiratory administration of liposomal siRNA in a melanoma murine model,2023,conference-abstract,0,Arturo Chávez‐Reyes,Finis Terrae University,"con DOI, y ese DOI no está en el universo",V2-26_obra_institucional_fuera_del_universo,media,"OpenAlex la atribuye a la institución y el universo no la tiene; puede ser producción fuera de Scopus, una atribución errónea, o un tipo documental excluido a propósito",PENDIENTE_REVISION_HUMANA,2026-08-26
https://openalex.org/W4366413472,10.55223/bej.2,Feedback and winning-losing probability effects on economic behavior in risky choices decision-making,2023,article,0,Mauricio A. Valle,Finis Terrae University,"con DOI, y ese DOI no está en el universo",V2-26_obra_institucional_fuera_del_universo,media,"OpenAlex la atribuye a la institución y el universo no la tiene; puede ser producción fuera de Scopus, una atribución errónea, o un tipo documental excluido a propósito",PENDIENTE_REVISION_HUMANA,2026-08-26
https://openalex.org/W4367031332,10.4067/s0718-48162023000100077,"Cirugía de cornetes inferiores en población pediátrica: ¿Cómo, cuándo y por qué?",2023,article,0,María Victoria Ried G.,Finis Terrae University,"con DOI, y ese DOI no está en el universo",V2-26_obra_institucional_fuera_del_universo,media,"OpenAlex la atribuye a la institución y el universo no la tiene; puede ser producción fuera de Scopus, una atribución errónea, o un tipo documental excluido a propósito",PENDIENTE_REVISION_HUMANA,2026-08-26
https://openalex.org/W4367031756,10.4067/s0718-48162023000100030,Colesteatoma congénito: caso clínico y revisión de literatura,2023,article,0,Ilson Sepúlveda A.,Finis Terrae University,"con DOI, y ese DOI no está en el universo",V2-26_obra_institucional_fuera_del_universo,media,"OpenAlex la atribuye a la institución y el universo no la tiene; puede ser producción fuera de Scopus, una atribución errónea, o un tipo documental excluido a propósito",PENDIENTE_REVISION_HUMANA,2026-08-26
https://openalex.org/W4377047048,10.1055/s-0043-1760860,Hipoxia e hipersensibilidad de tipo IV: patogenia dual en reacciones a implantes de cadera,2023,article,0,Mauricio Quezada,Finis Terrae University,"con DOI, y ese DOI no está en el universo",V2-26_obra_institucional_fuera_del_universo,media,"OpenAlex la atribuye a la institución y el universo no la tiene; puede ser producción fuera de Scopus, una atribución errónea, o un tipo documental excluido a propósito",PENDIENTE_REVISION_HUMANA,2026-08-26
https://openalex.org/W4379528067,10.2139/ssrn.4470314,A model of banking without fiat money,2023,preprint,0,Carlos J. Pérez,Finis Terrae University,"con DOI, y ese DOI no está en el universo",V2-26_obra_institucional_fuera_del_universo,media,"OpenAlex la atribuye a la institución y el universo no la tiene; puede ser producción fuera de Scopus, una atribución errónea, o un tipo documental excluido a propósito",PENDIENTE_REVISION_HUMANA,2026-08-26
https://openalex.org/W4380536268,10.38123/rre.v3i1.297,Presentación,2023,editorial,0,Sebastián Escobar González,Finis Terrae University,"con DOI, y ese DOI no está en el universo",V2-26_obra_institucional_fuera_del_universo,media,"OpenAlex la atribuye a la institución y el universo no la tiene; puede ser producción fuera de Scopus, una atribución errónea, o un tipo documental excluido a propósito",PENDIENTE_REVISION_HUMANA,2026-08-26
https://openalex.org/W4380682520,10.38123/rer.v2i6.341,Agradecimientos,2023,article,0,Javier Díaz Tejo,Finis Terrae University,"con DOI, y ese DOI no está en el universo",V2-26_obra_institucional_fuera_del_universo,media,"OpenAlex la atribuye a la institución y el universo no la tiene; puede ser producción fuera de Scopus, una atribución errónea, o un tipo documental excluido a propósito",PENDIENTE_REVISION_HUMANA,2026-08-26
https://openalex.org/W4380682754,10.38123/rer.v2i6.340,Editorial,2023,editorial,0,Javier Díaz Tejo,Finis Terrae University,"con DOI, y ese DOI no está en el universo",V2-26_obra_institucional_fuera_del_universo,media,"OpenAlex la atribuye a la institución y el universo no la tiene; puede ser producción fuera de Scopus, una atribución errónea, o un tipo documental excluido a propósito",PENDIENTE_REVISION_HUMANA,2026-08-26
https://openalex.org/W4381623615,10.26448/ae9789566095835.76,1957: El proletariado invade Santiago,2023,book,0,Luis Thielemann,Finis Terrae University,"con DOI, y ese DOI no está en el universo",V2-26_obra_institucional_fuera_del_universo,media,"OpenAlex la atribuye a la institución y el universo no la tiene; puede ser producción fuera de Scopus, una atribución errónea, o un tipo documental excluido a propósito",PENDIENTE_REVISION_HUMANA,2026-08-26
https://openalex.org/W4382238612,10.7554/elife.83338.sa2,Author response: Microtubule-mediated GLUT4 trafficking is disrupted in insulin-resistant skeletal muscle,2023,peer-review,0,Carlos Henríquez‐Olguín,Finis Terrae University,"con DOI, y ese DOI no está en el universo",V2-26_obra_institucional_fuera_del_universo,media,"OpenAlex la atribuye a la institución y el universo no la tiene; puede ser producción fuera de Scopus, una atribución errónea, o un tipo documental excluido a propósito",PENDIENTE_REVISION_HUMANA,2026-08-26
https://openalex.org/W4382239021,10.12804/revistas.urosario.edu.co/empresa/a.12197,¿Cuál es el perfil de nuestros estudiantes universitarios? Características del comportamiento emprendedor en el sur de Chile,2023,article,0,Katherine Mansilla‐Obando,Finis Terrae University,"con DOI, y ese DOI no está en el universo",V2-26_obra_institucional_fuera_del_universo,media,"OpenAlex la atribuye a la institución y el universo no la tiene; puede ser producción fuera de Scopus, una atribución errónea, o un tipo documental excluido a propósito",PENDIENTE_REVISION_HUMANA,2026-08-26
https://openalex.org/W4382938109,10.35692/07183992.16.1.6,Predicción de tipos de cambio utilizando monedas MILA con Google Trends,2023,article,0,Michelle Sepúlveda; Francisca Menéndez,Finis Terrae University,"con DOI, y ese DOI no está en el universo",V2-26_obra_institucional_fuera_del_universo,media,"OpenAlex la atribuye a la institución y el universo no la tiene; puede ser producción fuera de Scopus, una atribución errónea, o un tipo documental excluido a propósito",PENDIENTE_REVISION_HUMANA,2026-08-26
https://openalex.org/W4384007538,10.4067/s0719-689x2023000100111,Una reconsideración del objeto formal de la vis cogitativa: la aprehensión del individuo ut existens sub natura communi,2023,article,0,Hernán Muszalski,Finis Terrae University,"con DOI, y ese DOI no está en el universo",V2-26_obra_institucional_fuera_del_universo,media,"OpenAlex la atribuye a la institución y el universo no la tiene; puede ser producción fuera de Scopus, una atribución errónea, o un tipo documental excluido a propósito",PENDIENTE_REVISION_HUMANA,2026-08-26
https://openalex.org/W4384559780,10.36253/cromohs-14250,Ladino Istoriah de Iesus natsareno (EH 47 D 10) as the Vorlage for the Huldricus version of the Toledot Yeshu,2023,article,0,Ignacio Chuecas Saldías,Finis Terrae University,"con DOI, y ese DOI no está en el universo",V2-26_obra_institucional_fuera_del_universo,media,"OpenAlex la atribuye a la institución y el universo no la tiene; puede ser producción fuera de Scopus, una atribución errónea, o un tipo documental excluido a propósito",PENDIENTE_REVISION_HUMANA,2026-08-26
https://openalex.org/W4385325099,10.5354/2452-5014.2023.71398,Propuesta de una matriz de evaluación de la intencionalidad del desarrollo del pensamiento crítico en el currículum implementado y evaluado,2023,article,0,Claudia Alejandra Vásquez Alvarado,Finis Terrae University,"con DOI, y ese DOI no está en el universo",V2-26_obra_institucional_fuera_del_universo,media,"OpenAlex la atribuye a la institución y el universo no la tiene; puede ser producción fuera de Scopus, una atribución errónea, o un tipo documental excluido a propósito",PENDIENTE_REVISION_HUMANA,2026-08-26
https://openalex.org/W4385410375,10.22352/saustral20232905,La Pareja pedagógica como experiencia práctica para el desarrollo de desempeños colaborativos desde la interdisciplina en el ejercicio de la profesión docente,2023,article,0,David Jacob Pérez Carrillo,Finis Terrae University,"con DOI, y ese DOI no está en el universo",V2-26_obra_institucional_fuera_del_universo,media,"OpenAlex la atribuye a la institución y el universo no la tiene; puede ser producción fuera de Scopus, una atribución errónea, o un tipo documental excluido a propósito",PENDIENTE_REVISION_HUMANA,2026-08-26
https://openalex.org/W4385625499,10.38123/rre.v3i2.352,Presentación,2023,editorial,0,Sebastián Escobar González,Finis Terrae University,"con DOI, y ese DOI no está en el universo",V2-26_obra_institucional_fuera_del_universo,media,"OpenAlex la atribuye a la institución y el universo no la tiene; puede ser producción fuera de Scopus, una atribución errónea, o un tipo documental excluido a propósito",PENDIENTE_REVISION_HUMANA,2026-08-26
https://openalex.org/W4385625504,10.38123/rre.v3i2.301,Estrategias didácticas en el desarrollo del conteo para niños/as de 3 a 6 años,2023,article,0,Carla Godinez Castillo,Finis Terrae University,"con DOI, y ese DOI no está en el universo",V2-26_obra_institucional_fuera_del_universo,media,"OpenAlex la atribuye a la institución y el universo no la tiene; puede ser producción fuera de Scopus, una atribución errónea, o un tipo documental excluido a propósito",PENDIENTE_REVISION_HUMANA,2026-08-26
https://openalex.org/W4385626157,10.4067/s0718-48162023000200206,Traqueotomía percutánea guiada por ultrasonografía en tiempo real. Revisión de la literatura,2023,article,0,Ilson Sepúlveda A.,Finis Terrae University,"con DOI, y ese DOI no está en el universo",V2-26_obra_institucional_fuera_del_universo,media,"OpenAlex la atribuye a la institución y el universo no la tiene; puede ser producción fuera de Scopus, una atribución errónea, o un tipo documental excluido a propósito",PENDIENTE_REVISION_HUMANA,2026-08-26
https://openalex.org/W4385626283,10.4067/s0718-48162023000200141,Cirugía de desfuncionalización de glándulas salivales mayores en sialorrea masiva,2023,article,0,Ilson Sepúlveda A.,Finis Terrae University,"con DOI, y ese DOI no está en el universo",V2-26_obra_institucional_fuera_del_universo,media,"OpenAlex la atribuye a la institución y el universo no la tiene; puede ser producción fuera de Scopus, una atribución errónea, o un tipo documental excluido a propósito",PENDIENTE_REVISION_HUMANA,2026-08-26
https://openalex.org/W4386072453,10.15517/es.v83i1.54259,Mediaciones tecnológicas del deseo homosexual: un análisis de la exposición “De Ansia y Pudor”,2023,article,0,Valeria Radrigán,Finis Terrae University,"con DOI, y ese DOI no está en el universo",V2-26_obra_institucional_fuera_del_universo,media,"OpenAlex la atribuye a la institución y el universo no la tiene; puede ser producción fuera de Scopus, una atribución errónea, o un tipo documental excluido a propósito",PENDIENTE_REVISION_HUMANA,2026-08-26
https://openalex.org/W4386632044,10.32608/2305-8773-2023-39-1-39-55,“Unidad Popular” in Chile and the Theory of Dual Power in the Works of Rene Zavaleta Mercado,2023,article,0,Universidad Finis Terrae; Manuel Loyola,Finis Terrae University,"con DOI, y ese DOI no está en el universo",V2-26_obra_institucional_fuera_del_universo,media,"OpenAlex la atribuye a la institución y el universo no la tiene; puede ser producción fuera de Scopus, una atribución errónea, o un tipo documental excluido a propósito",PENDIENTE_REVISION_HUMANA,2026-08-26
https://openalex.org/W4387384244,10.35588/pp.v15i2.5773,Análisis y Evaluación del Sistema de Educación Pública Creado por Ley N°21.040 a la Luz de la Formulación de Políticas Públicas en Educación,2023,article,0,Alfredo Ignacio Romero Labra,Finis Terrae University,"con DOI, y ese DOI no está en el universo",V2-26_obra_institucional_fuera_del_universo,media,"OpenAlex la atribuye a la institución y el universo no la tiene; puede ser producción fuera de Scopus, una atribución errónea, o un tipo documental excluido a propósito",PENDIENTE_REVISION_HUMANA,2026-08-26
https://openalex.org/W4387455687,10.33196/zoer202303043701,Measuring Conceptual and Argumentative Diversity by Constitutional Courts in Latin America and the Caribbean,2023,article,0,Pier Paolo Pigozzi,Finis Terrae University,"con DOI, y ese DOI no está en el universo",V2-26_obra_institucional_fuera_del_universo,media,"OpenAlex la atribuye a la institución y el universo no la tiene; puede ser producción fuera de Scopus, una atribución errónea, o un tipo documental excluido a propósito",PENDIENTE_REVISION_HUMANA,2026-08-26
https://openalex.org/W4388430209,10.35366/113219,Tratamiento de fractura bilateral de tuberosidad anterior de la tibia en una adolescente,2023,article,0,José Torrealba Araujo,Finis Terrae University,"con DOI, y ese DOI no está en el universo",V2-26_obra_institucional_fuera_del_universo,media,"OpenAlex la atribuye a la institución y el universo no la tiene; puede ser producción fuera de Scopus, una atribución errónea, o un tipo documental excluido a propósito",PENDIENTE_REVISION_HUMANA,2026-08-26
https://openalex.org/W4388430219,10.35366/113220,Tratamiento de pinzamiento femoroacetabular tratado con luxación controlada,2023,article,0,José Torrealba-Araujo,Finis Terrae University,"con DOI, y ese DOI no está en el universo",V2-26_obra_institucional_fuera_del_universo,media,"OpenAlex la atribuye a la institución y el universo no la tiene; puede ser producción fuera de Scopus, una atribución errónea, o un tipo documental excluido a propósito",PENDIENTE_REVISION_HUMANA,2026-08-26
https://openalex.org/W4388635596,10.21203/rs.3.rs-3536750/v1,Estimation of ventilatory thresholds during exercise using respiratory wearable sensors,2023,preprint,0,Jorge Cancino,Finis Terrae University,"con DOI, y ese DOI no está en el universo",V2-26_obra_institucional_fuera_del_universo,media,"OpenAlex la atribuye a la institución y el universo no la tiene; puede ser producción fuera de Scopus, una atribución errónea, o un tipo documental excluido a propósito",PENDIENTE_REVISION_HUMANA,2026-08-26
https://openalex.org/W4389030935,10.1093/ofid/ofad500.1518,"1685. Epidemiological and microbiological characteristics of S. aureus pediatric infections in Colombia 2018-2022, a National Multicenter Study: Staphylored Colombia",2023,article,0,Cristóbal Carvajal,Finis Terrae University,"con DOI, y ese DOI no está en el universo",V2-26_obra_institucional_fuera_del_universo,media,"OpenAlex la atribuye a la institución y el universo no la tiene; puede ser producción fuera de Scopus, una atribución errónea, o un tipo documental excluido a propósito",PENDIENTE_REVISION_HUMANA,2026-08-26
https://openalex.org/W4389250471,10.6018/edumed.569191,New methodological strategy for online teaching-learning with “Digital Capsules”,2023,article,0,Lucía Santelices Cuevas; Caterina Tiscornia,Finis Terrae University,"con DOI, y ese DOI no está en el universo",V2-26_obra_institucional_fuera_del_universo,media,"OpenAlex la atribuye a la institución y el universo no la tiene; puede ser producción fuera de Scopus, una atribución errónea, o un tipo documental excluido a propósito",PENDIENTE_REVISION_HUMANA,2026-08-26
https://openalex.org/W4389441765,10.1007/978-3-031-36310-8_25,Krafttraining für Schwimmer,2023,book-chapter,0,Iñigo Mujika,Finis Terrae University,"con DOI, y ese DOI no está en el universo",V2-26_obra_institucional_fuera_del_universo,media,"OpenAlex la atribuye a la institución y el universo no la tiene; puede ser producción fuera de Scopus, una atribución errónea, o un tipo documental excluido a propósito",PENDIENTE_REVISION_HUMANA,2026-08-26
https://openalex.org/W4389689076,10.38123/rer.v2i7.394,Agradecimientos,2023,article,0,Javier Díaz Tejo,Finis Terrae University,"con DOI, y ese DOI no está en el universo",V2-26_obra_institucional_fuera_del_universo,media,"OpenAlex la atribuye a la institución y el universo no la tiene; puede ser producción fuera de Scopus, una atribución errónea, o un tipo documental excluido a propósito",PENDIENTE_REVISION_HUMANA,2026-08-26
https://openalex.org/W4389689155,10.38123/rer.v2i7.384,Religión y cultura católicas a través de los sellos postales chilenos de la segunda mitad del siglo XX,2023,article,0,Elena Romero,Finis Terrae University,"con DOI, y ese DOI no está en el universo",V2-26_obra_institucional_fuera_del_universo,media,"OpenAlex la atribuye a la institución y el universo no la tiene; puede ser producción fuera de Scopus, una atribución errónea, o un tipo documental excluido a propósito",PENDIENTE_REVISION_HUMANA,2026-08-26
https://openalex.org/W4389689161,10.38123/rer.v2i7.359,Bien común: la relevancia del pensamiento económico de Alberto Hurtado en el Chile actual,2023,article,0,Patricio Torres,Finis Terrae University,"con DOI, y ese DOI no está en el universo",V2-26_obra_institucional_fuera_del_universo,media,"OpenAlex la atribuye a la institución y el universo no la tiene; puede ser producción fuera de Scopus, una atribución errónea, o un tipo documental excluido a propósito",PENDIENTE_REVISION_HUMANA,2026-08-26
https://openalex.org/W4389919975,10.59334/rov.v2i39.590,Stomatological management of anticoagulated patients undergoing oral surgery: a narrative review. [English translation-Original in Spanish],2023,review,0,Javiera Cancino,Finis Terrae University,"con DOI, y ese DOI no está en el universo",V2-26_obra_institucional_fuera_del_universo,media,"OpenAlex la atribuye a la institución y el universo no la tiene; puede ser producción fuera de Scopus, una atribución errónea, o un tipo documental excluido a propósito",PENDIENTE_REVISION_HUMANA,2026-08-26
https://openalex.org/W4390061782,10.32466/eufv-xg.2023.6.761.53-63,"El mecanismo del Rechazo Populista según Girard, Sandel y Haidt",2023,article,0,James Andrew Cleary,Finis Terrae University,"con DOI, y ese DOI no está en el universo",V2-26_obra_institucional_fuera_del_universo,media,"OpenAlex la atribuye a la institución y el universo no la tiene; puede ser producción fuera de Scopus, una atribución errónea, o un tipo documental excluido a propósito",PENDIENTE_REVISION_HUMANA,2026-08-26
https://openalex.org/W4390112545,10.46981/sfjhv4n1-019,Tratamiento de no unión de tibia con el método de ilizarov,2023,article,0,Agustín José Cruz Bihan; José Tomás Correa Ortiz; Roxanna María Salas Gianini,Finis Terrae University,"con DOI, y ese DOI no está en el universo",V2-26_obra_institucional_fuera_del_universo,media,"OpenAlex la atribuye a la institución y el universo no la tiene; puede ser producción fuera de Scopus, una atribución errónea, o un tipo documental excluido a propósito",PENDIENTE_REVISION_HUMANA,2026-08-26
https://openalex.org/W4390116335,10.55720/respirar.15.4.2,Detección de tromboembolismo pulmonar en pacientes con COVID-19: descripción de una cohorte en un hospital terciario chileno,2023,article,0,Andres Giglio Jimenez; F Hoffmann,Finis Terrae University,"con DOI, y ese DOI no está en el universo",V2-26_obra_institucional_fuera_del_universo,media,"OpenAlex la atribuye a la institución y el universo no la tiene; puede ser producción fuera de Scopus, una atribución errónea, o un tipo documental excluido a propósito",PENDIENTE_REVISION_HUMANA,2026-08-26
https://openalex.org/W4390234953,10.29011/2574-7754.101547,Low-Grade Cartilaginous Vertebral Tumor: A Rare Cause of Spinal Cord Compression,2023,article,0,Marcelo Molina,Finis Terrae University,"con DOI, y ese DOI no está en el universo",V2-26_obra_institucional_fuera_del_universo,media,"OpenAlex la atribuye a la institución y el universo no la tiene; puede ser producción fuera de Scopus, una atribución errónea, o un tipo documental excluido a propósito",PENDIENTE_REVISION_HUMANA,2026-08-26
https://openalex.org/W4390235780,10.29011/2574-7754.101546,Posterior Hemivertebrectomy for Correction of Congenital Kyphosis in Adulthood. Case Report and Literature Review,2023,article,0,Marcelo Molina; José Vicente Ballesteros,Finis Terrae University,"con DOI, y ese DOI no está en el universo",V2-26_obra_institucional_fuera_del_universo,media,"OpenAlex la atribuye a la institución y el universo no la tiene; puede ser producción fuera de Scopus, una atribución errónea, o un tipo documental excluido a propósito",PENDIENTE_REVISION_HUMANA,2026-08-26
https://openalex.org/W4390406108,10.1101/2023.12.28.23300545,Study Protocol and Rationale of “The UP Project”: Evaluating the Effectiveness of Active Breaks on Health Indicators in Desk-Based Workers,2023,preprint,0,Jorge Cancino-López,Finis Terrae University,"con DOI, y ese DOI no está en el universo",V2-26_obra_institucional_fuera_del_universo,media,"OpenAlex la atribuye a la institución y el universo no la tiene; puede ser producción fuera de Scopus, una atribución errónea, o un tipo documental excluido a propósito",PENDIENTE_REVISION_HUMANA,2026-08-26
https://openalex.org/W4390499698,10.5354/0719-2584.2023.60963,La relación persona humana y técnica. Ensayo de antropología jurídica,2023,article,0,Ian Henríquez Herrera,Finis Terrae University,"con DOI, y ese DOI no está en el universo",V2-26_obra_institucional_fuera_del_universo,media,"OpenAlex la atribuye a la institución y el universo no la tiene; puede ser producción fuera de Scopus, una atribución errónea, o un tipo documental excluido a propósito",PENDIENTE_REVISION_HUMANA,2026-08-26
https://openalex.org/W4390548755,10.38123/psip.1,"Cuaderno 1: La Psicología de la Gestalt, Contexto Histórico y Fundamentos Filosóficos",2023,article,0,Bernardita M. Cubillos Muñoz; Valentina Velarde Lizama,Finis Terrae University,"con DOI, y ese DOI no está en el universo",V2-26_obra_institucional_fuera_del_universo,media,"OpenAlex la atribuye a la institución y el universo no la tiene; puede ser producción fuera de Scopus, una atribución errónea, o un tipo documental excluido a propósito",PENDIENTE_REVISION_HUMANA,2026-08-26
https://openalex.org/W4390591497,10.5027/pucv.book.978-956-17-1050-4,"Instrumentos Modernos. Objetos, Usos y Transformaciones (Siglos XVI - XVIII)",2023,book,0,Carmen Channing Eberhard,Finis Terrae University,"con DOI, y ese DOI no está en el universo",V2-26_obra_institucional_fuera_del_universo,media,"OpenAlex la atribuye a la institución y el universo no la tiene; puede ser producción fuera de Scopus, una atribución errónea, o un tipo documental excluido a propósito",PENDIENTE_REVISION_HUMANA,2026-08-26
https://openalex.org/W4390637747,10.29011/2577-2252.100150,Analysis of Predictors for Spinal Fusion in Degenerative Lumbar Stenosis in Chile Based on Diagnosis-Related Groups,2024,article,0,Marcelo Molina; Lorena Salvo,Finis Terrae University,"con DOI, y ese DOI no está en el universo",V2-26_obra_institucional_fuera_del_universo,media,"OpenAlex la atribuye a la institución y el universo no la tiene; puede ser producción fuera de Scopus, una atribución errónea, o un tipo documental excluido a propósito",PENDIENTE_REVISION_HUMANA,2026-08-26
https://openalex.org/W4390664642,10.21203/rs.3.rs-3822596/v1,Reliability of industrial-scale telescopes in the event of seismic failures,2024,preprint,0,Esnil Guevara,Finis Terrae University,"con DOI, y ese DOI no está en el universo",V2-26_obra_institucional_fuera_del_universo,media,"OpenAlex la atribuye a la institución y el universo no la tiene; puede ser producción fuera de Scopus, una atribución errónea, o un tipo documental excluido a propósito",PENDIENTE_REVISION_HUMANA,2026-08-26
https://openalex.org/W4390995361,10.4067/s0717-71942023000100495,De “apolíticas” a militantes. La incorporación de mujeres al Partido Conservador chileno (1934-1952),2023,article,0,Andrea Botto Stuven,Finis Terrae University,"con DOI, y ese DOI no está en el universo",V2-26_obra_institucional_fuera_del_universo,media,"OpenAlex la atribuye a la institución y el universo no la tiene; puede ser producción fuera de Scopus, una atribución errónea, o un tipo documental excluido a propósito",PENDIENTE_REVISION_HUMANA,2026-08-26
https://openalex.org/W4391071401,10.1016/j.aehs.2024.01.001,"Physical activity levels, gut permeability, circulating inflammatory cytokines and TLR4 signalling in PBMCs of COVID-19 patients",2024,article,0,Hermann Zbinden‐Foncea; Germán Tapia‐Curimil; Mauro Tuñón‐Suárez; Mauricio Castro‐Sepúlveda; Jocelyn Fuentes,Finis Terrae University,"con DOI, y ese DOI no está en el universo",V2-26_obra_institucional_fuera_del_universo,media,"OpenAlex la atribuye a la institución y el universo no la tiene; puede ser producción fuera de Scopus, una atribución errónea, o un tipo documental excluido a propósito",PENDIENTE_REVISION_HUMANA,2026-08-26
https://openalex.org/W4391444321,10.26502/jsr.10020336,RECOSAN Tumors Study: Analysis of Patients with Spine Surgery due to Oncologic Pathology,2024,article,0,Marcelo Molina,Finis Terrae University,"con DOI, y ese DOI no está en el universo",V2-26_obra_institucional_fuera_del_universo,media,"OpenAlex la atribuye a la institución y el universo no la tiene; puede ser producción fuera de Scopus, una atribución errónea, o un tipo documental excluido a propósito",PENDIENTE_REVISION_HUMANA,2026-08-26
https://openalex.org/W4391550598,10.22430/21457778.2787,Transiciones sociotécnicas e innovaciones de nicho en el gobierno de las universidades estatales chilenas: un estudio de caso transformativo,2023,article,0,Francisca Puyol,Finis Terrae University,"con DOI, y ese DOI no está en el universo",V2-26_obra_institucional_fuera_del_universo,media,"OpenAlex la atribuye a la institución y el universo no la tiene; puede ser producción fuera de Scopus, una atribución errónea, o un tipo documental excluido a propósito",PENDIENTE_REVISION_HUMANA,2026-08-26
https://openalex.org/W4392157702,10.1016/j.aohep.2023.101273,O- 23 STRATEGIES TO ELIMINATE HEPATITIS C VIRUS INFECTION IN THE AMERICAS,2024,article,0,José Miguel Fuentealba,Finis Terrae University,"con DOI, y ese DOI no está en el universo",V2-26_obra_institucional_fuera_del_universo,media,"OpenAlex la atribuye a la institución y el universo no la tiene; puede ser producción fuera de Scopus, una atribución errónea, o un tipo documental excluido a propósito",PENDIENTE_REVISION_HUMANA,2026-08-26
https://openalex.org/W4392412095,10.15691/24524476vol6iss1a417,"Dos problemas en la división de las causas: Número y ser en acto o en potencia en ""De principiis naturae"" 5",2023,article,0,Universidad Finis Terrae; Thomas Rego,Finis Terrae University,"con DOI, y ese DOI no está en el universo",V2-26_obra_institucional_fuera_del_universo,media,"OpenAlex la atribuye a la institución y el universo no la tiene; puede ser producción fuera de Scopus, una atribución errónea, o un tipo documental excluido a propósito",PENDIENTE_REVISION_HUMANA,2026-08-26
https://openalex.org/W4392642363,10.38123/rre.v4i1.363,mar sin orillas,2024,article,0,Valentina Velarde Lizama,Finis Terrae University,"con DOI, y ese DOI no está en el universo",V2-26_obra_institucional_fuera_del_universo,media,"OpenAlex la atribuye a la institución y el universo no la tiene; puede ser producción fuera de Scopus, una atribución errónea, o un tipo documental excluido a propósito",PENDIENTE_REVISION_HUMANA,2026-08-26
https://openalex.org/W4392650817,10.11648/j.ijcd.20240701.12,Use of Abzolem ® in Pressure Injuries: Experience of an Exploratory Study,2024,article,0,Dan Hartmann,Finis Terrae University,"con DOI, y ese DOI no está en el universo",V2-26_obra_institucional_fuera_del_universo,media,"OpenAlex la atribuye a la institución y el universo no la tiene; puede ser producción fuera de Scopus, una atribución errónea, o un tipo documental excluido a propósito",PENDIENTE_REVISION_HUMANA,2026-08-26
https://openalex.org/W4392664984,10.38123/rre.v4i1.414,Presentación,2024,editorial,0,Sebastián Escobar González,Finis Terrae University,"con DOI, y ese DOI no está en el universo",V2-26_obra_institucional_fuera_del_universo,media,"OpenAlex la atribuye a la institución y el universo no la tiene; puede ser producción fuera de Scopus, una atribución errónea, o un tipo documental excluido a propósito",PENDIENTE_REVISION_HUMANA,2026-08-26
https://openalex.org/W4392964417,10.4236/mri.2024.131001,Treatment of Vulvovaginal Candidiasis with A Strategy Based on Phototherapy (M.A.C.® Scar Acceleration Method),2024,article,0,Esteban Fortuny,Finis Terrae University,"con DOI, y ese DOI no está en el universo",V2-26_obra_institucional_fuera_del_universo,media,"OpenAlex la atribuye a la institución y el universo no la tiene; puede ser producción fuera de Scopus, una atribución errónea, o un tipo documental excluido a propósito",PENDIENTE_REVISION_HUMANA,2026-08-26
https://openalex.org/W4393068470,10.15443/codes2047,Preconcepciones identitarias de aspirantes a profesores de un Programa de Pedagogía Media de la ciudad de Santiago de Chile,2023,article,0,David Pérez,Finis Terrae University,"con DOI, y ese DOI no está en el universo",V2-26_obra_institucional_fuera_del_universo,media,"OpenAlex la atribuye a la institución y el universo no la tiene; puede ser producción fuera de Scopus, una atribución errónea, o un tipo documental excluido a propósito",PENDIENTE_REVISION_HUMANA,2026-08-26
https://openalex.org/W4393100713,10.15691/0718-5448vol6iss1a417,"Dos problemas en la división de las causas: número y ser en acto o en potencia en ""De principiis naturae"" 5",2023,article,0,T J Rego,Finis Terrae University,"con DOI, y ese DOI no está en el universo",V2-26_obra_institucional_fuera_del_universo,media,"OpenAlex la atribuye a la institución y el universo no la tiene; puede ser producción fuera de Scopus, una atribución errónea, o un tipo documental excluido a propósito",PENDIENTE_REVISION_HUMANA,2026-08-26
https://openalex.org/W4393338422,10.1016/j.jcrc.2024.154651,Experiences of clinical and non-clinical staff from a private critical patient center with in-situ simulation,2024,article,0,Andrés Contreras; Andres Giglio Jimenez,Finis Terrae University,"con DOI, y ese DOI no está en el universo",V2-26_obra_institucional_fuera_del_universo,media,"OpenAlex la atribuye a la institución y el universo no la tiene; puede ser producción fuera de Scopus, una atribución errónea, o un tipo documental excluido a propósito",PENDIENTE_REVISION_HUMANA,2026-08-26
https://openalex.org/W4393338460,10.1016/j.jcrc.2024.154654,Efficacy of hemoadsorptive therapy in the management of refractory septic shock in a non-concurrent cohort,2024,article,0,Rodrigo Kemeny; Andrés Giglio; Andrés Fernández-Ramos; Antonio Arroyo; Andrés Ferre,Finis Terrae University,"con DOI, y ese DOI no está en el universo",V2-26_obra_institucional_fuera_del_universo,media,"OpenAlex la atribuye a la institución y el universo no la tiene; puede ser producción fuera de Scopus, una atribución errónea, o un tipo documental excluido a propósito",PENDIENTE_REVISION_HUMANA,2026-08-26
https://openalex.org/W4393338469,10.1016/j.jcrc.2024.154659,Prevalence of coma in critical and coronary care units: A cross-sectional study in Chile on World Coma Day,2024,article,0,Andrés Giglio; A. Reccius; Cristóbal Carvajal; César Pedreros; Andrés Ferre,Finis Terrae University,"con DOI, y ese DOI no está en el universo",V2-26_obra_institucional_fuera_del_universo,media,"OpenAlex la atribuye a la institución y el universo no la tiene; puede ser producción fuera de Scopus, una atribución errónea, o un tipo documental excluido a propósito",PENDIENTE_REVISION_HUMANA,2026-08-26
https://openalex.org/W4393352300,10.11565/arsmed.v49i1.2059,"La cirugía del corazón: pasado, presente y futuro",2024,article,0,Ricardo Zalaquett Sepúlveda,Finis Terrae University,"con DOI, y ese DOI no está en el universo",V2-26_obra_institucional_fuera_del_universo,media,"OpenAlex la atribuye a la institución y el universo no la tiene; puede ser producción fuera de Scopus, una atribución errónea, o un tipo documental excluido a propósito",PENDIENTE_REVISION_HUMANA,2026-08-26
https://openalex.org/W4393372670,10.1007/978-3-031-49382-9_5,"Venezuelan Investment Arbitration Experience: From Unilateral Termination of Dutch Treaty, the Denunciation of ICSID Convention to Its Continued Participation as Respondent State in Investment Arbitration",2024,book-chapter,0,Ivette Esis Villarroel,Finis Terrae University,"con DOI, y ese DOI no está en el universo",V2-26_obra_institucional_fuera_del_universo,media,"OpenAlex la atribuye a la institución y el universo no la tiene; puede ser producción fuera de Scopus, una atribución errónea, o un tipo documental excluido a propósito",PENDIENTE_REVISION_HUMANA,2026-08-26
https://openalex.org/W4393374865,10.20453/reh.v34i1.5325,Inteligencia artificial en radiología maxilofacial: ¿amenaza o herramienta?,2024,article,0,Daniel Pinto Agüero,Finis Terrae University,"con DOI, y ese DOI no está en el universo",V2-26_obra_institucional_fuera_del_universo,media,"OpenAlex la atribuye a la institución y el universo no la tiene; puede ser producción fuera de Scopus, una atribución errónea, o un tipo documental excluido a propósito",PENDIENTE_REVISION_HUMANA,2026-08-26
https://openalex.org/W4393850567,10.1016/j.ekir.2024.02.819,WCN24-1422 MALNUTRITION IN HEMODIALYSIS PATIENTS WITH OR WITHOUT DIABETES,2024,article,0,Caterina Tiscornia; Fabián Vásquez,Finis Terrae University,"con DOI, y ese DOI no está en el universo",V2-26_obra_institucional_fuera_del_universo,media,"OpenAlex la atribuye a la institución y el universo no la tiene; puede ser producción fuera de Scopus, una atribución errónea, o un tipo documental excluido a propósito",PENDIENTE_REVISION_HUMANA,2026-08-26
https://openalex.org/W4393851006,10.1016/j.ekir.2024.02.593,"WCN24-2175 Priorities in nutrition of health professionals and population with CKD without dialysis, Chilean preliminary data",2024,article,0,Caterina Tiscornia,Finis Terrae University,"con DOI, y ese DOI no está en el universo",V2-26_obra_institucional_fuera_del_universo,media,"OpenAlex la atribuye a la institución y el universo no la tiene; puede ser producción fuera de Scopus, una atribución errónea, o un tipo documental excluido a propósito",PENDIENTE_REVISION_HUMANA,2026-08-26
https://openalex.org/W4394774385,10.52768/2766-7820/2587,Acute monophasic disseminated encephalomyelitis due to enterococcus faecalis. Discussion of a case not described in the literature,2023,article,0,Arroyo Antonio,Finis Terrae University,"con DOI, y ese DOI no está en el universo",V2-26_obra_institucional_fuera_del_universo,media,"OpenAlex la atribuye a la institución y el universo no la tiene; puede ser producción fuera de Scopus, una atribución errónea, o un tipo documental excluido a propósito",PENDIENTE_REVISION_HUMANA,2026-08-26
https://openalex.org/W4394798020,10.15406/ipmrj.2024.09.00369,Endoscopic gluteus medius partial tear repair with collagen patch augmentation. Clinical and imaging results,2024,article,0,Dante Parodi,Finis Terrae University,"con DOI, y ese DOI no está en el universo",V2-26_obra_institucional_fuera_del_universo,media,"OpenAlex la atribuye a la institución y el universo no la tiene; puede ser producción fuera de Scopus, una atribución errónea, o un tipo documental excluido a propósito",PENDIENTE_REVISION_HUMANA,2026-08-26
https://openalex.org/W4394807008,10.4067/s2452-55882024000100011,"Reabsorción radicular en premolares, posterior a ortodoncia de autoligado, utilizando tomografía computarizada.",2024,article,0,Rodrigo Quiroga-Del Pozo,Finis Terrae University,"con DOI, y ese DOI no está en el universo",V2-26_obra_institucional_fuera_del_universo,media,"OpenAlex la atribuye a la institución y el universo no la tiene; puede ser producción fuera de Scopus, una atribución errónea, o un tipo documental excluido a propósito",PENDIENTE_REVISION_HUMANA,2026-08-26
https://openalex.org/W4394892478,10.1002/9781394205097.ch10,EV Battery Charging System,2024,other,0,Fernando Yanine,Finis Terrae University,"con DOI, y ese DOI no está en el universo",V2-26_obra_institucional_fuera_del_universo,media,"OpenAlex la atribuye a la institución y el universo no la tiene; puede ser producción fuera de Scopus, una atribución errónea, o un tipo documental excluido a propósito",PENDIENTE_REVISION_HUMANA,2026-08-26
https://openalex.org/W4394953073,10.12688/f1000research.146070.1,"In silico analysis of the action of saturated, monounsaturated, and polyunsaturated fatty acids against Echinococcus granulosus fatty-acid-binding protein 1",2024,article,0,Yoan Hidalgo‐Rosa,Finis Terrae University,"con DOI, y ese DOI no está en el universo",V2-26_obra_institucional_fuera_del_universo,media,"OpenAlex la atribuye a la institución y el universo no la tiene; puede ser producción fuera de Scopus, una atribución errónea, o un tipo documental excluido a propósito",PENDIENTE_REVISION_HUMANA,2026-08-26
https://openalex.org/W4395096826,10.2139/ssrn.4793775,Analyzing Safe-Haven Assets in the Russia−Ukraine and Palestine−Israel Wars,2024,preprint,0,Boris Pastén-Henríquez,Finis Terrae University,"con DOI, y ese DOI no está en el universo",V2-26_obra_institucional_fuera_del_universo,media,"OpenAlex la atribuye a la institución y el universo no la tiene; puede ser producción fuera de Scopus, una atribución errónea, o un tipo documental excluido a propósito",PENDIENTE_REVISION_HUMANA,2026-08-26
https://openalex.org/W4395449894,10.1016/j.jsames.2024.104906,"Organic geochemical investigation of cretaceous source rocks with varying thermal maturity levels in the East Andes (Boyacá, Colombia)",2024,article,0,Karla Quintero,Finis Terrae University,"con DOI, y ese DOI no está en el universo",V2-26_obra_institucional_fuera_del_universo,media,"OpenAlex la atribuye a la institución y el universo no la tiene; puede ser producción fuera de Scopus, una atribución errónea, o un tipo documental excluido a propósito",PENDIENTE_REVISION_HUMANA,2026-08-26
https://openalex.org/W4396577736,10.5354/0719-3769.2024.73751,El Diálogo Político Interregional entre la Unión Europea y América del Sur 2017-2020,2024,article,0,Luis Lira Camposano,Finis Terrae University,"con DOI, y ese DOI no está en el universo",V2-26_obra_institucional_fuera_del_universo,media,"OpenAlex la atribuye a la institución y el universo no la tiene; puede ser producción fuera de Scopus, una atribución errónea, o un tipo documental excluido a propósito",PENDIENTE_REVISION_HUMANA,2026-08-26
https://openalex.org/W4396589331,10.2139/ssrn.4814615,Earthquakes in Chile and Peru: How is it Reflected in the Copper Financial Market?,2024,preprint,0,Boris Pastén-Henríquez,Finis Terrae University,"con DOI, y ese DOI no está en el universo",V2-26_obra_institucional_fuera_del_universo,media,"OpenAlex la atribuye a la institución y el universo no la tiene; puede ser producción fuera de Scopus, una atribución errónea, o un tipo documental excluido a propósito",PENDIENTE_REVISION_HUMANA,2026-08-26
https://openalex.org/W4396776391,10.21203/rs.3.rs-4339707/v1,Can we rely on the orocecal transit time measured by the lactulose breath test? Simultaneous measurement of Tc99m colloid scintigraphy and lactulose breath hydrogen test in asymptomatic volunteers,2024,preprint,0,Glauben Landskron,Finis Terrae University,"con DOI, y ese DOI no está en el universo",V2-26_obra_institucional_fuera_del_universo,media,"OpenAlex la atribuye a la institución y el universo no la tiene; puede ser producción fuera de Scopus, una atribución errónea, o un tipo documental excluido a propósito",PENDIENTE_REVISION_HUMANA,2026-08-26
https://openalex.org/W4397037482,10.1016/j.admp.2024.102062,Le déséquilibre effort–récompense durant la pandémie de COVID-19 en France,2024,article,0,Raimundo Aviles,Finis Terrae University,"con DOI, y ese DOI no está en el universo",V2-26_obra_institucional_fuera_del_universo,media,"OpenAlex la atribuye a la institución y el universo no la tiene; puede ser producción fuera de Scopus, una atribución errónea, o un tipo documental excluido a propósito",PENDIENTE_REVISION_HUMANA,2026-08-26
https://openalex.org/W4398158956,10.26807/cav.v10i17.588,Conciencia solar,2024,article,0,Carolina Castro Jorquera,Finis Terrae University,"con DOI, y ese DOI no está en el universo",V2-26_obra_institucional_fuera_del_universo,media,"OpenAlex la atribuye a la institución y el universo no la tiene; puede ser producción fuera de Scopus, una atribución errónea, o un tipo documental excluido a propósito",PENDIENTE_REVISION_HUMANA,2026-08-26
https://openalex.org/W4398195391,10.2139/ssrn.4834043,"Active Body, Healthier Brain: Effects of Exercise Interventions on Bdnf Levels Across the Lifespan – A Systematic-Review and Meta-Analysis of Randomized Controlled Trials with Moderator Analyses",2024,preprint,0,Hermann Zbinden,Finis Terrae University,"con DOI, y ese DOI no está en el universo",V2-26_obra_institucional_fuera_del_universo,media,"OpenAlex la atribuye a la institución y el universo no la tiene; puede ser producción fuera de Scopus, una atribución errónea, o un tipo documental excluido a propósito",PENDIENTE_REVISION_HUMANA,2026-08-26
https://openalex.org/W4398217341,10.56754/2810-6571.2024.3326,Violencia Sexual en Chile entre los años 2017-2020: Un Análisis Observacional del Servicio de Urgencias,2024,article,0,Viviana Alejandra Acuña Gallegos,Finis Terrae University,"con DOI, y ese DOI no está en el universo",V2-26_obra_institucional_fuera_del_universo,media,"OpenAlex la atribuye a la institución y el universo no la tiene; puede ser producción fuera de Scopus, una atribución errónea, o un tipo documental excluido a propósito",PENDIENTE_REVISION_HUMANA,2026-08-26
https://openalex.org/W4398219229,10.2139/ssrn.4837120,"Assessment of the Effect of Different Cooking Methods on the Content of Β-Carotene in Carrots, Folate in Asparagus, and Their Physical Properties",2024,preprint,0,Gonzalo Costa; Pablo Cortés; Tomás Cumsille,Finis Terrae University,"con DOI, y ese DOI no está en el universo",V2-26_obra_institucional_fuera_del_universo,media,"OpenAlex la atribuye a la institución y el universo no la tiene; puede ser producción fuera de Scopus, una atribución errónea, o un tipo documental excluido a propósito",PENDIENTE_REVISION_HUMANA,2026-08-26
https://openalex.org/W4398232243,10.1093/ndt/gfae069.867,#2492 The GLIM classification of malnutrition in an elderly population of patients on maintenance haemodialysis,2024,article,0,Caterina Tiscornia,Finis Terrae University,"con DOI, y ese DOI no está en el universo",V2-26_obra_institucional_fuera_del_universo,media,"OpenAlex la atribuye a la institución y el universo no la tiene; puede ser producción fuera de Scopus, una atribución errónea, o un tipo documental excluido a propósito",PENDIENTE_REVISION_HUMANA,2026-08-26
https://openalex.org/W4399321326,10.15406/mojcr.2024.14.00461,Importance of adequate and timely diagnosis in non-neoplasic bone lesions: case report,2024,article,0,Gabriela Araya Órdenes; José Araújo,Finis Terrae University,"con DOI, y ese DOI no está en el universo",V2-26_obra_institucional_fuera_del_universo,media,"OpenAlex la atribuye a la institución y el universo no la tiene; puede ser producción fuera de Scopus, una atribución errónea, o un tipo documental excluido a propósito",PENDIENTE_REVISION_HUMANA,2026-08-26
https://openalex.org/W4399325612,10.1590/scielopreprints.9019,A Nationwide Online Tracking System of pediatric ICU demand and capacity during a respiratory epidemic in Uruguay,2024,preprint,0,Cristóbal Carvajal,Finis Terrae University,"con DOI, y ese DOI no está en el universo",V2-26_obra_institucional_fuera_del_universo,media,"OpenAlex la atribuye a la institución y el universo no la tiene; puede ser producción fuera de Scopus, una atribución errónea, o un tipo documental excluido a propósito",PENDIENTE_REVISION_HUMANA,2026-08-26
https://openalex.org/W4399784440,10.1016/j.placenta.2024.05.061,DHA supplementation during pregnancy increases the expression of antioxidant enzymes in the placenta of women with gestational diabetes mellitus,2024,article,0,K. Etchegaray,Finis Terrae University,"con DOI, y ese DOI no está en el universo",V2-26_obra_institucional_fuera_del_universo,media,"OpenAlex la atribuye a la institución y el universo no la tiene; puede ser producción fuera de Scopus, una atribución errónea, o un tipo documental excluido a propósito",PENDIENTE_REVISION_HUMANA,2026-08-26
https://openalex.org/W4399852334,10.1007/978-3-031-47404-0_3,The Diversity of Art-Science Integrations,2024,book-chapter,0,Ignacio Nieto,Finis Terrae University,"con DOI, y ese DOI no está en el universo",V2-26_obra_institucional_fuera_del_universo,media,"OpenAlex la atribuye a la institución y el universo no la tiene; puede ser producción fuera de Scopus, una atribución errónea, o un tipo documental excluido a propósito",PENDIENTE_REVISION_HUMANA,2026-08-26
https://openalex.org/W4399852356,10.1007/978-3-031-47404-0_4,Selected Art-Science Works,2024,book-chapter,0,Ignacio Nieto,Finis Terrae University,"con DOI, y ese DOI no está en el universo",V2-26_obra_institucional_fuera_del_universo,media,"OpenAlex la atribuye a la institución y el universo no la tiene; puede ser producción fuera de Scopus, una atribución errónea, o un tipo documental excluido a propósito",PENDIENTE_REVISION_HUMANA,2026-08-26
https://openalex.org/W4399852360,10.1007/978-3-031-47404-0_6,Action Points and Perspectives,2024,book-chapter,0,Ignacio Nieto,Finis Terrae University,"con DOI, y ese DOI no está en el universo",V2-26_obra_institucional_fuera_del_universo,media,"OpenAlex la atribuye a la institución y el universo no la tiene; puede ser producción fuera de Scopus, una atribución errónea, o un tipo documental excluido a propósito",PENDIENTE_REVISION_HUMANA,2026-08-26
https://openalex.org/W4399852390,10.1007/978-3-031-47404-0_5,Capturing the Insights Behind the Selected Art-Science Works,2024,book-chapter,0,Ignacio Nieto,Finis Terrae University,"con DOI, y ese DOI no está en el universo",V2-26_obra_institucional_fuera_del_universo,media,"OpenAlex la atribuye a la institución y el universo no la tiene; puede ser producción fuera de Scopus, una atribución errónea, o un tipo documental excluido a propósito",PENDIENTE_REVISION_HUMANA,2026-08-26
https://openalex.org/W4399852402,10.1007/978-3-031-47404-0_2,Challenges for the Sciences and the Arts,2024,book-chapter,0,Ignacio Nieto,Finis Terrae University,"con DOI, y ese DOI no está en el universo",V2-26_obra_institucional_fuera_del_universo,media,"OpenAlex la atribuye a la institución y el universo no la tiene; puede ser producción fuera de Scopus, una atribución errónea, o un tipo documental excluido a propósito",PENDIENTE_REVISION_HUMANA,2026-08-26
https://openalex.org/W4400148771,10.1016/j.cdnut.2024.103325,Identification of Modifiable Risk Factors and a HOMA-IR Cut-Off Point to Measure Cardiometabolic Risk in Peruvian Adolescents,2024,article,0,Fabián Vásquez,Finis Terrae University,"con DOI, y ese DOI no está en el universo",V2-26_obra_institucional_fuera_del_universo,media,"OpenAlex la atribuye a la institución y el universo no la tiene; puede ser producción fuera de Scopus, una atribución errónea, o un tipo documental excluido a propósito",PENDIENTE_REVISION_HUMANA,2026-08-26
https://openalex.org/W4400977493,10.22533/at.ed.1594672409075,CONTRIBUTION OF DENTISTRY TECHNICIANS IN PRIMARY HEALTH CARE IN CHILE 2017-2020,2024,article,0,Patrícia Rivera; Nicolás Ponce Ibáñez; Sebastián Zamorano Vidal,Finis Terrae University,"con DOI, y ese DOI no está en el universo",V2-26_obra_institucional_fuera_del_universo,media,"OpenAlex la atribuye a la institución y el universo no la tiene; puede ser producción fuera de Scopus, una atribución errónea, o un tipo documental excluido a propósito",PENDIENTE_REVISION_HUMANA,2026-08-26
https://openalex.org/W4400979198,10.25074/0196318.36.2580,Recursos gráficos para el estudio del color en la pintura rupestre del desierto de Atacama,2023,article,0,Bernardita Brancoli Poblete,Finis Terrae University,"con DOI, y ese DOI no está en el universo",V2-26_obra_institucional_fuera_del_universo,media,"OpenAlex la atribuye a la institución y el universo no la tiene; puede ser producción fuera de Scopus, una atribución errónea, o un tipo documental excluido a propósito",PENDIENTE_REVISION_HUMANA,2026-08-26
https://openalex.org/W4400979652,10.25074/0196318.36.2566,Imaginarios domésticos en la novela chilena:,2023,article,0,Patricia Poblete Alday,Finis Terrae University,"con DOI, y ese DOI no está en el universo",V2-26_obra_institucional_fuera_del_universo,media,"OpenAlex la atribuye a la institución y el universo no la tiene; puede ser producción fuera de Scopus, una atribución errónea, o un tipo documental excluido a propósito",PENDIENTE_REVISION_HUMANA,2026-08-26
https://openalex.org/W4401116499,10.4151/07189729-vol.63-iss.2-art.1428,Análisis de la participación de estudiantes secundarios en la retroalimentación en el pensamiento social,2024,article,0,David Herrera Araya; Verónica Villarroel,Finis Terrae University,"con DOI, y ese DOI no está en el universo",V2-26_obra_institucional_fuera_del_universo,media,"OpenAlex la atribuye a la institución y el universo no la tiene; puede ser producción fuera de Scopus, una atribución errónea, o un tipo documental excluido a propósito",PENDIENTE_REVISION_HUMANA,2026-08-26
https://openalex.org/W4401506827,10.38123/rre.v4i2.450,Presentación,2024,editorial,0,Sebastián Escobar González,Finis Terrae University,"con DOI, y ese DOI no está en el universo",V2-26_obra_institucional_fuera_del_universo,media,"OpenAlex la atribuye a la institución y el universo no la tiene; puede ser producción fuera de Scopus, una atribución errónea, o un tipo documental excluido a propósito",PENDIENTE_REVISION_HUMANA,2026-08-26
https://openalex.org/W4401506844,10.38123/amox11.410,"Archivo, lectura y écfrasis: descripción de panfletos en las sentencias del Consejo de Guerra a civiles en Dictadura",2024,article,0,Gastón Carrasco Aguilar,Finis Terrae University,"con DOI, y ese DOI no está en el universo",V2-26_obra_institucional_fuera_del_universo,media,"OpenAlex la atribuye a la institución y el universo no la tiene; puede ser producción fuera de Scopus, una atribución errónea, o un tipo documental excluido a propósito",PENDIENTE_REVISION_HUMANA,2026-08-26
https://openalex.org/W4401507410,10.38123/rre.v4i2.406,Inclusión y trabajo colaborativo: sistematización de una experiencia dentro de una institución de educación inicial,2024,article,0,Diana Vásquez,Finis Terrae University,"con DOI, y ese DOI no está en el universo",V2-26_obra_institucional_fuera_del_universo,media,"OpenAlex la atribuye a la institución y el universo no la tiene; puede ser producción fuera de Scopus, una atribución errónea, o un tipo documental excluido a propósito",PENDIENTE_REVISION_HUMANA,2026-08-26
https://openalex.org/W4401569926,10.22370/syt.2024.10.4326,Pretorianismo y años de Plomo: su receptividad en experiencias de Posguerra Fría,2024,article,0,Ana Vanessa Cardenas Zanatta,Finis Terrae University,"con DOI, y ese DOI no está en el universo",V2-26_obra_institucional_fuera_del_universo,media,"OpenAlex la atribuye a la institución y el universo no la tiene; puede ser producción fuera de Scopus, una atribución errónea, o un tipo documental excluido a propósito",PENDIENTE_REVISION_HUMANA,2026-08-26
https://openalex.org/W4401904294,10.4067/s2452-55882024000200088,Prevalencia de anomalías dentomaxilares y necesidad de tratamiento de ortodoncia en niñas/os de 6 años en cinco comunas de Chile. Estudio Preliminar,2024,article,0,Francisca Figueroa,Finis Terrae University,"con DOI, y ese DOI no está en el universo",V2-26_obra_institucional_fuera_del_universo,media,"OpenAlex la atribuye a la institución y el universo no la tiene; puede ser producción fuera de Scopus, una atribución errónea, o un tipo documental excluido a propósito",PENDIENTE_REVISION_HUMANA,2026-08-26
https://openalex.org/W4402157471,10.2139/ssrn.4931542,"Assessment of the Effect of Different Cooking Methods on the Content of Β-Carotene in Carrots, Folate in Asparagus, and Their Physical Properties",2024,preprint,0,Gonzalo Costa; Pablo Cortés; Tomás Cumsille,Finis Terrae University,"con DOI, y ese DOI no está en el universo",V2-26_obra_institucional_fuera_del_universo,media,"OpenAlex la atribuye a la institución y el universo no la tiene; puede ser producción fuera de Scopus, una atribución errónea, o un tipo documental excluido a propósito",PENDIENTE_REVISION_HUMANA,2026-08-26
https://openalex.org/W4402206262,10.61490/eial.v35i1.1832,"TANYA HARMER Y ALBERTO MARTÍN ÁLVAREZ, eds. Toward a Global History of Latin America’s Revolutionary Left. University of Florida Press, 2021.",2024,article,0,Marcelo Casals,Finis Terrae University,"con DOI, y ese DOI no está en el universo",V2-26_obra_institucional_fuera_del_universo,media,"OpenAlex la atribuye a la institución y el universo no la tiene; puede ser producción fuera de Scopus, una atribución errónea, o un tipo documental excluido a propósito",PENDIENTE_REVISION_HUMANA,2026-08-26
https://openalex.org/W4402228074,10.4067/s0719-689x2024000100095,Identidad y unidad: la analogía del ente en Deprincipiis naturae 6y sus fuentes,2024,article,0,T J Rego,Finis Terrae University,"con DOI, y ese DOI no está en el universo",V2-26_obra_institucional_fuera_del_universo,media,"OpenAlex la atribuye a la institución y el universo no la tiene; puede ser producción fuera de Scopus, una atribución errónea, o un tipo documental excluido a propósito",PENDIENTE_REVISION_HUMANA,2026-08-26
https://openalex.org/W4402229794,10.4067/s0719-689x2024000100041,La demonización de la mujer durante la edad media,2024,article,0,Pablo Maillet Aránguiz,Finis Terrae University,"con DOI, y ese DOI no está en el universo",V2-26_obra_institucional_fuera_del_universo,media,"OpenAlex la atribuye a la institución y el universo no la tiene; puede ser producción fuera de Scopus, una atribución errónea, o un tipo documental excluido a propósito",PENDIENTE_REVISION_HUMANA,2026-08-26
https://openalex.org/W4402444583,10.59798/ptma.2024.293.5346,Una mística comunitaria como respuesta teológica a la realidad europea,2024,article,0,Ricardo González Hidalgo,Finis Terrae University,"con DOI, y ese DOI no está en el universo",V2-26_obra_institucional_fuera_del_universo,media,"OpenAlex la atribuye a la institución y el universo no la tiene; puede ser producción fuera de Scopus, una atribución errónea, o un tipo documental excluido a propósito",PENDIENTE_REVISION_HUMANA,2026-08-26
https://openalex.org/W4402836913,10.1080/17415993.2024.2406314,Experimental study of hydrogen sulfide (H 2 S) behavior in brine/n-decane mixtures under HPHT conditions,2024,article,0,Karla Quintero,Finis Terrae University,"con DOI, y ese DOI no está en el universo",V2-26_obra_institucional_fuera_del_universo,media,"OpenAlex la atribuye a la institución y el universo no la tiene; puede ser producción fuera de Scopus, una atribución errónea, o un tipo documental excluido a propósito",PENDIENTE_REVISION_HUMANA,2026-08-26
https://openalex.org/W4402952628,10.4236/jbm.2024.129020,Analysis of the Cicatricial Acceleration Method (MAC®) in Skin Repair in Wistar Rattus norvegicus with Induced Chemical Burns,2024,article,0,Esteban Fortuny,Finis Terrae University,"con DOI, y ese DOI no está en el universo",V2-26_obra_institucional_fuera_del_universo,media,"OpenAlex la atribuye a la institución y el universo no la tiene; puede ser producción fuera de Scopus, una atribución errónea, o un tipo documental excluido a propósito",PENDIENTE_REVISION_HUMANA,2026-08-26
https://openalex.org/W4403114310,10.2139/ssrn.4974689,Intervención de extranei en delitos especiales y el deber secundario de Nagler como fundamento de punición de los partícipes (Extranei Intervention in Special Crimes and Nagler's Secondary Duty as a Basis for Punishing Participants),2024,preprint,0,Alejandro Leiva,Finis Terrae University,"con DOI, y ese DOI no está en el universo",V2-26_obra_institucional_fuera_del_universo,media,"OpenAlex la atribuye a la institución y el universo no la tiene; puede ser producción fuera de Scopus, una atribución errónea, o un tipo documental excluido a propósito",PENDIENTE_REVISION_HUMANA,2026-08-26
https://openalex.org/W4403122868,10.4067/s0717-71942024000100401,"Clases medias en América Latina: subjetividades, prácticas y genealogías",2024,article,0,MARCELO CASALS,Finis Terrae University,"con DOI, y ese DOI no está en el universo",V2-26_obra_institucional_fuera_del_universo,media,"OpenAlex la atribuye a la institución y el universo no la tiene; puede ser producción fuera de Scopus, una atribución errónea, o un tipo documental excluido a propósito",PENDIENTE_REVISION_HUMANA,2026-08-26
https://openalex.org/W4403150124,10.1210/jendso/bvae163.1697,8102 Hyperandrogenism and its Influence on Emotional and Social Development in Adolescent Daughters of Women with Polycystic Ovary Syndrome,2024,article,0,R Gonzalo,Finis Terrae University,"con DOI, y ese DOI no está en el universo",V2-26_obra_institucional_fuera_del_universo,media,"OpenAlex la atribuye a la institución y el universo no la tiene; puede ser producción fuera de Scopus, una atribución errónea, o un tipo documental excluido a propósito",PENDIENTE_REVISION_HUMANA,2026-08-26
https://openalex.org/W4403153474,10.1210/jendso/bvae163.1610,8102 Hyperandrogenism and its Influence on Emotional and Social Development in Adolescent Daughters of Women with Polycystic Ovary Syndrome,2024,article,0,R Gonzalo,Finis Terrae University,"con DOI, y ese DOI no está en el universo",V2-26_obra_institucional_fuera_del_universo,media,"OpenAlex la atribuye a la institución y el universo no la tiene; puede ser producción fuera de Scopus, una atribución errónea, o un tipo documental excluido a propósito",PENDIENTE_REVISION_HUMANA,2026-08-26
https://openalex.org/W4403210313,10.4067/s0718-85602024000200147,Lipoproteína (a): Un factor de riesgo cardiovascular relevante y subdiagnosticado,2024,article,0,J.C. Carrasco,Finis Terrae University,"con DOI, y ese DOI no está en el universo",V2-26_obra_institucional_fuera_del_universo,media,"OpenAlex la atribuye a la institución y el universo no la tiene; puede ser producción fuera de Scopus, una atribución errónea, o un tipo documental excluido a propósito",PENDIENTE_REVISION_HUMANA,2026-08-26
https://openalex.org/W4403453080,10.4000/12ho6,La historiografía sobre la revolución y la contrarrevolución chilena a 50 años del golpe de Estado. Balance general y deudas pendientes,2024,article,0,Marcelo Casals,Finis Terrae University,"con DOI, y ese DOI no está en el universo",V2-26_obra_institucional_fuera_del_universo,media,"OpenAlex la atribuye a la institución y el universo no la tiene; puede ser producción fuera de Scopus, una atribución errónea, o un tipo documental excluido a propósito",PENDIENTE_REVISION_HUMANA,2026-08-26
https://openalex.org/W4403602936,10.7775/rac.es.v92.i5.20829,Cartas de lectores,2024,article,0,And´res Ibarra Montana,Finis Terrae University,"con DOI, y ese DOI no está en el universo",V2-26_obra_institucional_fuera_del_universo,media,"OpenAlex la atribuye a la institución y el universo no la tiene; puede ser producción fuera de Scopus, una atribución errónea, o un tipo documental excluido a propósito",PENDIENTE_REVISION_HUMANA,2026-08-26
https://openalex.org/W4403728086,10.48297/4qq6fp24,El tratamiento de las ganancias de capital en el convenio para evitar la doble imposición entre España y Chile: se obedece pero no se cumple,2024,article,0,Felipe Yáñez,Finis Terrae University,"con DOI, y ese DOI no está en el universo",V2-26_obra_institucional_fuera_del_universo,media,"OpenAlex la atribuye a la institución y el universo no la tiene; puede ser producción fuera de Scopus, una atribución errónea, o un tipo documental excluido a propósito",PENDIENTE_REVISION_HUMANA,2026-08-26
https://openalex.org/W4403821675,10.1101/2024.10.28.620570,The Role of Physical Activity in Mitigating Age-Related Changes in the Neuromuscular Control of Gait,2024,preprint,0,Mario Nuñez-Lisboa,Finis Terrae University,"con DOI, y ese DOI no está en el universo",V2-26_obra_institucional_fuera_del_universo,media,"OpenAlex la atribuye a la institución y el universo no la tiene; puede ser producción fuera de Scopus, una atribución errónea, o un tipo documental excluido a propósito",PENDIENTE_REVISION_HUMANA,2026-08-26
https://openalex.org/W4403880531,10.70135/seejph.vi.1723,Perceived Ethnic Discrimination Scale: Research Progress on Ethnic Discrimination with Urban Mapuche Youth in Chile,2024,article,0,Carola Zañartu-Canihuante,Finis Terrae University,"con DOI, y ese DOI no está en el universo",V2-26_obra_institucional_fuera_del_universo,media,"OpenAlex la atribuye a la institución y el universo no la tiene; puede ser producción fuera de Scopus, una atribución errónea, o un tipo documental excluido a propósito",PENDIENTE_REVISION_HUMANA,2026-08-26
https://openalex.org/W4403942179,10.23925/2176-4174.v2.2024e67608,Geopolítica del Indo-Pacífico,2024,article,0,Alberto Rojas Moscoso,Finis Terrae University,"con DOI, y ese DOI no está en el universo",V2-26_obra_institucional_fuera_del_universo,media,"OpenAlex la atribuye a la institución y el universo no la tiene; puede ser producción fuera de Scopus, una atribución errónea, o un tipo documental excluido a propósito",PENDIENTE_REVISION_HUMANA,2026-08-26
https://openalex.org/W4404024875,10.38123/rer.v3i2.511,Editorial,2024,editorial,0,Javier Díaz Tejo,Finis Terrae University,"con DOI, y ese DOI no está en el universo",V2-26_obra_institucional_fuera_del_universo,media,"OpenAlex la atribuye a la institución y el universo no la tiene; puede ser producción fuera de Scopus, una atribución errónea, o un tipo documental excluido a propósito",PENDIENTE_REVISION_HUMANA,2026-08-26
https://openalex.org/W4404025040,10.38123/rer.v3i2.512,Agradecimientos,2024,article,0,Javier Díaz Tejo,Finis Terrae University,"con DOI, y ese DOI no está en el universo",V2-26_obra_institucional_fuera_del_universo,media,"OpenAlex la atribuye a la institución y el universo no la tiene; puede ser producción fuera de Scopus, una atribución errónea, o un tipo documental excluido a propósito",PENDIENTE_REVISION_HUMANA,2026-08-26
https://openalex.org/W4404040957,10.1097/01.pcc.0001084684.15618.ac,OP058 Topic: AS15–Lung: Respiratory Support/Acute Respiratory Failure/Other: COMPARATIVE ANALYSIS OF SEVERE ADENOVIRUS AND RESPIRATORY SYNCYTIAL VIRUS INFECTIONS IN PEDIATRIC PATIENTS WITH ACUTE RESPIRATORY FAILURE IN LATIN AMERICA,2024,conference-abstract,0,Franco Díaz,Finis Terrae University,"con DOI, y ese DOI no está en el universo",V2-26_obra_institucional_fuera_del_universo,media,"OpenAlex la atribuye a la institución y el universo no la tiene; puede ser producción fuera de Scopus, una atribución errónea, o un tipo documental excluido a propósito",PENDIENTE_REVISION_HUMANA,2026-08-26
https://openalex.org/W4404040995,10.1097/01.pcc.0001085856.99058.e2,PP398 Topic: AS14–Infections: Sepsis and Septic Shock/Antimicrobial Stewardship/Tropical and Parasite Infections/Other: ANALYSIS OF PEDIATRIC SEPSIS-RELATED CASE FATALITY RATES BETWEEN 2014 AND 2019 IN CHILEAN MACROZONES,2024,conference-abstract,0,Franco Díaz,Finis Terrae University,"con DOI, y ese DOI no está en el universo",V2-26_obra_institucional_fuera_del_universo,media,"OpenAlex la atribuye a la institución y el universo no la tiene; puede ser producción fuera de Scopus, una atribución errónea, o un tipo documental excluido a propósito",PENDIENTE_REVISION_HUMANA,2026-08-26
https://openalex.org/W4404041158,10.1097/01.pcc.0001084568.48400.43,OP029 Topic: AS15–Lung: Respiratory Support/Acute Respiratory Failure/Other: PEDIATRIC NON-INVASIVE RESPIRATORY SUPPORT FAILURE: RISK FACTORS & OUTCOMES IN LATIN AMERICA.,2024,conference-abstract,0,Franco Díaz,Finis Terrae University,"con DOI, y ese DOI no está en el universo",V2-26_obra_institucional_fuera_del_universo,media,"OpenAlex la atribuye a la institución y el universo no la tiene; puede ser producción fuera de Scopus, una atribución errónea, o un tipo documental excluido a propósito",PENDIENTE_REVISION_HUMANA,2026-08-26
https://openalex.org/W4404041197,10.1097/01.pcc.0001085852.76593.7f,"PP397 Topic: AS14–Infections: Sepsis and Septic Shock/Antimicrobial Stewardship/Tropical and Parasite Infections/Other: INEQUITIES IN SEPSIS-RELATED CASE FATALITY AMONG PEDIATRICS BETWEEN 2014 AND 2019 IN SANTIAGO, CHILE",2024,conference-abstract,0,Franco Díaz,Finis Terrae University,"con DOI, y ese DOI no está en el universo",V2-26_obra_institucional_fuera_del_universo,media,"OpenAlex la atribuye a la institución y el universo no la tiene; puede ser producción fuera de Scopus, una atribución errónea, o un tipo documental excluido a propósito",PENDIENTE_REVISION_HUMANA,2026-08-26
https://openalex.org/W4404041428,10.1097/01.pcc.0001085704.74747.20,PP344 Topic: AS11–Healthcare Systems/Economic Evaluation/Capacity Building/Administration/Other: A NATIONALWIDE ONLINE TRACKING SYSTEM OF PEDIATRIC ICU DEMAND AND CAPACITY DURING A WINTER SEASON IN URUGUAY.,2024,conference-abstract,0,Cristóbal Carvajal,Finis Terrae University,"con DOI, y ese DOI no está en el universo",V2-26_obra_institucional_fuera_del_universo,media,"OpenAlex la atribuye a la institución y el universo no la tiene; puede ser producción fuera de Scopus, una atribución errónea, o un tipo documental excluido a propósito",PENDIENTE_REVISION_HUMANA,2026-08-26
https://openalex.org/W4404041467,10.1097/01.pcc.0001085996.28636.72,PP451 Topic: AS15–Lung: Respiratory Support/Acute Respiratory Failure/Other: ALTITUDE’S IMPACT ON OXYGEN RATIOS AND OUTCOMES IN PEDIATRIC ACUTE RESPIRATORY FAILURE: LARED NETWORK ANALYSIS.,2024,conference-abstract,0,Franco Díaz,Finis Terrae University,"con DOI, y ese DOI no está en el universo",V2-26_obra_institucional_fuera_del_universo,media,"OpenAlex la atribuye a la institución y el universo no la tiene; puede ser producción fuera de Scopus, una atribución errónea, o un tipo documental excluido a propósito",PENDIENTE_REVISION_HUMANA,2026-08-26
https://openalex.org/W4404041804,10.1097/01.pcc.0001084528.36296.90,"OP019 Topic: AS15–Lung: Respiratory Support/Acute Respiratory Failure/Other: SYSTEMIC CORTICOSTEROID USE IN CHILDREN INTUBATED FOR LOWER RESPIRATORY TRACT INFECTIONS (LRTI): RESULTS FROM THE BRONCHIOLITIS AND CODETECTION (BACON) STUDY, A MULTINATIONAL COHORT",2024,conference-abstract,0,Franco Díaz,Finis Terrae University,"con DOI, y ese DOI no está en el universo",V2-26_obra_institucional_fuera_del_universo,media,"OpenAlex la atribuye a la institución y el universo no la tiene; puede ser producción fuera de Scopus, una atribución errónea, o un tipo documental excluido a propósito",PENDIENTE_REVISION_HUMANA,2026-08-26
https://openalex.org/W4404169848,10.31637/epsir-2024-1190,La educación imaginativa como favorecedora del diseño de entornos virtuales de aprendizaje efectivos para la educación superior,2024,article,0,Claudia Alejandra Vásquez Alvarado,Finis Terrae University,"con DOI, y ese DOI no está en el universo",V2-26_obra_institucional_fuera_del_universo,media,"OpenAlex la atribuye a la institución y el universo no la tiene; puede ser producción fuera de Scopus, una atribución errónea, o un tipo documental excluido a propósito",PENDIENTE_REVISION_HUMANA,2026-08-26
https://openalex.org/W4404183715,10.52611/rdpi.num25.2024.1233,¿Es posible una interpretación razonable de una “educación no sexista”?,2024,article,0,Valencia Ll. Néstor F.; Laritza Rodríguez V.,Finis Terrae University,"con DOI, y ese DOI no está en el universo",V2-26_obra_institucional_fuera_del_universo,media,"OpenAlex la atribuye a la institución y el universo no la tiene; puede ser producción fuera de Scopus, una atribución errónea, o un tipo documental excluido a propósito",PENDIENTE_REVISION_HUMANA,2026-08-26
https://openalex.org/W4404334086,10.35366/118242,Enclavado endomedular profiláctico en paciente con un fibroma no osificante: reporte de caso,2024,article,0,José Araújo,Finis Terrae University,"con DOI, y ese DOI no está en el universo",V2-26_obra_institucional_fuera_del_universo,media,"OpenAlex la atribuye a la institución y el universo no la tiene; puede ser producción fuera de Scopus, una atribución errónea, o un tipo documental excluido a propósito",PENDIENTE_REVISION_HUMANA,2026-08-26
https://openalex.org/W4404576375,10.38123/psip.1/c2,"Gestalt, espacio y obra orgánica",2023,article,0,Bernardita M. Cubillos Muñoz,Finis Terrae University,"con DOI, y ese DOI no está en el universo",V2-26_obra_institucional_fuera_del_universo,media,"OpenAlex la atribuye a la institución y el universo no la tiene; puede ser producción fuera de Scopus, una atribución errónea, o un tipo documental excluido a propósito",PENDIENTE_REVISION_HUMANA,2026-08-26
https://openalex.org/W4404576389,10.38123/psip.1/e,Entrevista,2023,editorial,0,Valentina Velarde Lizama; Bernardita Cubillos Muñoz,Finis Terrae University,"con DOI, y ese DOI no está en el universo",V2-26_obra_institucional_fuera_del_universo,media,"OpenAlex la atribuye a la institución y el universo no la tiene; puede ser producción fuera de Scopus, una atribución errónea, o un tipo documental excluido a propósito",PENDIENTE_REVISION_HUMANA,2026-08-26
https://openalex.org/W4404576415,10.38123/psip.1/c1,El desarrollo cientíﬁco de la psicología como camino a la Gestalt,2023,article,0,Valentina Velarde Lizama,Finis Terrae University,"con DOI, y ese DOI no está en el universo",V2-26_obra_institucional_fuera_del_universo,media,"OpenAlex la atribuye a la institución y el universo no la tiene; puede ser producción fuera de Scopus, una atribución errónea, o un tipo documental excluido a propósito",PENDIENTE_REVISION_HUMANA,2026-08-26
https://openalex.org/W4404583454,10.38123/psip.1/ap,Aplicación pedagógica,2023,article,0,PSIP,Finis Terrae University,"con DOI, y ese DOI no está en el universo",V2-26_obra_institucional_fuera_del_universo,media,"OpenAlex la atribuye a la institución y el universo no la tiene; puede ser producción fuera de Scopus, una atribución errónea, o un tipo documental excluido a propósito",PENDIENTE_REVISION_HUMANA,2026-08-26
https://openalex.org/W4404597614,10.12688/f1000research.146070.2,"In silico analysis of the action of saturated, monounsaturated, and polyunsaturated fatty acids against Echinococcus granulosus fatty-acid-binding protein 1",2024,article,0,Yoan Hidalgo‐Rosa,Finis Terrae University,"con DOI, y ese DOI no está en el universo",V2-26_obra_institucional_fuera_del_universo,media,"OpenAlex la atribuye a la institución y el universo no la tiene; puede ser producción fuera de Scopus, una atribución errónea, o un tipo documental excluido a propósito",PENDIENTE_REVISION_HUMANA,2026-08-26
https://openalex.org/W4404793138,10.1017/s1041610224001546,FC32: Consultant characteristics and care pathways in a Memory Unit in Chile,2024,article,0,Teresita Ramos Franco,Finis Terrae University,"con DOI, y ese DOI no está en el universo",V2-26_obra_institucional_fuera_del_universo,media,"OpenAlex la atribuye a la institución y el universo no la tiene; puede ser producción fuera de Scopus, una atribución errónea, o un tipo documental excluido a propósito",PENDIENTE_REVISION_HUMANA,2026-08-26
https://openalex.org/W4404919369,10.18103/mra.v12i11.5901,Recurrent epistaxis in a woman who was a carrier of hemophilia: A case report.,2024,article,0,Nigel P Murray,Finis Terrae University,"con DOI, y ese DOI no está en el universo",V2-26_obra_institucional_fuera_del_universo,media,"OpenAlex la atribuye a la institución y el universo no la tiene; puede ser producción fuera de Scopus, una atribución errónea, o un tipo documental excluido a propósito",PENDIENTE_REVISION_HUMANA,2026-08-26
https://openalex.org/W4405638840,10.56754/0718-9958.2024.238,Tasa de mortalidad por enfermedad renal hipertensiva como causa básica en Chile durante el periodo 2016-2023,2024,article,0,Fernanda Catalina Lazcano Lazcano,Finis Terrae University,"con DOI, y ese DOI no está en el universo",V2-26_obra_institucional_fuera_del_universo,media,"OpenAlex la atribuye a la institución y el universo no la tiene; puede ser producción fuera de Scopus, una atribución errónea, o un tipo documental excluido a propósito",PENDIENTE_REVISION_HUMANA,2026-08-26
https://openalex.org/W4405907297,10.20932/barataria.v0i36.704,Perfil y caracterización de los consumidores de productos de origen vegetal en Chile,2024,article,0,Franco Fernando Yanine,Finis Terrae University,"con DOI, y ese DOI no está en el universo",V2-26_obra_institucional_fuera_del_universo,media,"OpenAlex la atribuye a la institución y el universo no la tiene; puede ser producción fuera de Scopus, una atribución errónea, o un tipo documental excluido a propósito",PENDIENTE_REVISION_HUMANA,2026-08-26
https://openalex.org/W4406049118,10.4067/s2452-55882024000300126,Salud Mental en Docentes de Odontología durante la emergencia de Salud Pública Pandemia COVID-19.,2024,article,0,Sebastián Zamorano; Patricia Moya; Nicolás Ponce González; Juan Caro,Finis Terrae University,"con DOI, y ese DOI no está en el universo",V2-26_obra_institucional_fuera_del_universo,media,"OpenAlex la atribuye a la institución y el universo no la tiene; puede ser producción fuera de Scopus, una atribución errónea, o un tipo documental excluido a propósito",PENDIENTE_REVISION_HUMANA,2026-08-26
https://openalex.org/W4406090433,10.38123/rre.v5i1.452,"Reflexión sobre el Art thinking, un aporte al trabajo docente en el desarrollo de la conciencia y expresión emocional de estudiantes con CEA",2025,article,0,Nadia Garrido Pérez; María Del Pilar,Finis Terrae University,"con DOI, y ese DOI no está en el universo",V2-26_obra_institucional_fuera_del_universo,media,"OpenAlex la atribuye a la institución y el universo no la tiene; puede ser producción fuera de Scopus, una atribución errónea, o un tipo documental excluido a propósito",PENDIENTE_REVISION_HUMANA,2026-08-26
https://openalex.org/W4406219671,10.5209/pepu.99215,Estrategias mediáticas en plataformas digitales: Cobertura del narcotráfico en X (ex-Twitter) por 24 Horas TVN y Radio Cooperativa,2025,article,0,Paz Crisóstomo Flores; Milette Mesías-Machuca,Finis Terrae University,"con DOI, y ese DOI no está en el universo",V2-26_obra_institucional_fuera_del_universo,media,"OpenAlex la atribuye a la institución y el universo no la tiene; puede ser producción fuera de Scopus, una atribución errónea, o un tipo documental excluido a propósito",PENDIENTE_REVISION_HUMANA,2026-08-26
https://openalex.org/W4406443097,10.51230/ri.v18i1.99,Comparación de los umbrales ventilatorios y los parámetros cardiorrespiratorios entre hombres adultos con paraplejia torácica baja e individuos sin lesión medular: Un estudio observacional transversal,2025,article,0,JORGE CANCINO LÓPEZ,Finis Terrae University,"con DOI, y ese DOI no está en el universo",V2-26_obra_institucional_fuera_del_universo,media,"OpenAlex la atribuye a la institución y el universo no la tiene; puede ser producción fuera de Scopus, una atribución errónea, o un tipo documental excluido a propósito",PENDIENTE_REVISION_HUMANA,2026-08-26
https://openalex.org/W4406704302,10.1093/ecco-jcc/jjae190.0303,P0129 Distinct involvement of plasma cells and monocytes/macrophages in ileal and colonic ulcer formation in patients with Crohn's disease,2025,article,0,Rodrigo Fernández‐Verdejo,Finis Terrae University,"con DOI, y ese DOI no está en el universo",V2-26_obra_institucional_fuera_del_universo,media,"OpenAlex la atribuye a la institución y el universo no la tiene; puede ser producción fuera de Scopus, una atribución errónea, o un tipo documental excluido a propósito",PENDIENTE_REVISION_HUMANA,2026-08-26
https://openalex.org/W4406805226,10.33996/revistahorizontes.v9i36.897,Dimensiones de la autorregulación docente: interés intrínseco y orientación a la meta,2025,article,0,Carola Zañartu Canihuante,Finis Terrae University,"con DOI, y ese DOI no está en el universo",V2-26_obra_institucional_fuera_del_universo,media,"OpenAlex la atribuye a la institución y el universo no la tiene; puede ser producción fuera de Scopus, una atribución errónea, o un tipo documental excluido a propósito",PENDIENTE_REVISION_HUMANA,2026-08-26
https://openalex.org/W4406896305,10.53940/reys.v5i9.178,Evolución de las Políticas Públicas para la Formación Docente Continua en Chile,2024,article,0,Paulina Serri Cares,Finis Terrae University,"con DOI, y ese DOI no está en el universo",V2-26_obra_institucional_fuera_del_universo,media,"OpenAlex la atribuye a la institución y el universo no la tiene; puede ser producción fuera de Scopus, una atribución errónea, o un tipo documental excluido a propósito",PENDIENTE_REVISION_HUMANA,2026-08-26
https://openalex.org/W4406900592,10.1016/j.rec.2024.12.014,Clinical association of the SCN5A c.2302A>G variant (p.Ile768Val) with Brugada syndrome,2025,article,0,Bernardita Martínez Galdames,Finis Terrae University,"con DOI, y ese DOI no está en el universo",V2-26_obra_institucional_fuera_del_universo,media,"OpenAlex la atribuye a la institución y el universo no la tiene; puede ser producción fuera de Scopus, una atribución errónea, o un tipo documental excluido a propósito",PENDIENTE_REVISION_HUMANA,2026-08-26
https://openalex.org/W4406965071,10.18800/lexis.202402.015,"Evando Nacismento y Alberto Giordano. La literatura fuera de sí. Trad., Raúl Rodríguez Freire. Ebook. Santiago: Nube Negra y Bulk editores, 2021. 140 pp.",2024,book-review,0,Diana Blanco Galleguillos,Finis Terrae University,"con DOI, y ese DOI no está en el universo",V2-26_obra_institucional_fuera_del_universo,media,"OpenAlex la atribuye a la institución y el universo no la tiene; puede ser producción fuera de Scopus, una atribución errónea, o un tipo documental excluido a propósito",PENDIENTE_REVISION_HUMANA,2026-08-26
https://openalex.org/W4408015659,10.32457/scr.v5i1.2836,"La paradoja del plástico en la salud: herramienta vital, contaminante letal",2025,article,0,Fernanda Olive Castillo; Andrés Giglio; Andrés Ferre; M. Sanhueza,Finis Terrae University,"con DOI, y ese DOI no está en el universo",V2-26_obra_institucional_fuera_del_universo,media,"OpenAlex la atribuye a la institución y el universo no la tiene; puede ser producción fuera de Scopus, una atribución errónea, o un tipo documental excluido a propósito",PENDIENTE_REVISION_HUMANA,2026-08-26
https://openalex.org/W4408284563,10.24875/rechuro.24000010,Experiencia en un centro nacional con ultrasonido focalizado de alta intensidad (HIFU) en el tratamiento del cáncer prostático,2025,article,0,Matías Poblete; Vicente Parada,Finis Terrae University,"con DOI, y ese DOI no está en el universo",V2-26_obra_institucional_fuera_del_universo,media,"OpenAlex la atribuye a la institución y el universo no la tiene; puede ser producción fuera de Scopus, una atribución errónea, o un tipo documental excluido a propósito",PENDIENTE_REVISION_HUMANA,2026-08-26
https://openalex.org/W4408755980,10.52521/revccc.v2i5.14647,Influência da participação em um acampamento de ciências na compreensão da natureza das ciências,2025,article,0,David Santibáñez,Finis Terrae University,"con DOI, y ese DOI no está en el universo",V2-26_obra_institucional_fuera_del_universo,media,"OpenAlex la atribuye a la institución y el universo no la tiene; puede ser producción fuera de Scopus, una atribución errónea, o un tipo documental excluido a propósito",PENDIENTE_REVISION_HUMANA,2026-08-26
https://openalex.org/W4408935128,10.17126/joralres.2024.018,Analysis of root canal obturation length in endodontic treatments performed by undergraduate dental students,2024,article,0,Joaquín Lucero‐Mora; Alanis Galaz-Cabrera; Antonia Espinoza-Romero,Finis Terrae University,"con DOI, y ese DOI no está en el universo",V2-26_obra_institucional_fuera_del_universo,media,"OpenAlex la atribuye a la institución y el universo no la tiene; puede ser producción fuera de Scopus, una atribución errónea, o un tipo documental excluido a propósito",PENDIENTE_REVISION_HUMANA,2026-08-26
https://openalex.org/W4409153478,10.2139/ssrn.5205687,Tailoring of Titanium Dioxide Thin Film in Dual Radiofrequency Plasma Enhanced Pulsed Laser Deposition,2025,preprint,0,María José Retamal,Finis Terrae University,"con DOI, y ese DOI no está en el universo",V2-26_obra_institucional_fuera_del_universo,media,"OpenAlex la atribuye a la institución y el universo no la tiene; puede ser producción fuera de Scopus, una atribución errónea, o un tipo documental excluido a propósito",PENDIENTE_REVISION_HUMANA,2026-08-26
https://openalex.org/W4409203007,10.18103/mra.v13i3.6365,Decreased expression of matrix metalloproteinase-2 in bone marrow micro-metastasis after FOLFOX adjuvant chemotherapy for stage III colon cancer is association with an increased progression free survival and the elimination of circulating tumour cells,2025,article,0,Nigel P Murray,Finis Terrae University,"con DOI, y ese DOI no está en el universo",V2-26_obra_institucional_fuera_del_universo,media,"OpenAlex la atribuye a la institución y el universo no la tiene; puede ser producción fuera de Scopus, una atribución errónea, o un tipo documental excluido a propósito",PENDIENTE_REVISION_HUMANA,2026-08-26
https://openalex.org/W4409632267,10.1158/1538-7445.am2025-6932,Abstract 6932: Phloroglucinol suppresses metastasis in CAV1 overexpressing cancer cells,2025,conference-abstract,0,Layla Simón; Keila Torres,Finis Terrae University,"con DOI, y ese DOI no está en el universo",V2-26_obra_institucional_fuera_del_universo,media,"OpenAlex la atribuye a la institución y el universo no la tiene; puede ser producción fuera de Scopus, una atribución errónea, o un tipo documental excluido a propósito",PENDIENTE_REVISION_HUMANA,2026-08-26
https://openalex.org/W4409907139,10.22199/issn.0718-9753-2145,Interpretación Constitucional,2025,article,0,Hernán Almendras Carrasco,Finis Terrae University,"con DOI, y ese DOI no está en el universo",V2-26_obra_institucional_fuera_del_universo,media,"OpenAlex la atribuye a la institución y el universo no la tiene; puede ser producción fuera de Scopus, una atribución errónea, o un tipo documental excluido a propósito",PENDIENTE_REVISION_HUMANA,2026-08-26
https://openalex.org/W4410007060,10.2139/ssrn.5227978,"The Roles of Broker-Dealers in Regulation D Offerings, 2013-2022",2025,preprint,0,Minwen Li,Finis Terrae University,"con DOI, y ese DOI no está en el universo",V2-26_obra_institucional_fuera_del_universo,media,"OpenAlex la atribuye a la institución y el universo no la tiene; puede ser producción fuera de Scopus, una atribución errónea, o un tipo documental excluido a propósito",PENDIENTE_REVISION_HUMANA,2026-08-26
https://openalex.org/W4410235329,10.4067/s2452-55882025000100014,"Reabsorción radicular en premolares, posterior a ortodoncia de autoligado, utilizando tomografía computarizada.",2025,article,0,Rodrigo Quiroga-Del Pozo,Finis Terrae University,"con DOI, y ese DOI no está en el universo",V2-26_obra_institucional_fuera_del_universo,media,"OpenAlex la atribuye a la institución y el universo no la tiene; puede ser producción fuera de Scopus, una atribución errónea, o un tipo documental excluido a propósito",PENDIENTE_REVISION_HUMANA,2026-08-26
https://openalex.org/W4410249231,10.2139/ssrn.5243662,"Ti-Metalation of Chitosan Films by Vpm, Mpi and Peald Processes: An Avenue to Antiseptic Scaffolds and Functional Biopolymers",2025,preprint,0,Paula Solar,Finis Terrae University,"con DOI, y ese DOI no está en el universo",V2-26_obra_institucional_fuera_del_universo,media,"OpenAlex la atribuye a la institución y el universo no la tiene; puede ser producción fuera de Scopus, una atribución errónea, o un tipo documental excluido a propósito",PENDIENTE_REVISION_HUMANA,2026-08-26
https://openalex.org/W4410425417,10.24215/15155994e266,Cuidado colectivo y defensa de lo común: el cuidado como estrategia de resistencia entre mujeres rurales del Valle Central de Chile,2025,article,0,Rosario Undurraga,Finis Terrae University,"con DOI, y ese DOI no está en el universo",V2-26_obra_institucional_fuera_del_universo,media,"OpenAlex la atribuye a la institución y el universo no la tiene; puede ser producción fuera de Scopus, una atribución errónea, o un tipo documental excluido a propósito",PENDIENTE_REVISION_HUMANA,2026-08-26
https://openalex.org/W4410473466,10.70536/revanacem/v18n1-311024003,Maculopatía por Hidroxicloroquina: la detección precoz es la clave,2024,article,0,Gabriela Ghirardelli Vega,Finis Terrae University,"con DOI, y ese DOI no está en el universo",V2-26_obra_institucional_fuera_del_universo,media,"OpenAlex la atribuye a la institución y el universo no la tiene; puede ser producción fuera de Scopus, una atribución errónea, o un tipo documental excluido a propósito",PENDIENTE_REVISION_HUMANA,2026-08-26
https://openalex.org/W4410530056,10.1055/s-0045-1809036,Análisis Descriptivo y Analítico de la Implemetación de Cirugia con Asistencia Robótica en Artroplastia Unicompartimental en un Centro de Salud,2025,article,0,Vicente Sepúlveda,Finis Terrae University,"con DOI, y ese DOI no está en el universo",V2-26_obra_institucional_fuera_del_universo,media,"OpenAlex la atribuye a la institución y el universo no la tiene; puede ser producción fuera de Scopus, una atribución errónea, o un tipo documental excluido a propósito",PENDIENTE_REVISION_HUMANA,2026-08-26
https://openalex.org/W4410530131,10.1055/s-0045-1809057,Experiencia en Programa de Artroplastia Total de Rodilla Ambulatoria de un Centro en Chile: ¿Una Opción Segura y Viable?,2025,article,0,Juan Pablo Casas-Cordero,Finis Terrae University,"con DOI, y ese DOI no está en el universo",V2-26_obra_institucional_fuera_del_universo,media,"OpenAlex la atribuye a la institución y el universo no la tiene; puede ser producción fuera de Scopus, una atribución errónea, o un tipo documental excluido a propósito",PENDIENTE_REVISION_HUMANA,2026-08-26
https://openalex.org/W4410593575,10.24875/iris.24000006,Sospecha de mielodisplasia por examen de fondo de ojo con manchas de Roth. Reporte de un caso,2025,article,0,Gabriela Ghirardelli-Vega; Valeria Agurto-Romero; José A. León-Vargas; Pedro P. Garay-Pulgar,Finis Terrae University,"con DOI, y ese DOI no está en el universo",V2-26_obra_institucional_fuera_del_universo,media,"OpenAlex la atribuye a la institución y el universo no la tiene; puede ser producción fuera de Scopus, una atribución errónea, o un tipo documental excluido a propósito",PENDIENTE_REVISION_HUMANA,2026-08-26
https://openalex.org/W4410869524,10.1016/j.cdnut.2025.106300,Association Between 25-Hydroxyvitamin D Concentration and Sleep Outcomes in Chile: A Cross Sectional Study,2025,article,0,Sandra López‐Arana,Finis Terrae University,"con DOI, y ese DOI no está en el universo",V2-26_obra_institucional_fuera_del_universo,media,"OpenAlex la atribuye a la institución y el universo no la tiene; puede ser producción fuera de Scopus, una atribución errónea, o un tipo documental excluido a propósito",PENDIENTE_REVISION_HUMANA,2026-08-26
https://openalex.org/W4410880680,10.1016/j.freeradbiomed.2025.05.012,Molecular mechanisms underlying the redox regulation of muscle insulin action and exercise adaptations,2025,article,0,Carlos Henríquez‐Olguín,Finis Terrae University,"con DOI, y ese DOI no está en el universo",V2-26_obra_institucional_fuera_del_universo,media,"OpenAlex la atribuye a la institución y el universo no la tiene; puede ser producción fuera de Scopus, una atribución errónea, o un tipo documental excluido a propósito",PENDIENTE_REVISION_HUMANA,2026-08-26
https://openalex.org/W4410888013,10.38123/rer.v3i3.571,Agradecimientos,2025,article,0,Javier Díaz Tejo,Finis Terrae University,"con DOI, y ese DOI no está en el universo",V2-26_obra_institucional_fuera_del_universo,media,"OpenAlex la atribuye a la institución y el universo no la tiene; puede ser producción fuera de Scopus, una atribución errónea, o un tipo documental excluido a propósito",PENDIENTE_REVISION_HUMANA,2026-08-26
https://openalex.org/W4410888021,10.38123/rer.v3i3.569,Editorial,2025,editorial,0,Javier Díaz Tejo,Finis Terrae University,"con DOI, y ese DOI no está en el universo",V2-26_obra_institucional_fuera_del_universo,media,"OpenAlex la atribuye a la institución y el universo no la tiene; puede ser producción fuera de Scopus, una atribución errónea, o un tipo documental excluido a propósito",PENDIENTE_REVISION_HUMANA,2026-08-26
https://openalex.org/W4410995235,10.56754/0718-9958.2025.224,Analysis of the epidemiological distribution of emergency care for cardiovascular causes between 2018-2022 in Chile,2025,article,0,Paolo Caorsi,Finis Terrae University,"con DOI, y ese DOI no está en el universo",V2-26_obra_institucional_fuera_del_universo,media,"OpenAlex la atribuye a la institución y el universo no la tiene; puede ser producción fuera de Scopus, una atribución errónea, o un tipo documental excluido a propósito",PENDIENTE_REVISION_HUMANA,2026-08-26
https://openalex.org/W4411080277,10.47197/retos.v68.111468,Nutrición y ejercicio: claves para mejorar la vida de pacientes en hemodiálisis,2025,article,0,Caterina Tiscornia; Fabián Vásquez,Finis Terrae University,"con DOI, y ese DOI no está en el universo",V2-26_obra_institucional_fuera_del_universo,media,"OpenAlex la atribuye a la institución y el universo no la tiene; puede ser producción fuera de Scopus, una atribución errónea, o un tipo documental excluido a propósito",PENDIENTE_REVISION_HUMANA,2026-08-26
https://openalex.org/W4411140285,10.26448/ae9789566276425.126,Lenin y el leninismo en América Latina,2025,book,0,Manuel Loyola,Finis Terrae University,"con DOI, y ese DOI no está en el universo",V2-26_obra_institucional_fuera_del_universo,media,"OpenAlex la atribuye a la institución y el universo no la tiene; puede ser producción fuera de Scopus, una atribución errónea, o un tipo documental excluido a propósito",PENDIENTE_REVISION_HUMANA,2026-08-26
https://openalex.org/W4411266883,10.2139/ssrn.5293647,The Meaning of Necking in the Uniaxial Mechanical Testing of Polycrystalline Solids,2025,preprint,0,Miguel Lagos; Rodrígo Paredes,Finis Terrae University,"con DOI, y ese DOI no está en el universo",V2-26_obra_institucional_fuera_del_universo,media,"OpenAlex la atribuye a la institución y el universo no la tiene; puede ser producción fuera de Scopus, una atribución errónea, o un tipo documental excluido a propósito",PENDIENTE_REVISION_HUMANA,2026-08-26
https://openalex.org/W4411360670,10.53439/stdfyt55.28.2025.55-80,Modelando el mundo inorgánico,2025,article,0,Thomas Rego,Finis Terrae University,"con DOI, y ese DOI no está en el universo",V2-26_obra_institucional_fuera_del_universo,media,"OpenAlex la atribuye a la institución y el universo no la tiene; puede ser producción fuera de Scopus, una atribución errónea, o un tipo documental excluido a propósito",PENDIENTE_REVISION_HUMANA,2026-08-26
https://openalex.org/W4411687300,10.38123/psip.3.3,naturaleza de la enfermedad psicológica,2025,article,0,Berney Montoya Z.,Finis Terrae University,"con DOI, y ese DOI no está en el universo",V2-26_obra_institucional_fuera_del_universo,media,"OpenAlex la atribuye a la institución y el universo no la tiene; puede ser producción fuera de Scopus, una atribución errónea, o un tipo documental excluido a propósito",PENDIENTE_REVISION_HUMANA,2026-08-26
https://openalex.org/W4411687977,10.38123/psip.3.8,dimensión racional en la terapia EMDR,2025,article,0,Juan Pablo Rojas,Finis Terrae University,"con DOI, y ese DOI no está en el universo",V2-26_obra_institucional_fuera_del_universo,media,"OpenAlex la atribuye a la institución y el universo no la tiene; puede ser producción fuera de Scopus, una atribución errónea, o un tipo documental excluido a propósito",PENDIENTE_REVISION_HUMANA,2026-08-26
https://openalex.org/W4411687985,10.38123/psip.3.0,Presentación,2025,editorial,0,Pablo Verdier Mazzara,Finis Terrae University,"con DOI, y ese DOI no está en el universo",V2-26_obra_institucional_fuera_del_universo,media,"OpenAlex la atribuye a la institución y el universo no la tiene; puede ser producción fuera de Scopus, una atribución errónea, o un tipo documental excluido a propósito",PENDIENTE_REVISION_HUMANA,2026-08-26
https://openalex.org/W4411687987,10.38123/psip.3.7,Anotaciones tomistas sobre el uso del símbolo en psicoterapia,2025,article,0,Pablo Verdier M.,Finis Terrae University,"con DOI, y ese DOI no está en el universo",V2-26_obra_institucional_fuera_del_universo,media,"OpenAlex la atribuye a la institución y el universo no la tiene; puede ser producción fuera de Scopus, una atribución errónea, o un tipo documental excluido a propósito",PENDIENTE_REVISION_HUMANA,2026-08-26
https://openalex.org/W4411793577,10.62169/rg.i34.2545,Participación social de las personas mayores en Chile: una mirada de gobernanza,2025,article,0,Ángela Arenas Massa,Finis Terrae University,"con DOI, y ese DOI no está en el universo",V2-26_obra_institucional_fuera_del_universo,media,"OpenAlex la atribuye a la institución y el universo no la tiene; puede ser producción fuera de Scopus, una atribución errónea, o un tipo documental excluido a propósito",PENDIENTE_REVISION_HUMANA,2026-08-26
https://openalex.org/W4411864837,10.2139/ssrn.5334494,Integrating Experimental and Computational Insights into D-Amino Acid Inhibition of Aluminum Alloy 7075-T6 Corrosion in Saline Media,2025,preprint,0,Yoan Hidalgo‐Rosa,Finis Terrae University,"con DOI, y ese DOI no está en el universo",V2-26_obra_institucional_fuera_del_universo,media,"OpenAlex la atribuye a la institución y el universo no la tiene; puede ser producción fuera de Scopus, una atribución errónea, o un tipo documental excluido a propósito",PENDIENTE_REVISION_HUMANA,2026-08-26
https://openalex.org/W4411917584,10.59856/arch.soc.chil.med.deporte.v70i1.113,Adaptación Transcultural del cuestionario para valoración del fitness cardiorrespiratorio: CLINIMEX Aerobic Fitness Questionnaire,2025,article,0,Jorge Cancino-López; María Cifuentes; Nicolás Cruz Alaniz; Bárbara León Carrasco,Finis Terrae University,"con DOI, y ese DOI no está en el universo",V2-26_obra_institucional_fuera_del_universo,media,"OpenAlex la atribuye a la institución y el universo no la tiene; puede ser producción fuera de Scopus, una atribución errónea, o un tipo documental excluido a propósito",PENDIENTE_REVISION_HUMANA,2026-08-26
https://openalex.org/W4411983221,10.38123/rre.v5i2.527,"Familias y tutorías entre pares en escuelas rurales: Conocimientos, valoraciones y cambios",2025,article,0,Verónica Gubbins,Finis Terrae University,"con DOI, y ese DOI no está en el universo",V2-26_obra_institucional_fuera_del_universo,media,"OpenAlex la atribuye a la institución y el universo no la tiene; puede ser producción fuera de Scopus, una atribución errónea, o un tipo documental excluido a propósito",PENDIENTE_REVISION_HUMANA,2026-08-26
https://openalex.org/W4411983243,10.38123/rre.v5i2.604,Presentación,2025,editorial,0,Sebastián Escobar,Finis Terrae University,"con DOI, y ese DOI no está en el universo",V2-26_obra_institucional_fuera_del_universo,media,"OpenAlex la atribuye a la institución y el universo no la tiene; puede ser producción fuera de Scopus, una atribución errónea, o un tipo documental excluido a propósito",PENDIENTE_REVISION_HUMANA,2026-08-26
https://openalex.org/W4412073029,10.21703/2735-6345.3124,"Unity of life according to St. Josemaría Escrivá: a proposal for the secularised world, with St. Joseph as a model",2025,article,0,Kênio Angelo Dantas Freitas Estrela,Finis Terrae University,"con DOI, y ese DOI no está en el universo",V2-26_obra_institucional_fuera_del_universo,media,"OpenAlex la atribuye a la institución y el universo no la tiene; puede ser producción fuera de Scopus, una atribución errónea, o un tipo documental excluido a propósito",PENDIENTE_REVISION_HUMANA,2026-08-26
https://openalex.org/W4412135051,10.2139/ssrn.5342897,Pomegranate Peel Extract (Punica Granatum VAR. Wonderful) Counteracts Palmitate-Induced Insulin Resistance and Promotes Mitophagy in C2c12 Myotubes,2025,preprint,0,Juan Pablo Gutiérrez-Jara; Cristóbal Muñoz-Medina; Alfonso Carriel-Nesvara; Mauricio CastRo,Finis Terrae University,"con DOI, y ese DOI no está en el universo",V2-26_obra_institucional_fuera_del_universo,media,"OpenAlex la atribuye a la institución y el universo no la tiene; puede ser producción fuera de Scopus, una atribución errónea, o un tipo documental excluido a propósito",PENDIENTE_REVISION_HUMANA,2026-08-26
https://openalex.org/W4412375847,10.4185/rlcs-2026-2473,Teorías subjetivas sobre convivencia y violencia escolar en discurso experto en la prensa de 2022,2025,article,0,Verónica Gubbins,Finis Terrae University,"con DOI, y ese DOI no está en el universo",V2-26_obra_institucional_fuera_del_universo,media,"OpenAlex la atribuye a la institución y el universo no la tiene; puede ser producción fuera de Scopus, una atribución errónea, o un tipo documental excluido a propósito",PENDIENTE_REVISION_HUMANA,2026-08-26
https://openalex.org/W4412436475,10.5354/3087-2332.2025.79079,La ratificación del matrimonio religioso después de la reforma a la Ley de Matrimonio Civil por la Ley N° 21.676,2025,article,0,Juan Andrés Orrego Acuña,Finis Terrae University,"con DOI, y ese DOI no está en el universo",V2-26_obra_institucional_fuera_del_universo,media,"OpenAlex la atribuye a la institución y el universo no la tiene; puede ser producción fuera de Scopus, una atribución errónea, o un tipo documental excluido a propósito",PENDIENTE_REVISION_HUMANA,2026-08-26
https://openalex.org/W4412546572,10.3389/fragi.2025.1548667,Chronic pain in the Chilean population: risk factors prevalence and cognitive associations,2025,article,0,Teresita Montiel Ramos,Finis Terrae University,"con DOI, y ese DOI no está en el universo",V2-26_obra_institucional_fuera_del_universo,media,"OpenAlex la atribuye a la institución y el universo no la tiene; puede ser producción fuera de Scopus, una atribución errónea, o un tipo documental excluido a propósito",PENDIENTE_REVISION_HUMANA,2026-08-26
https://openalex.org/W4412565845,10.20453/spirat.v3ine1.5473,Inclusión de los Objetivos de Desarrollo Sostenible en cursos de Nutrición y Dietética de la Universidad de Chile: ¿Qué pasa en el aula?,2025,article,0,Karen Basfi-fer,Finis Terrae University,"con DOI, y ese DOI no está en el universo",V2-26_obra_institucional_fuera_del_universo,media,"OpenAlex la atribuye a la institución y el universo no la tiene; puede ser producción fuera de Scopus, una atribución errónea, o un tipo documental excluido a propósito",PENDIENTE_REVISION_HUMANA,2026-08-26
https://openalex.org/W4412608999,10.17561/rtc.28.9512,ANIMA. Las artes escénicas como experiencia y vivencia para debatir sobre problemas sociales en educación primaria.,2025,article,0,Carmen Gloria Sánchez Duque,Finis Terrae University,"con DOI, y ese DOI no está en el universo",V2-26_obra_institucional_fuera_del_universo,media,"OpenAlex la atribuye a la institución y el universo no la tiene; puede ser producción fuera de Scopus, una atribución errónea, o un tipo documental excluido a propósito",PENDIENTE_REVISION_HUMANA,2026-08-26
https://openalex.org/W4412622079,10.22533/at.ed.2165925260610,CHARACTERIZATION OF THE PATTERN OF PARTIAL EDENTULOUSNESS IN ADULT PATIENTS BY MEANS OF THE KENNEDY CLASSIFICATION,2025,article,0,Bruno Verdugo; Camilo Provoste; César Guzmán; Julio Huerta‐Espino; Patricia Moya,Finis Terrae University,"con DOI, y ese DOI no está en el universo",V2-26_obra_institucional_fuera_del_universo,media,"OpenAlex la atribuye a la institución y el universo no la tiene; puede ser producción fuera de Scopus, una atribución errónea, o un tipo documental excluido a propósito",PENDIENTE_REVISION_HUMANA,2026-08-26
https://openalex.org/W4412717942,10.4067/s0718-381x2025000200183,Deformidad Facial en Mentón de Bruja: Presentación de una Técnica Quirúrgica,2025,article,0,Roberto Ariel Macchiavello-Macho,Finis Terrae University,"con DOI, y ese DOI no está en el universo",V2-26_obra_institucional_fuera_del_universo,media,"OpenAlex la atribuye a la institución y el universo no la tiene; puede ser producción fuera de Scopus, una atribución errónea, o un tipo documental excluido a propósito",PENDIENTE_REVISION_HUMANA,2026-08-26
https://openalex.org/W4412738376,10.21703/rexe.v24i55.3125,Transdisciplina y complejidad en perfiles de egreso de Pedagogía en Educación Parvularia en Chile,2025,article,0,Carola Zañartu Canihuante,Finis Terrae University,"con DOI, y ese DOI no está en el universo",V2-26_obra_institucional_fuera_del_universo,media,"OpenAlex la atribuye a la institución y el universo no la tiene; puede ser producción fuera de Scopus, una atribución errónea, o un tipo documental excluido a propósito",PENDIENTE_REVISION_HUMANA,2026-08-26
https://openalex.org/W4412792919,10.22395/csye.v12n24a8,Enamorarse en clave robótica. Primeros materiales para pensar el amor humano-máquina,2024,article,0,Valeria Radrigán,Finis Terrae University,"con DOI, y ese DOI no está en el universo",V2-26_obra_institucional_fuera_del_universo,media,"OpenAlex la atribuye a la institución y el universo no la tiene; puede ser producción fuera de Scopus, una atribución errónea, o un tipo documental excluido a propósito",PENDIENTE_REVISION_HUMANA,2026-08-26
https://openalex.org/W4412982913,10.5354/0719-5338.2025.78977,"Senadores Nacionales para Chile: una propuesta para justificar el bicameralismo, y evitar el turismo electoral",2025,article,0,Benjamín González Lagos,Finis Terrae University,"con DOI, y ese DOI no está en el universo",V2-26_obra_institucional_fuera_del_universo,media,"OpenAlex la atribuye a la institución y el universo no la tiene; puede ser producción fuera de Scopus, una atribución errónea, o un tipo documental excluido a propósito",PENDIENTE_REVISION_HUMANA,2026-08-26
https://openalex.org/W4413010154,10.21203/rs.3.rs-7115282/v1,"Surgical site infection in pediatric patients undergoing cardiac surgery with delayed sternal closure: experience from a center in Chile, South America (2015–2020)",2025,preprint,0,Paulo Valderrama,Finis Terrae University,"con DOI, y ese DOI no está en el universo",V2-26_obra_institucional_fuera_del_universo,media,"OpenAlex la atribuye a la institución y el universo no la tiene; puede ser producción fuera de Scopus, una atribución errónea, o un tipo documental excluido a propósito",PENDIENTE_REVISION_HUMANA,2026-08-26
https://openalex.org/W4413314677,10.2139/ssrn.5396257,New Theoretical Approach to the Plastic Deformation and Fracture of Polycrystalline Solids Applied to Nickel Superalloys,2025,preprint,0,Miguel Lagos; Rodrígo Paredes,Finis Terrae University,"con DOI, y ese DOI no está en el universo",V2-26_obra_institucional_fuera_del_universo,media,"OpenAlex la atribuye a la institución y el universo no la tiene; puede ser producción fuera de Scopus, una atribución errónea, o un tipo documental excluido a propósito",PENDIENTE_REVISION_HUMANA,2026-08-26
https://openalex.org/W4413327902,10.2139/ssrn.5386797,Mapping Weight Stigma in Food-Based Dietary Guidelines Across Latin America and the Caribbean: A Qualitative Analysis,2025,preprint,0,Sandra López‐Arana; Karen Basfi-fer; Caterina Tiscornia; Carolina Estremadoyro,Finis Terrae University,"con DOI, y ese DOI no está en el universo",V2-26_obra_institucional_fuera_del_universo,media,"OpenAlex la atribuye a la institución y el universo no la tiene; puede ser producción fuera de Scopus, una atribución errónea, o un tipo documental excluido a propósito",PENDIENTE_REVISION_HUMANA,2026-08-26
https://openalex.org/W4413407494,10.20944/preprints202508.1423.v1,"Minimal Residual Disease in Breast Cancer, Methods of Its Detection, Treatment and Can It Prevent Metastasis?",2025,preprint,0,Sócrates Aedo,Finis Terrae University,"con DOI, y ese DOI no está en el universo",V2-26_obra_institucional_fuera_del_universo,media,"OpenAlex la atribuye a la institución y el universo no la tiene; puede ser producción fuera de Scopus, una atribución errónea, o un tipo documental excluido a propósito",PENDIENTE_REVISION_HUMANA,2026-08-26
https://openalex.org/W4413821241,10.1016/j.jtho.2025.07.094,PP01.69: Impact on Survival of the Incorporation of High-Cost Drugs Program to Lung Cancer Therapy in the Chilean Public System,2025,conference-abstract,0,Rene Letelier-Farias,Finis Terrae University,"con DOI, y ese DOI no está en el universo",V2-26_obra_institucional_fuera_del_universo,media,"OpenAlex la atribuye a la institución y el universo no la tiene; puede ser producción fuera de Scopus, una atribución errónea, o un tipo documental excluido a propósito",PENDIENTE_REVISION_HUMANA,2026-08-26
https://openalex.org/W4413953921,10.1007/978-3-319-31739-7_54-1,Property Right: Chilean Perspective,2025,reference-entry,0,Ignacio Covarrubias Cuevas,Finis Terrae University,"con DOI, y ese DOI no está en el universo",V2-26_obra_institucional_fuera_del_universo,media,"OpenAlex la atribuye a la institución y el universo no la tiene; puede ser producción fuera de Scopus, una atribución errónea, o un tipo documental excluido a propósito",PENDIENTE_REVISION_HUMANA,2026-08-26
https://openalex.org/W4414028645,10.70536/revanacem/v19n2-202564,Panorama Nacional de la Uretritis en Chile: Tasas de egreso hospitalario y poblaciones de riesgo entre 2020 y 2023,2025,article,0,Sofia Silva Vergara,Finis Terrae University,"con DOI, y ese DOI no está en el universo",V2-26_obra_institucional_fuera_del_universo,media,"OpenAlex la atribuye a la institución y el universo no la tiene; puede ser producción fuera de Scopus, una atribución errónea, o un tipo documental excluido a propósito",PENDIENTE_REVISION_HUMANA,2026-08-26
https://openalex.org/W4414119629,10.7764/rda.15.83868,El principio de legalidad en el derecho administrativo sancionador: Reflexiones a partir de un caso de multa sanitaria en Chile,2025,article,0,Joaquín Palma Cruzat,Finis Terrae University,"con DOI, y ese DOI no está en el universo",V2-26_obra_institucional_fuera_del_universo,media,"OpenAlex la atribuye a la institución y el universo no la tiene; puede ser producción fuera de Scopus, una atribución errónea, o un tipo documental excluido a propósito",PENDIENTE_REVISION_HUMANA,2026-08-26
https://openalex.org/W4414158035,10.1080/01416200.2025.2555987,Towards an integral vision of religious education,2025,article,0,Javier Díaz Tejo,Finis Terrae University,"con DOI, y ese DOI no está en el universo",V2-26_obra_institucional_fuera_del_universo,media,"OpenAlex la atribuye a la institución y el universo no la tiene; puede ser producción fuera de Scopus, una atribución errónea, o un tipo documental excluido a propósito",PENDIENTE_REVISION_HUMANA,2026-08-26
https://openalex.org/W4414293502,10.1155/crh/5560781,"Intravascular Lymphoma Presenting as Multiple Endocrine Failure, Transforming Into the Hemophagocytic Variant, and Relapsing as a Thrombotic Microangiopathy",2025,article,0,Nigel P Murray; Dan Hartmann,Finis Terrae University,"con DOI, y ese DOI no está en el universo",V2-26_obra_institucional_fuera_del_universo,media,"OpenAlex la atribuye a la institución y el universo no la tiene; puede ser producción fuera de Scopus, una atribución errónea, o un tipo documental excluido a propósito",PENDIENTE_REVISION_HUMANA,2026-08-26
https://openalex.org/W4414457435,10.32457/rjyd.v8it.2903,Consentimiento y plataformas electrónicas,2025,article,0,Betty Martínez-Cárdenas,Finis Terrae University,"con DOI, y ese DOI no está en el universo",V2-26_obra_institucional_fuera_del_universo,media,"OpenAlex la atribuye a la institución y el universo no la tiene; puede ser producción fuera de Scopus, una atribución errónea, o un tipo documental excluido a propósito",PENDIENTE_REVISION_HUMANA,2026-08-26
https://openalex.org/W4414600299,10.2139/ssrn.5546524,Transitional dynamics of groundwater regulation,2025,preprint,0,Mauricio Sauma,Finis Terrae University,"con DOI, y ese DOI no está en el universo",V2-26_obra_institucional_fuera_del_universo,media,"OpenAlex la atribuye a la institución y el universo no la tiene; puede ser producción fuera de Scopus, una atribución errónea, o un tipo documental excluido a propósito",PENDIENTE_REVISION_HUMANA,2026-08-26
https://openalex.org/W4414620796,10.24875/bmhime.m25000086,Development of a national daily monitoring system for demand and capacity of pediatric intensive care units during a respiratory epidemic in Uruguay,2025,article,0,Cristóbal Carvajal,Finis Terrae University,"con DOI, y ese DOI no está en el universo",V2-26_obra_institucional_fuera_del_universo,media,"OpenAlex la atribuye a la institución y el universo no la tiene; puede ser producción fuera de Scopus, una atribución errónea, o un tipo documental excluido a propósito",PENDIENTE_REVISION_HUMANA,2026-08-26
https://openalex.org/W4414729841,10.1007/978-3-032-00718-6_9,"BOLDSC: A New Dynamic, Secondary-Memory Metric Index",2025,conference-paper,0,Rodrígo Paredes,Finis Terrae University,"con DOI, y ese DOI no está en el universo",V2-26_obra_institucional_fuera_del_universo,media,"OpenAlex la atribuye a la institución y el universo no la tiene; puede ser producción fuera de Scopus, una atribución errónea, o un tipo documental excluido a propósito",PENDIENTE_REVISION_HUMANA,2026-08-26
https://openalex.org/W4414801168,10.1016/j.nmd.2025.105679,132PValidation of muscle phenotype in a COG1-related congenital muscular dystrophy patient without central nervous system involvement using a zebrafish model,2025,article,0,C. Castiglioni,Finis Terrae University,"con DOI, y ese DOI no está en el universo",V2-26_obra_institucional_fuera_del_universo,media,"OpenAlex la atribuye a la institución y el universo no la tiene; puede ser producción fuera de Scopus, una atribución errónea, o un tipo documental excluido a propósito",PENDIENTE_REVISION_HUMANA,2026-08-26
https://openalex.org/W4414801416,10.1016/j.nmd.2025.105689,142PPhenotypical and genotypical characterization of a cohort of 196 COL6-RD patients in Europe and Chile,2025,article,0,Claudia Castiglioni; B. Suárez,Finis Terrae University,"con DOI, y ese DOI no está en el universo",V2-26_obra_institucional_fuera_del_universo,media,"OpenAlex la atribuye a la institución y el universo no la tiene; puede ser producción fuera de Scopus, una atribución errónea, o un tipo documental excluido a propósito",PENDIENTE_REVISION_HUMANA,2026-08-26
https://openalex.org/W4415511063,10.24822/rjduandes.0901.9,Límites del deber de seguridad del empleador en la jurisprudencia chilena,2025,article,0,José Tomás Méndez Purcell,Finis Terrae University,"con DOI, y ese DOI no está en el universo",V2-26_obra_institucional_fuera_del_universo,media,"OpenAlex la atribuye a la institución y el universo no la tiene; puede ser producción fuera de Scopus, una atribución errónea, o un tipo documental excluido a propósito",PENDIENTE_REVISION_HUMANA,2026-08-26
https://openalex.org/W4415519204,10.1016/j.jtho.2025.09.1671,"EP.14.27 mTOr Inhibitor as Treatment Inpulmonary Epithelioid Hemangioendothelioma, a Case Series",2025,article,0,Roger Leme da Silva Farias,Finis Terrae University,"con DOI, y ese DOI no está en el universo",V2-26_obra_institucional_fuera_del_universo,media,"OpenAlex la atribuye a la institución y el universo no la tiene; puede ser producción fuera de Scopus, una atribución errónea, o un tipo documental excluido a propósito",PENDIENTE_REVISION_HUMANA,2026-08-26
https://openalex.org/W4415520344,10.1016/j.jtho.2025.09.1729,EP.17.27 Real-World Impact on Overall Survival of High-Cost Targeted and Immunotherapies in Lung Cancer Patients Under Chile's DAC Program,2025,article,0,Richard Farias,Finis Terrae University,"con DOI, y ese DOI no está en el universo",V2-26_obra_institucional_fuera_del_universo,media,"OpenAlex la atribuye a la institución y el universo no la tiene; puede ser producción fuera de Scopus, una atribución errónea, o un tipo documental excluido a propósito",PENDIENTE_REVISION_HUMANA,2026-08-26
https://openalex.org/W4415555129,10.31977/grirfi.v25i3.5424,"Holismo semántico y metáforas: estructura, contexto y variación interpretativa",2025,article,0,Kênio Angelo Dantas Freitas Estrela,Finis Terrae University,"con DOI, y ese DOI no está en el universo",V2-26_obra_institucional_fuera_del_universo,media,"OpenAlex la atribuye a la institución y el universo no la tiene; puede ser producción fuera de Scopus, una atribución errónea, o un tipo documental excluido a propósito",PENDIENTE_REVISION_HUMANA,2026-08-26
https://openalex.org/W4415603401,10.1155/crig/8822406,Novel SIAH1 Frameshift Variant in a Chilean Patient With Buratti–Harel Syndrome,2025,article,0,Catalina Nakousi M,Finis Terrae University,"con DOI, y ese DOI no está en el universo",V2-26_obra_institucional_fuera_del_universo,media,"OpenAlex la atribuye a la institución y el universo no la tiene; puede ser producción fuera de Scopus, una atribución errónea, o un tipo documental excluido a propósito",PENDIENTE_REVISION_HUMANA,2026-08-26
https://openalex.org/W4415825535,10.38123/rer.v3i4.890,Agradecimientos,2025,article,0,Javier Díaz Tejo,Finis Terrae University,"con DOI, y ese DOI no está en el universo",V2-26_obra_institucional_fuera_del_universo,media,"OpenAlex la atribuye a la institución y el universo no la tiene; puede ser producción fuera de Scopus, una atribución errónea, o un tipo documental excluido a propósito",PENDIENTE_REVISION_HUMANA,2026-08-26
https://openalex.org/W4415825585,10.38123/rer.v3i4.889,Editorial,2025,editorial,0,Javier Díaz Tejo,Finis Terrae University,"con DOI, y ese DOI no está en el universo",V2-26_obra_institucional_fuera_del_universo,media,"OpenAlex la atribuye a la institución y el universo no la tiene; puede ser producción fuera de Scopus, una atribución errónea, o un tipo documental excluido a propósito",PENDIENTE_REVISION_HUMANA,2026-08-26
https://openalex.org/W4415878147,10.15517/q8zbnr30,"Prevalence and Severity of Dental Caries in Children and Adolescents in Rapa Nui, 2023-2024",2025,article,0,Patrícia Rivera; Sebastián Zamorano Vidal,Finis Terrae University,"con DOI, y ese DOI no está en el universo",V2-26_obra_institucional_fuera_del_universo,media,"OpenAlex la atribuye a la institución y el universo no la tiene; puede ser producción fuera de Scopus, una atribución errónea, o un tipo documental excluido a propósito",PENDIENTE_REVISION_HUMANA,2026-08-26
https://openalex.org/W4416020218,10.1016/bs.ircmb.2025.10.005,Impact of different exercise modalities on mitophagy in human skeletal muscle,2025,book-chapter,0,Cristóbal Muñoz-Medina; Alfonso Carriel-Nesvara; Mauricio Castro-Sepulveda,Finis Terrae University,"con DOI, y ese DOI no está en el universo",V2-26_obra_institucional_fuera_del_universo,media,"OpenAlex la atribuye a la institución y el universo no la tiene; puede ser producción fuera de Scopus, una atribución errónea, o un tipo documental excluido a propósito",PENDIENTE_REVISION_HUMANA,2026-08-26
https://openalex.org/W4416174976,10.7764/rda.13.75101,"Constitucionalismo y partidos políticos: Ascenso, funciones y crisis",2024,article,0,Juan Carlos Gazmuri Barker,Finis Terrae University,"con DOI, y ese DOI no está en el universo",V2-26_obra_institucional_fuera_del_universo,media,"OpenAlex la atribuye a la institución y el universo no la tiene; puede ser producción fuera de Scopus, una atribución errónea, o un tipo documental excluido a propósito",PENDIENTE_REVISION_HUMANA,2026-08-26
https://openalex.org/W4416253718,10.4000/155bm,Quimeras vegetales,2025,article,0,Patricia Poblete Alday,Finis Terrae University,"con DOI, y ese DOI no está en el universo",V2-26_obra_institucional_fuera_del_universo,media,"OpenAlex la atribuye a la institución y el universo no la tiene; puede ser producción fuera de Scopus, una atribución errónea, o un tipo documental excluido a propósito",PENDIENTE_REVISION_HUMANA,2026-08-26
https://openalex.org/W4416356447,10.1016/j.accpm.2025.101677,Beyond technical skills: A scoping review on emotions in critical care in situ simulation Training,2025,article,0,J. Valverde García; Andrés Ferre; Andrés Giglio; Pablo Hasbún,Finis Terrae University,"con DOI, y ese DOI no está en el universo",V2-26_obra_institucional_fuera_del_universo,media,"OpenAlex la atribuye a la institución y el universo no la tiene; puede ser producción fuera de Scopus, una atribución errónea, o un tipo documental excluido a propósito",PENDIENTE_REVISION_HUMANA,2026-08-26
https://openalex.org/W4416465426,10.2139/ssrn.5781607,Enhancing a Dual Anion Chemosensor through Structural Modifications: Theoretical Insights to Tune their Optical Properties,2025,preprint,0,Yoan Hidalgo‐Rosa,Finis Terrae University,"con DOI, y ese DOI no está en el universo",V2-26_obra_institucional_fuera_del_universo,media,"OpenAlex la atribuye a la institución y el universo no la tiene; puede ser producción fuera de Scopus, una atribución errónea, o un tipo documental excluido a propósito",PENDIENTE_REVISION_HUMANA,2026-08-26
https://openalex.org/W4416614741,10.5256/f1000research.160108.r286385,"Peer Review Report For: In silico analysis of the action of saturated, monounsaturated, and polyunsaturated fatty acids against Echinococcus granulosus fatty-acid-binding protein 1 [version 1; peer review: 3 approved with reservations]",2024,peer-review,0,Yoan Hidalgo Rosa,Finis Terrae University,"con DOI, y ese DOI no está en el universo",V2-26_obra_institucional_fuera_del_universo,media,"OpenAlex la atribuye a la institución y el universo no la tiene; puede ser producción fuera de Scopus, una atribución errónea, o un tipo documental excluido a propósito",PENDIENTE_REVISION_HUMANA,2026-08-26
https://openalex.org/W4416645963,10.5256/f1000research.173169.r342392,"Peer Review Report For: In silico analysis of the action of saturated, monounsaturated, and polyunsaturated fatty acids against Echinococcus granulosus fatty-acid-binding protein 1 [version 2; peer review: 1 approved, 2 approved with reservations]",2024,peer-review,0,Yoan Hidalgo Rosa,Finis Terrae University,"con DOI, y ese DOI no está en el universo",V2-26_obra_institucional_fuera_del_universo,media,"OpenAlex la atribuye a la institución y el universo no la tiene; puede ser producción fuera de Scopus, una atribución errónea, o un tipo documental excluido a propósito",PENDIENTE_REVISION_HUMANA,2026-08-26
https://openalex.org/W4416648728,10.5354/0718-2236.2025.80903,Las aspiraciones importan. Una revisión conceptual para el estudio de las juventudes.,2025,article,0,Carolina Álvarez Valdés,Finis Terrae University,"con DOI, y ese DOI no está en el universo",V2-26_obra_institucional_fuera_del_universo,media,"OpenAlex la atribuye a la institución y el universo no la tiene; puede ser producción fuera de Scopus, una atribución errónea, o un tipo documental excluido a propósito",PENDIENTE_REVISION_HUMANA,2026-08-26
https://openalex.org/W4416650669,10.5256/f1000research.160108.r286389,"Peer Review Report For: In silico analysis of the action of saturated, monounsaturated, and polyunsaturated fatty acids against Echinococcus granulosus fatty-acid-binding protein 1 [version 1; peer review: 3 approved with reservations]",2024,peer-review,0,Yoan Hidalgo Rosa,Finis Terrae University,"con DOI, y ese DOI no está en el universo",V2-26_obra_institucional_fuera_del_universo,media,"OpenAlex la atribuye a la institución y el universo no la tiene; puede ser producción fuera de Scopus, una atribución errónea, o un tipo documental excluido a propósito",PENDIENTE_REVISION_HUMANA,2026-08-26
https://openalex.org/W4416702347,10.18272/pd.v9i1.3955,Narrativas del duelo en televisión,2025,article,0,A. Ventura Pérez; Cevallos Palacios; Paz Crisóstomo Flores,Finis Terrae University,"con DOI, y ese DOI no está en el universo",V2-26_obra_institucional_fuera_del_universo,media,"OpenAlex la atribuye a la institución y el universo no la tiene; puede ser producción fuera de Scopus, una atribución errónea, o un tipo documental excluido a propósito",PENDIENTE_REVISION_HUMANA,2026-08-26
https://openalex.org/W4416796071,10.1016/j.recot.2025.11.032,Pendiente tibial en reconstrucción de ligamento cruzado anterior: ¿cuándo debe corregirse?,2025,article,0,Tomás Pineda,Finis Terrae University,"con DOI, y ese DOI no está en el universo",V2-26_obra_institucional_fuera_del_universo,media,"OpenAlex la atribuye a la institución y el universo no la tiene; puede ser producción fuera de Scopus, una atribución errónea, o un tipo documental excluido a propósito",PENDIENTE_REVISION_HUMANA,2026-08-26
https://openalex.org/W4416895969,10.1186/s13063-025-09231-9,Effects of transcutaneous electrical nerve stimulation for the treatment of pain and respiratory function following mastopexy with augmentation: study protocol for a randomized controlled trial,2025,article,0,Esteban Fortuny,Finis Terrae University,"con DOI, y ese DOI no está en el universo",V2-26_obra_institucional_fuera_del_universo,media,"OpenAlex la atribuye a la institución y el universo no la tiene; puede ser producción fuera de Scopus, una atribución errónea, o un tipo documental excluido a propósito",PENDIENTE_REVISION_HUMANA,2026-08-26
https://openalex.org/W4416982453,10.5944/rdp.124.2025.46897,Las observaciones generales del comité PIDESC en la jurisprudencia de la Corte Suprema chilena sobre derechos sociales. Comentario crítico,2025,article,0,Rodrigo Andrés Poyanco Bugueño,Finis Terrae University,"con DOI, y ese DOI no está en el universo",V2-26_obra_institucional_fuera_del_universo,media,"OpenAlex la atribuye a la institución y el universo no la tiene; puede ser producción fuera de Scopus, una atribución errónea, o un tipo documental excluido a propósito",PENDIENTE_REVISION_HUMANA,2026-08-26
https://openalex.org/W4416987194,10.1123/ijspp.2025-0231,Life in the Fast Lane: Performance Predictions for the Newest 50-m Events on the Olympic Games Swimming Schedule,2025,article,0,Iñigo Mujika,Finis Terrae University,"con DOI, y ese DOI no está en el universo",V2-26_obra_institucional_fuera_del_universo,media,"OpenAlex la atribuye a la institución y el universo no la tiene; puede ser producción fuera de Scopus, una atribución errónea, o un tipo documental excluido a propósito",PENDIENTE_REVISION_HUMANA,2026-08-26
https://openalex.org/W4417015840,10.21703/issn2735-6337/2025.n47.01,Polarización política y socialización natural en los algoritmos computacionales,2025,article,0,Alberto Díaz Rivero,Finis Terrae University,"con DOI, y ese DOI no está en el universo",V2-26_obra_institucional_fuera_del_universo,media,"OpenAlex la atribuye a la institución y el universo no la tiene; puede ser producción fuera de Scopus, una atribución errónea, o un tipo documental excluido a propósito",PENDIENTE_REVISION_HUMANA,2026-08-26
https://openalex.org/W4417177784,10.1016/j.ejwf.2025.07.292,"288 - Elongated mandibular second premolar, a rare morphological anomaly and its repercussions in orthodontic treatment. A case report",2025,article,0,F Pimentel; Zvonimir Zlatar; Jan Franco Carvallo,Finis Terrae University,"con DOI, y ese DOI no está en el universo",V2-26_obra_institucional_fuera_del_universo,media,"OpenAlex la atribuye a la institución y el universo no la tiene; puede ser producción fuera de Scopus, una atribución errónea, o un tipo documental excluido a propósito",PENDIENTE_REVISION_HUMANA,2026-08-26
https://openalex.org/W4417178061,10.1016/j.ejwf.2025.07.482,478 - Review and proposal of protocol for clinical studies of temporary anchorage device’s success,2025,article,0,Claudia Zuñiga Reyes; Isaias Campbell; Jan Franco Carvallo; Claudia Valenzuela-Zúñiga,Finis Terrae University,"con DOI, y ese DOI no está en el universo",V2-26_obra_institucional_fuera_del_universo,media,"OpenAlex la atribuye a la institución y el universo no la tiene; puede ser producción fuera de Scopus, una atribución errónea, o un tipo documental excluido a propósito",PENDIENTE_REVISION_HUMANA,2026-08-26
https://openalex.org/W4417323562,10.1016/j.piel.2025.06.010,Hipoplasia dérmica focal,2025,article,0,Daniza Bilicic,Finis Terrae University,"con DOI, y ese DOI no está en el universo",V2-26_obra_institucional_fuera_del_universo,media,"OpenAlex la atribuye a la institución y el universo no la tiene; puede ser producción fuera de Scopus, una atribución errónea, o un tipo documental excluido a propósito",PENDIENTE_REVISION_HUMANA,2026-08-26
https://openalex.org/W4417436740,10.1123/ijspp.2025-0378,From Underperformance to Olympic Finals in a World-Class Male Single Sculler: A Case Study,2025,article,0,Iñigo Mujika,Finis Terrae University,"con DOI, y ese DOI no está en el universo",V2-26_obra_institucional_fuera_del_universo,media,"OpenAlex la atribuye a la institución y el universo no la tiene; puede ser producción fuera de Scopus, una atribución errónea, o un tipo documental excluido a propósito",PENDIENTE_REVISION_HUMANA,2026-08-26
https://openalex.org/W4417437180,10.7775/rac.v92i4.395,Cartas de lectores,2024,article,0,Fernando Verdugo,Finis Terrae University,"con DOI, y ese DOI no está en el universo",V2-26_obra_institucional_fuera_del_universo,media,"OpenAlex la atribuye a la institución y el universo no la tiene; puede ser producción fuera de Scopus, una atribución errónea, o un tipo documental excluido a propósito",PENDIENTE_REVISION_HUMANA,2026-08-26
https://openalex.org/W7106649433,10.17151/rlef.2025.17.1.10,Crisis de natalidad y psicología,2025,article,0,Denisse Smith Dufey; Valentina Velarde Lizama,Finis Terrae University,"con DOI, y ese DOI no está en el universo",V2-26_obra_institucional_fuera_del_universo,media,"OpenAlex la atribuye a la institución y el universo no la tiene; puede ser producción fuera de Scopus, una atribución errónea, o un tipo documental excluido a propósito",PENDIENTE_REVISION_HUMANA,2026-08-26
https://openalex.org/W7110397290,10.1017/s0307883325100849,Global Climate Education and Its Discontent: Using Drama to Forge a New Way,2025,article,0,Andrea Casals-Hill,Finis Terrae University,"con DOI, y ese DOI no está en el universo",V2-26_obra_institucional_fuera_del_universo,media,"OpenAlex la atribuye a la institución y el universo no la tiene; puede ser producción fuera de Scopus, una atribución errónea, o un tipo documental excluido a propósito",PENDIENTE_REVISION_HUMANA,2026-08-26
https://openalex.org/W7115885832,10.5354/0718-672x.2025.78931,Síndrome de Mayer-Rokitansky-Küster-Hauser: a propósito de un caso de amenorrea primaria,2025,article,0,Catalina Castro Lastarria,Finis Terrae University,"con DOI, y ese DOI no está en el universo",V2-26_obra_institucional_fuera_del_universo,media,"OpenAlex la atribuye a la institución y el universo no la tiene; puede ser producción fuera de Scopus, una atribución errónea, o un tipo documental excluido a propósito",PENDIENTE_REVISION_HUMANA,2026-08-26
https://openalex.org/W7116684314,10.21203/rs.3.rs-8399476/v1,CUP-Ω∗: a covariant GKLS–Einstein–Langevin universal equation for thermodynamically consistent quantum–informational dynamics in the CUCE/Spinoza/Hilbert framework,2025,preprint,0,Vicente Merino Gallardo,Finis Terrae University,"con DOI, y ese DOI no está en el universo",V2-26_obra_institucional_fuera_del_universo,media,"OpenAlex la atribuye a la institución y el universo no la tiene; puede ser producción fuera de Scopus, una atribución errónea, o un tipo documental excluido a propósito",PENDIENTE_REVISION_HUMANA,2026-08-26
https://openalex.org/W7117191674,,El influjo del movimiento afectivo en la operación de los sentidos internos y en el juicio del intelecto práctico,2025,conference-paper,0,Hernán Muszalski,Finis Terrae University,OpenAlex no le asigna DOI: no se puede afirmar que falte,V2-26_obra_institucional_fuera_del_universo,media,"OpenAlex la atribuye a la institución y el universo no la tiene; puede ser producción fuera de Scopus, una atribución errónea, o un tipo documental excluido a propósito",PENDIENTE_REVISION_HUMANA,2026-08-26
https://openalex.org/W7117407106,10.17561/rtc.extra10.9862,"Cámara, Acción y Debate. Los medios audiovisuales como metodologías transformadoras en el aula.",2025,article,0,CARMEN SÁNCHEZ DUQUE; Gonzalo Andrés Ruiz Muñoz,Finis Terrae University,"con DOI, y ese DOI no está en el universo",V2-26_obra_institucional_fuera_del_universo,media,"OpenAlex la atribuye a la institución y el universo no la tiene; puede ser producción fuera de Scopus, una atribución errónea, o un tipo documental excluido a propósito",PENDIENTE_REVISION_HUMANA,2026-08-26
https://openalex.org/W7117465968,10.5354/0719-837x.2025.80011,Resistencias materiales: El desecho como dispositivo afectivo,2025,article,0,Clarisa Menteguiaga,Finis Terrae University,"con DOI, y ese DOI no está en el universo",V2-26_obra_institucional_fuera_del_universo,media,"OpenAlex la atribuye a la institución y el universo no la tiene; puede ser producción fuera de Scopus, una atribución errónea, o un tipo documental excluido a propósito",PENDIENTE_REVISION_HUMANA,2026-08-26
https://openalex.org/W7117467320,10.5354/0719-837x.2025.80880,Arcillas del Maipo: Exploración material e identitaria para la cerámica contemporánea local,2025,article,0,Francisca Gilí,Finis Terrae University,"con DOI, y ese DOI no está en el universo",V2-26_obra_institucional_fuera_del_universo,media,"OpenAlex la atribuye a la institución y el universo no la tiene; puede ser producción fuera de Scopus, una atribución errónea, o un tipo documental excluido a propósito",PENDIENTE_REVISION_HUMANA,2026-08-26
https://openalex.org/W7118176004,10.5354/2735-7473.2025.82613,Madres del mar: maternar y cuidar en las caletas pesqueras,2025,article,0,Rosario Undurraga; Camilo Basualto,Finis Terrae University,"con DOI, y ese DOI no está en el universo",V2-26_obra_institucional_fuera_del_universo,media,"OpenAlex la atribuye a la institución y el universo no la tiene; puede ser producción fuera de Scopus, una atribución errónea, o un tipo documental excluido a propósito",PENDIENTE_REVISION_HUMANA,2026-08-26
https://openalex.org/W7118177741,10.15691/textoshibridos.v10i1.180,"Reseña de Tal vez como en todas partes, de Rosamel del Valle, editado por Macarena Urzúa",2023,article,0,Gastón Carrasco Aguilar,Finis Terrae University,"con DOI, y ese DOI no está en el universo",V2-26_obra_institucional_fuera_del_universo,media,"OpenAlex la atribuye a la institución y el universo no la tiene; puede ser producción fuera de Scopus, una atribución errónea, o un tipo documental excluido a propósito",PENDIENTE_REVISION_HUMANA,2026-08-26
https://openalex.org/W7118903314,10.35588/spcjnq58,Comunicación en canciones inspiradas por noticias: Construyendo memoria de víctimas,2025,article,0,Arturo Figueroa-Bustos,Finis Terrae University,"con DOI, y ese DOI no está en el universo",V2-26_obra_institucional_fuera_del_universo,media,"OpenAlex la atribuye a la institución y el universo no la tiene; puede ser producción fuera de Scopus, una atribución errónea, o un tipo documental excluido a propósito",PENDIENTE_REVISION_HUMANA,2026-08-26
https://openalex.org/W7119310119,,¿Hay algún tipo de participación real en Aristóteles?,2024,article,0,Thomas Rego,Finis Terrae University,OpenAlex no le asigna DOI: no se puede afirmar que falte,V2-26_obra_institucional_fuera_del_universo,media,"OpenAlex la atribuye a la institución y el universo no la tiene; puede ser producción fuera de Scopus, una atribución errónea, o un tipo documental excluido a propósito",PENDIENTE_REVISION_HUMANA,2026-08-26
https://openalex.org/W7123609351,10.5281/zenodo.18231714,"What Is ""Zone 2 Training""?: Experts' Viewpoint on Definition, Training Methods, and Expected Adaptations",2025,article,0,Iñigo Mujika,Finis Terrae University,"con DOI, y ese DOI no está en el universo",V2-26_obra_institucional_fuera_del_universo,media,"OpenAlex la atribuye a la institución y el universo no la tiene; puede ser producción fuera de Scopus, una atribución errónea, o un tipo documental excluido a propósito",PENDIENTE_REVISION_HUMANA,2026-08-26
https://openalex.org/W7123656127,10.5281/zenodo.18231713,"What Is ""Zone 2 Training""?: Experts' Viewpoint on Definition, Training Methods, and Expected Adaptations",2025,article,0,Iñigo Mujika,Finis Terrae University,"con DOI, y ese DOI no está en el universo",V2-26_obra_institucional_fuera_del_universo,media,"OpenAlex la atribuye a la institución y el universo no la tiene; puede ser producción fuera de Scopus, una atribución errónea, o un tipo documental excluido a propósito",PENDIENTE_REVISION_HUMANA,2026-08-26
https://openalex.org/W7124918947,10.35951/v7i2.257,Análisis lírico-visual y frecuencias léxicas en la música urbana: una propuesta metodológica para el estudio de narrativas audiovisuales,2025,article,0,Paz Crisóstomo,Finis Terrae University,"con DOI, y ese DOI no está en el universo",V2-26_obra_institucional_fuera_del_universo,media,"OpenAlex la atribuye a la institución y el universo no la tiene; puede ser producción fuera de Scopus, una atribución errónea, o un tipo documental excluido a propósito",PENDIENTE_REVISION_HUMANA,2026-08-26
https://openalex.org/W7125820844,10.30827/rl.v0i36.34135,"Sobre Allende en la Argentina. Intelectuales, prensa y edición entre lo local y lo global (1970-1976)",2025,article,0,Sebastián Hernández Toledo,Finis Terrae University,"con DOI, y ese DOI no está en el universo",V2-26_obra_institucional_fuera_del_universo,media,"OpenAlex la atribuye a la institución y el universo no la tiene; puede ser producción fuera de Scopus, una atribución errónea, o un tipo documental excluido a propósito",PENDIENTE_REVISION_HUMANA,2026-08-26
https://openalex.org/W7125901761,10.53689/ea.v17i2.296,La invención de una tradición: Periodificación preliminar para un programa de investigación histórica de la murga en Chile. Siglos XIX-XXI,2025,article,0,Luis Thielemann H,Finis Terrae University,"con DOI, y ese DOI no está en el universo",V2-26_obra_institucional_fuera_del_universo,media,"OpenAlex la atribuye a la institución y el universo no la tiene; puede ser producción fuera de Scopus, una atribución errónea, o un tipo documental excluido a propósito",PENDIENTE_REVISION_HUMANA,2026-08-26
https://openalex.org/W7131858242,10.1590/rbce.47.e20240115,The bouncing mechanics of an olympic runner: a case report,2025,article,0,Karla Echeverría; Jorge Cancino,Finis Terrae University,"con DOI, y ese DOI no está en el universo",V2-26_obra_institucional_fuera_del_universo,media,"OpenAlex la atribuye a la institución y el universo no la tiene; puede ser producción fuera de Scopus, una atribución errónea, o un tipo documental excluido a propósito",PENDIENTE_REVISION_HUMANA,2026-08-26
https://openalex.org/W7132945509,,Historia y reflexión de una living contradiction de una formadora de profesores de matemáticas,2025,article,0,Paulina Serri,Finis Terrae University,OpenAlex no le asigna DOI: no se puede afirmar que falte,V2-26_obra_institucional_fuera_del_universo,media,"OpenAlex la atribuye a la institución y el universo no la tiene; puede ser producción fuera de Scopus, una atribución errónea, o un tipo documental excluido a propósito",PENDIENTE_REVISION_HUMANA,2026-08-26
https://openalex.org/W7133741286,10.4067/s0719-53892025000200157,LA CONSTRUCCIÓN MEDIÁTICA DEL MÚSICO URBANO ADECUADO: EL CASO DE NICKLA 12,2025,article,0,Arturo Figueroa Bustos,Finis Terrae University,"con DOI, y ese DOI no está en el universo",V2-26_obra_institucional_fuera_del_universo,media,"OpenAlex la atribuye a la institución y el universo no la tiene; puede ser producción fuera de Scopus, una atribución errónea, o un tipo documental excluido a propósito",PENDIENTE_REVISION_HUMANA,2026-08-26
https://openalex.org/W7154458846,10.5281/zenodo.18774255,The Platypuses of Art: Unclassifiable Practices and a Media Archive in Chile,2025,conference-paper,0,Valentina Montero,Finis Terrae University,"con DOI, y ese DOI no está en el universo",V2-26_obra_institucional_fuera_del_universo,media,"OpenAlex la atribuye a la institución y el universo no la tiene; puede ser producción fuera de Scopus, una atribución errónea, o un tipo documental excluido a propósito",PENDIENTE_REVISION_HUMANA,2026-08-26
https://openalex.org/W7154507754,10.5281/zenodo.18774256,The Platypuses of Art: Unclassifiable Practices and a Media Archive in Chile,2025,conference-paper,0,Valentina Montero,Finis Terrae University,"con DOI, y ese DOI no está en el universo",V2-26_obra_institucional_fuera_del_universo,media,"OpenAlex la atribuye a la institución y el universo no la tiene; puede ser producción fuera de Scopus, una atribución errónea, o un tipo documental excluido a propósito",PENDIENTE_REVISION_HUMANA,2026-08-26
https://openalex.org/W7154616572,10.51698/tripodos.2025.58.08,The Russian Invasion of Ukraine from the Infotainment Perspective: Analysis of the Coverage by Spanish Television,2025,article,0,Paz Crisóstomo Flores,Finis Terrae University,"con DOI, y ese DOI no está en el universo",V2-26_obra_institucional_fuera_del_universo,media,"OpenAlex la atribuye a la institución y el universo no la tiene; puede ser producción fuera de Scopus, una atribución errónea, o un tipo documental excluido a propósito",PENDIENTE_REVISION_HUMANA,2026-08-26
https://openalex.org/W7155575327,,"Aunque nos digan. Racismo, clasismo y el equipomás querido de Chile",2024,article,0,Aldo Nicolás Maldonado Oyarzo,Finis Terrae University,OpenAlex no le asigna DOI: no se puede afirmar que falte,V2-26_obra_institucional_fuera_del_universo,media,"OpenAlex la atribuye a la institución y el universo no la tiene; puede ser producción fuera de Scopus, una atribución errónea, o un tipo documental excluido a propósito",PENDIENTE_REVISION_HUMANA,2026-08-26
https://openalex.org/W7155576755,,El cuidado como amistad desde la Ética a Nicómaco,2025,article,0,Bárbara Symmes Avendaño,Finis Terrae University,OpenAlex no le asigna DOI: no se puede afirmar que falte,V2-26_obra_institucional_fuera_del_universo,media,"OpenAlex la atribuye a la institución y el universo no la tiene; puede ser producción fuera de Scopus, una atribución errónea, o un tipo documental excluido a propósito",PENDIENTE_REVISION_HUMANA,2026-08-26
https://openalex.org/W7155577903,,El derecho del niño a ser oído en procesos sobre aplicación de medidas de protección: Propuestas para Chile,2025,article,0,Simona Canepa Aravena,Finis Terrae University,OpenAlex no le asigna DOI: no se puede afirmar que falte,V2-26_obra_institucional_fuera_del_universo,media,"OpenAlex la atribuye a la institución y el universo no la tiene; puede ser producción fuera de Scopus, una atribución errónea, o un tipo documental excluido a propósito",PENDIENTE_REVISION_HUMANA,2026-08-26
https://openalex.org/W7155578545,,Más allá del efecto escuela: una nueva perspectiva sobre el habitus institucional,2025,article,0,Carolina Álvarez Valdés,Finis Terrae University,OpenAlex no le asigna DOI: no se puede afirmar que falte,V2-26_obra_institucional_fuera_del_universo,media,"OpenAlex la atribuye a la institución y el universo no la tiene; puede ser producción fuera de Scopus, una atribución errónea, o un tipo documental excluido a propósito",PENDIENTE_REVISION_HUMANA,2026-08-26
https://openalex.org/W7155578816,,Vacunación y salud pública: el aporte de las Unidades Sanitarias al control de la difteria en Chile (1943-1952),2025,article,0,Paula Caffarena Barcenilla,Finis Terrae University,OpenAlex no le asigna DOI: no se puede afirmar que falte,V2-26_obra_institucional_fuera_del_universo,media,"OpenAlex la atribuye a la institución y el universo no la tiene; puede ser producción fuera de Scopus, una atribución errónea, o un tipo documental excluido a propósito",PENDIENTE_REVISION_HUMANA,2026-08-26
https://openalex.org/W7155578978,,"“Habiendo visto presumido el patíbulo esta ciudad ayer, le vean en el altar hoy”: el caso de la ordenación del presbítero Gerónimo de Fuenzalida y Guzmán",2025,article,0,Macarena Sánchez,Finis Terrae University,OpenAlex no le asigna DOI: no se puede afirmar que falte,V2-26_obra_institucional_fuera_del_universo,media,"OpenAlex la atribuye a la institución y el universo no la tiene; puede ser producción fuera de Scopus, una atribución errónea, o un tipo documental excluido a propósito",PENDIENTE_REVISION_HUMANA,2026-08-26
https://openalex.org/W7155579583,,Miradas de docentes en formación a la revuelta de octubre de 2019 en Chile,2025,article,0,Sebastián Escobar González,Finis Terrae University,OpenAlex no le asigna DOI: no se puede afirmar que falte,V2-26_obra_institucional_fuera_del_universo,media,"OpenAlex la atribuye a la institución y el universo no la tiene; puede ser producción fuera de Scopus, una atribución errónea, o un tipo documental excluido a propósito",PENDIENTE_REVISION_HUMANA,2026-08-26
https://openalex.org/W7155579604,,Reducción de brechas diagnósticas: Consenso chileno sobre poligrafía respiratoria en niños con sospecha de trastornos respiratorios del sueñoa,2025,article,0,Franz Farbinger P.,Finis Terrae University,OpenAlex no le asigna DOI: no se puede afirmar que falte,V2-26_obra_institucional_fuera_del_universo,media,"OpenAlex la atribuye a la institución y el universo no la tiene; puede ser producción fuera de Scopus, una atribución errónea, o un tipo documental excluido a propósito",PENDIENTE_REVISION_HUMANA,2026-08-26
https://openalex.org/W7155579747,,Prevalencia y tratamiento de la enfermedad pulmonar obstructiva crónica en adultos: Análisis de datos de la Encuesta Nacional de Salud Chile,2024,article,0,Jorge Dreyse D.,Finis Terrae University,OpenAlex no le asigna DOI: no se puede afirmar que falte,V2-26_obra_institucional_fuera_del_universo,media,"OpenAlex la atribuye a la institución y el universo no la tiene; puede ser producción fuera de Scopus, una atribución errónea, o un tipo documental excluido a propósito",PENDIENTE_REVISION_HUMANA,2026-08-26
https://openalex.org/W7155583157,,"Reabsorción radicular en premolares, posterior a ortodoncia de autoligado, utilizando tomografía computarizada.",2025,article,0,Rodrigo Quiroga-Del Pozo,Finis Terrae University,OpenAlex no le asigna DOI: no se puede afirmar que falte,V2-26_obra_institucional_fuera_del_universo,media,"OpenAlex la atribuye a la institución y el universo no la tiene; puede ser producción fuera de Scopus, una atribución errónea, o un tipo documental excluido a propósito",PENDIENTE_REVISION_HUMANA,2026-08-26
https://openalex.org/W7155583876,,Tratamiento de obesidad: recomendaciones de Rama de Nutrición de la Sociedad Chilena de Pediatría,2025,article,0,Paulo Valderrama Erazo,Finis Terrae University,OpenAlex no le asigna DOI: no se puede afirmar que falte,V2-26_obra_institucional_fuera_del_universo,media,"OpenAlex la atribuye a la institución y el universo no la tiene; puede ser producción fuera de Scopus, una atribución errónea, o un tipo documental excluido a propósito",PENDIENTE_REVISION_HUMANA,2026-08-26
https://openalex.org/W7155583892,,Criterios para denominar a un establecimiento de salud como asistencial docente: análisis de normativas y prácticas internacionales,2024,article,0,Abdul Hernández Cortina; Mauricio Soto-Suazo,Finis Terrae University,OpenAlex no le asigna DOI: no se puede afirmar que falte,V2-26_obra_institucional_fuera_del_universo,media,"OpenAlex la atribuye a la institución y el universo no la tiene; puede ser producción fuera de Scopus, una atribución errónea, o un tipo documental excluido a propósito",PENDIENTE_REVISION_HUMANA,2026-08-26
https://openalex.org/W7155584920,,"ESCRIBIR, INTERCAMBIAR, PUBLICAR: VARIABLE PIECE #4: SECRETS (1970) DE DOUGLAS HUEBLER Y SECRETO (2016-2020) DE MARÍA P. VILA",2025,article,0,Megumi Kobayashi Andrade,Finis Terrae University,OpenAlex no le asigna DOI: no se puede afirmar que falte,V2-26_obra_institucional_fuera_del_universo,media,"OpenAlex la atribuye a la institución y el universo no la tiene; puede ser producción fuera de Scopus, una atribución errónea, o un tipo documental excluido a propósito",PENDIENTE_REVISION_HUMANA,2026-08-26
https://openalex.org/W7155585175,,Recomendaciones prácticas para el manejo nutricional de la enfermedad renal crónica en etapas 3 a 5 con y sin diálisis para adultos y personas mayores en Chile,2025,article,0,Caterina Tiscornia; Fabián Vásquez,Finis Terrae University,OpenAlex no le asigna DOI: no se puede afirmar que falte,V2-26_obra_institucional_fuera_del_universo,media,"OpenAlex la atribuye a la institución y el universo no la tiene; puede ser producción fuera de Scopus, una atribución errónea, o un tipo documental excluido a propósito",PENDIENTE_REVISION_HUMANA,2026-08-26
https://openalex.org/W7155587042,,Transformando la enseñanza de la reflexión en la formación inicial docente: un programa para tutores de prácticas,2025,article,0,Carolina Álvarez Valdés,Finis Terrae University,OpenAlex no le asigna DOI: no se puede afirmar que falte,V2-26_obra_institucional_fuera_del_universo,media,"OpenAlex la atribuye a la institución y el universo no la tiene; puede ser producción fuera de Scopus, una atribución errónea, o un tipo documental excluido a propósito",PENDIENTE_REVISION_HUMANA,2026-08-26
https://openalex.org/W7155587044,,¿A qué “evidencia” se refiere la Medicina Basada en la Evidencia (MBE)?,2024,article,0,Karina Ordóñez Torres,Finis Terrae University,OpenAlex no le asigna DOI: no se puede afirmar que falte,V2-26_obra_institucional_fuera_del_universo,media,"OpenAlex la atribuye a la institución y el universo no la tiene; puede ser producción fuera de Scopus, una atribución errónea, o un tipo documental excluido a propósito",PENDIENTE_REVISION_HUMANA,2026-08-26
https://openalex.org/W7155587371,,"El movimiento sindical chileno frente al peronismo: El caso de ATLAS, 1952-1955",2025,article,0,Luis Thielemann,Finis Terrae University,OpenAlex no le asigna DOI: no se puede afirmar que falte,V2-26_obra_institucional_fuera_del_universo,media,"OpenAlex la atribuye a la institución y el universo no la tiene; puede ser producción fuera de Scopus, una atribución errónea, o un tipo documental excluido a propósito",PENDIENTE_REVISION_HUMANA,2026-08-26
https://openalex.org/W7155587504,,Configuración jurídica de los humedales en la jurisprudencia ordinaria de la Corte Suprema: Un análisis a través del recurso de protección (2018-2022) y el impacto de la orden de paralizar en la ejecución de proyectos inmobiliarios,2024,article,0,Felipe Pavez Torrealba,Finis Terrae University,OpenAlex no le asigna DOI: no se puede afirmar que falte,V2-26_obra_institucional_fuera_del_universo,media,"OpenAlex la atribuye a la institución y el universo no la tiene; puede ser producción fuera de Scopus, una atribución errónea, o un tipo documental excluido a propósito",PENDIENTE_REVISION_HUMANA,2026-08-26
https://openalex.org/W7155587932,,“LOS REYES DE LA PIRATERÍA EDITORIAL”. La POLÉMICA POR LOS DERECHOS DE AUTOR ENTRE ErCILLA Y SUR (1936-1938),2024,article,0,SEBASTIÁN HERNÁNDEZ TOLEDO,Finis Terrae University,OpenAlex no le asigna DOI: no se puede afirmar que falte,V2-26_obra_institucional_fuera_del_universo,media,"OpenAlex la atribuye a la institución y el universo no la tiene; puede ser producción fuera de Scopus, una atribución errónea, o un tipo documental excluido a propósito",PENDIENTE_REVISION_HUMANA,2026-08-26
https://openalex.org/W7155589467,,Hipofosfatemia en UCI. No todo es síndrome de realimentación,2025,article,0,Marco Reyes,Finis Terrae University,OpenAlex no le asigna DOI: no se puede afirmar que falte,V2-26_obra_institucional_fuera_del_universo,media,"OpenAlex la atribuye a la institución y el universo no la tiene; puede ser producción fuera de Scopus, una atribución errónea, o un tipo documental excluido a propósito",PENDIENTE_REVISION_HUMANA,2026-08-26
https://openalex.org/W7155590727,,Historia y reflexión de una living contradiction de una formadora de profesores de matemáticas,2025,article,0,Paulina Serri Cares,Finis Terrae University,OpenAlex no le asigna DOI: no se puede afirmar que falte,V2-26_obra_institucional_fuera_del_universo,media,"OpenAlex la atribuye a la institución y el universo no la tiene; puede ser producción fuera de Scopus, una atribución errónea, o un tipo documental excluido a propósito",PENDIENTE_REVISION_HUMANA,2026-08-26
https://openalex.org/W7155592010,,Las aspiraciones importan. Una revisión conceptual para el estudio de las juventudes,2025,article,0,Ismael Tabilo Prieto; Carolina Álvarez Valdés,Finis Terrae University,OpenAlex no le asigna DOI: no se puede afirmar que falte,V2-26_obra_institucional_fuera_del_universo,media,"OpenAlex la atribuye a la institución y el universo no la tiene; puede ser producción fuera de Scopus, una atribución errónea, o un tipo documental excluido a propósito",PENDIENTE_REVISION_HUMANA,2026-08-26
https://openalex.org/W7155592021,,"Entre la sana crítica y la calificación jurídica: nuevos límites del recurso de nulidad en casos de tutela por acoso laboral a la luz de los artículos 2 letra b), 211-e y 478 letras b) y c) del Código del Trabajo",2025,article,0,Lucía María Debesa Arregui,Finis Terrae University,OpenAlex no le asigna DOI: no se puede afirmar que falte,V2-26_obra_institucional_fuera_del_universo,media,"OpenAlex la atribuye a la institución y el universo no la tiene; puede ser producción fuera de Scopus, una atribución errónea, o un tipo documental excluido a propósito",PENDIENTE_REVISION_HUMANA,2026-08-26
https://openalex.org/W7155594440,,LA CONSTRUCCIÓN MEDIÁTICA DEL MÚSICO URBANO ADECUADO: EL CASO DE NICKLA 12,2025,article,0,Arturo Figueroa Bustos,Finis Terrae University,OpenAlex no le asigna DOI: no se puede afirmar que falte,V2-26_obra_institucional_fuera_del_universo,media,"OpenAlex la atribuye a la institución y el universo no la tiene; puede ser producción fuera de Scopus, una atribución errónea, o un tipo documental excluido a propósito",PENDIENTE_REVISION_HUMANA,2026-08-26
https://openalex.org/W7155597764,,"Muerte súbita cardíaca: Análisis de tendencia según sexo y edad, Chile 2010 a 2020",2025,article,0,Paulo Valderrama,Finis Terrae University,OpenAlex no le asigna DOI: no se puede afirmar que falte,V2-26_obra_institucional_fuera_del_universo,media,"OpenAlex la atribuye a la institución y el universo no la tiene; puede ser producción fuera de Scopus, una atribución errónea, o un tipo documental excluido a propósito",PENDIENTE_REVISION_HUMANA,2026-08-26
https://openalex.org/W7162659178,10.52611/rdpi.num26.2025.1327,El concepto de función correctiva de la buena fe y su recepción por la jurisprudencia chilena,2025,article,0,Arturo Alejandro Salazar Santander,Finis Terrae University,"con DOI, y ese DOI no está en el universo",V2-26_obra_institucional_fuera_del_universo,media,"OpenAlex la atribuye a la institución y el universo no la tiene; puede ser producción fuera de Scopus, una atribución errónea, o un tipo documental excluido a propósito",PENDIENTE_REVISION_HUMANA,2026-08-26
https://openalex.org/W7165918006,10.32629/ameir.v2i4.2815,"Pelvic Actinomycosis, Importance of a Suspected Diagnosis and Clinical Follow-up: A Case Report",2024,article,0,Antonia Fontana Ostornol; Josefina Calvo Cruzat; Pablo Sandoval González,Finis Terrae University,"con DOI, y ese DOI no está en el universo",V2-26_obra_institucional_fuera_del_universo,media,"OpenAlex la atribuye a la institución y el universo no la tiene; puede ser producción fuera de Scopus, una atribución errónea, o un tipo documental excluido a propósito",PENDIENTE_REVISION_HUMANA,2026-08-26
https://openalex.org/W7169476835,,The order of the internal senses in Saint Thomas,2024,article,0,Hernán Muszalski,Finis Terrae University,OpenAlex no le asigna DOI: no se puede afirmar que falte,V2-26_obra_institucional_fuera_del_universo,media,"OpenAlex la atribuye a la institución y el universo no la tiene; puede ser producción fuera de Scopus, una atribución errónea, o un tipo documental excluido a propósito",PENDIENTE_REVISION_HUMANA,2026-08-26
https://openalex.org/W7171518179,10.5281/zenodo.21649137,Diagnóstico diferencial entre crisis epiléptica y crisis histérica.,2023,article,0,Christian Schnake Ferrer,Finis Terrae University,"con DOI, y ese DOI no está en el universo",V2-26_obra_institucional_fuera_del_universo,media,"OpenAlex la atribuye a la institución y el universo no la tiene; puede ser producción fuera de Scopus, una atribución errónea, o un tipo documental excluido a propósito",PENDIENTE_REVISION_HUMANA,2026-08-26
https://openalex.org/W7171532298,10.5281/zenodo.21649138,Diagnóstico diferencial entre crisis epiléptica y crisis histérica.,2023,article,0,Christian Schnake Ferrer,Finis Terrae University,"con DOI, y ese DOI no está en el universo",V2-26_obra_institucional_fuera_del_universo,media,"OpenAlex la atribuye a la institución y el universo no la tiene; puede ser producción fuera de Scopus, una atribución errónea, o un tipo documental excluido a propósito",PENDIENTE_REVISION_HUMANA,2026-08-26
